source_id,equation,remaining_targets,row_remaining_false_count,row_false_count,row_truth_rate,source_size,source_depth,source_var_count,source_skeleton,source_canonical,dominant_motif,dominant_motif_count,motif_entropy,dominant_constructor_pressure,constructor_pressure_count,constructor_pressure_entropy,residual_zero_rate,mean_obstruction_score,max_obstruction_score,example_pairs
1479,x = (y ◇ x) ◇ (x ◇ (x ◇ z)),4688,4688,4688,0.0012782275244993609,10,4,3,V=((V*V)*(V*(V*V))),a=((b*a)*(a*(a*c))),residue_zero|mixed_residual_geometry|source_ultra_specific|target_mid|near_equal,2801,1.5026722157881516,needs_new_semantic_universe_or_higher_carrier,4688,0.0,1.0,18.57266125124931,22.808903470314213,1479->1|1479->2|1479->3|1479->4|1479->5|1479->6|1479->7|1479->8|1479->9|1479->10|1479->11|1479->12|1479->13|1479->14|1479->15|1479->16|1479->17|1479->18|1479->19|1479->20|1479->21|1479->22|1479->23|1479->24|1479->25
1485,x = (y ◇ x) ◇ (x ◇ (z ◇ z)),4688,4688,4688,0.0012782275244993609,10,4,3,V=((V*V)*(V*(V*V))),a=((b*a)*(a*(c*c))),residue_zero|mixed_residual_geometry|source_ultra_specific|target_mid|near_equal,2801,1.5026722157881516,needs_new_semantic_universe_or_higher_carrier,4688,0.0,1.0,18.572700142366372,22.808903470314213,1485->1|1485->2|1485->3|1485->4|1485->5|1485->6|1485->7|1485->8|1485->9|1485->10|1485->11|1485->12|1485->13|1485->14|1485->15|1485->16|1485->17|1485->18|1485->19|1485->20|1485->21|1485->22|1485->23|1485->24|1485->25
2088,x = ((y ◇ x) ◇ x) ◇ (x ◇ z),4688,4688,4688,0.0012782275244993609,10,4,3,V=(((V*V)*V)*(V*V)),a=(((b*a)*a)*(a*c)),residue_zero|mixed_residual_geometry|source_ultra_specific|target_mid|near_equal,2801,1.5026722157881516,needs_new_semantic_universe_or_higher_carrier,4688,0.0,1.0,18.572708850129715,22.808903470314213,2088->1|2088->2|2088->3|2088->4|2088->5|2088->6|2088->7|2088->8|2088->9|2088->10|2088->11|2088->12|2088->13|2088->14|2088->15|2088->16|2088->17|2088->18|2088->19|2088->20|2088->21|2088->22|2088->23|2088->24|2088->25
2125,x = ((y ◇ y) ◇ x) ◇ (x ◇ z),4688,4688,4688,0.0012782275244993609,10,4,3,V=(((V*V)*V)*(V*V)),a=(((b*b)*a)*(a*c)),residue_zero|mixed_residual_geometry|source_ultra_specific|target_mid|near_equal,2801,1.5026722157881516,needs_new_semantic_universe_or_higher_carrier,4688,0.0,1.0,18.572731324642437,22.808903470314213,2125->1|2125->2|2125->3|2125->4|2125->5|2125->6|2125->7|2125->8|2125->9|2125->10|2125->11|2125->12|2125->13|2125->14|2125->15|2125->16|2125->17|2125->18|2125->19|2125->20|2125->21|2125->22|2125->23|2125->24|2125->25
1486,x = (y ◇ x) ◇ (x ◇ (z ◇ w)),4648,4648,4648,0.0097997443544951,10,4,4,V=((V*V)*(V*(V*V))),a=((b*a)*(a*(c*d))),residue_zero|mixed_residual_geometry|source_ultra_specific|target_mid|near_equal,3250,1.5005226225664507,needs_new_semantic_universe_or_higher_carrier,4648,0.0,1.0,18.604200841683557,22.796052674215712,1486->1|1486->2|1486->3|1486->4|1486->5|1486->6|1486->7|1486->8|1486->9|1486->10|1486->11|1486->12|1486->13|1486->14|1486->15|1486->16|1486->17|1486->18|1486->19|1486->20|1486->21|1486->22|1486->23|1486->24|1486->25
2163,x = ((y ◇ z) ◇ x) ◇ (x ◇ w),4648,4648,4648,0.0097997443544951,10,4,4,V=(((V*V)*V)*(V*V)),a=(((b*c)*a)*(a*d)),residue_zero|mixed_residual_geometry|source_ultra_specific|target_mid|near_equal,3250,1.5005226225664507,needs_new_semantic_universe_or_higher_carrier,4648,0.0,1.0,18.604200841683557,22.796052674215712,2163->1|2163->2|2163->3|2163->4|2163->5|2163->6|2163->7|2163->8|2163->9|2163->10|2163->11|2163->12|2163->13|2163->14|2163->15|2163->16|2163->17|2163->18|2163->19|2163->20|2163->21|2163->22|2163->23|2163->24|2163->25
167,x = (y ◇ x) ◇ (x ◇ z),4648,4648,4648,0.0097997443544951,8,3,3,V=((V*V)*(V*V)),a=((b*a)*(a*c)),residue_zero|target_deepening|source_ultra_specific|target_mid|target_larger,1624,2.3552415908235913,needs_new_semantic_universe_or_higher_carrier,4648,0.0,1.0,19.752350583507994,22.777246426632132,167->1|167->2|167->3|167->4|167->5|167->6|167->7|167->8|167->9|167->10|167->11|167->12|167->13|167->14|167->15|167->16|167->17|167->18|167->19|167->20|167->21|167->22|167->23|167->24|167->25
645,x = x ◇ (y ◇ ((y ◇ z) ◇ y)),1206,1206,4686,0.0017043033659991478,10,5,3,V=(V*(V*((V*V)*V))),a=(a*(b*((b*c)*b))),residue_zero|mixed_residual_geometry|source_ultra_specific|target_mid|near_equal,782,1.6219090390114734,needs_new_semantic_universe_or_higher_carrier,1206,0.0,1.0,16.952594931547203,20.46642855388608,645->2|645->3|645->7|645->8|645->9|645->10|645->11|645->22|645->23|645->24|645->25|645->26|645->37|645->41|645->47|645->48|645->49|645->50|645->51|645->52|645->53|645->54|645->56|645->57|645->58
2993,x = ((y ◇ (z ◇ y)) ◇ y) ◇ x,1206,1206,4686,0.0017043033659991478,10,5,3,V=(((V*(V*V))*V)*V),a=(((b*(c*b))*b)*a),residue_zero|mixed_residual_geometry|source_ultra_specific|target_mid|near_equal,782,1.6219090390114734,needs_new_semantic_universe_or_higher_carrier,1206,0.0,1.0,17.000066211299846,20.46642855388608,2993->2|2993->4|2993->7|2993->9|2993->12|2993->15|2993->18|2993->22|2993->24|2993->27|2993->30|2993->33|2993->38|2993->44|2993->46|2993->48|2993->51|2993->54|2993->57|2993->61|2993->64|2993->67|2993->71|2993->74|2993->77
1367,x = y ◇ (((z ◇ y) ◇ x) ◇ z),647,647,4678,0.0034086067319982955,10,5,3,V=(V*(((V*V)*V)*V)),a=(b*(((c*b)*a)*c)),residue_zero|mixed_residual_geometry|source_ultra_specific|target_mid|near_equal,297,1.6850759076396702,needs_new_semantic_universe_or_higher_carrier,647,0.0,1.0,16.579314847370117,19.567498534298732,1367->7|1367->10|1367->13|1367->15|1367->22|1367->25|1367->28|1367->30|1367->39|1367->42|1367->410|1367->413|1367->416|1367->418|1367->426|1367->428|1367->435|1367->439|1367->443|1367->451|1367->454|1367->463|1367->465|1367->472|1367->476
2315,x = (y ◇ (x ◇ (z ◇ y))) ◇ z,647,647,4678,0.0034086067319982955,10,5,3,V=((V*(V*(V*V)))*V),a=((b*(a*(c*b)))*c),residue_zero|mixed_residual_geometry|source_ultra_specific|target_mid|near_equal,297,1.6850759076396702,needs_new_semantic_universe_or_higher_carrier,647,0.0,1.0,16.579376327431635,19.567498534298732,2315->7|2315->10|2315->13|2315->15|2315->22|2315->25|2315->28|2315->30|2315->39|2315->42|2315->410|2315->413|2315->416|2315->418|2315->426|2315->428|2315->435|2315->439|2315->443|2315->451|2315->454|2315->463|2315->465|2315->472|2315->476
897,x = y ◇ ((x ◇ z) ◇ (z ◇ y)),647,647,4678,0.0034086067319982955,10,4,3,V=(V*((V*V)*(V*V))),a=(b*((a*c)*(c*b))),residue_zero|mixed_residual_geometry|source_ultra_specific|target_mid|near_equal,297,1.6850759076396702,needs_new_semantic_universe_or_higher_carrier,647,0.0,1.0,16.492282046133333,19.21749853429873,897->7|897->10|897->13|897->15|897->22|897->25|897->28|897->30|897->39|897->42|897->410|897->413|897->416|897->418|897->426|897->428|897->435|897->439|897->443|897->451|897->454|897->463|897->465|897->472|897->476
1586,x = (y ◇ z) ◇ (z ◇ (x ◇ y)),647,647,4678,0.0034086067319982955,10,4,3,V=((V*V)*(V*(V*V))),a=((b*c)*(c*(a*b))),residue_zero|mixed_residual_geometry|source_ultra_specific|target_mid|near_equal,297,1.6850759076396702,needs_new_semantic_universe_or_higher_carrier,647,0.0,1.0,16.49222056607182,19.21749853429873,1586->7|1586->10|1586->13|1586->15|1586->22|1586->25|1586->28|1586->30|1586->39|1586->42|1586->410|1586->413|1586->416|1586->418|1586->426|1586->428|1586->435|1586->439|1586->443|1586->451|1586->454|1586->463|1586->465|1586->472|1586->476
2115,x = ((y ◇ x) ◇ z) ◇ (z ◇ y),647,647,4678,0.0034086067319982955,10,4,3,V=(((V*V)*V)*(V*V)),a=(((b*a)*c)*(c*b)),residue_zero|mixed_residual_geometry|source_ultra_specific|target_mid|near_equal,297,1.6850759076396702,needs_new_semantic_universe_or_higher_carrier,647,0.0,1.0,16.492282046133333,19.21749853429873,2115->7|2115->10|2115->13|2115->15|2115->22|2115->25|2115->28|2115->30|2115->39|2115->42|2115->410|2115->413|2115->416|2115->418|2115->426|2115->428|2115->435|2115->439|2115->443|2115->451|2115->454|2115->463|2115->465|2115->472|2115->476
2804,x = ((y ◇ z) ◇ (z ◇ x)) ◇ y,647,647,4678,0.0034086067319982955,10,4,3,V=(((V*V)*(V*V))*V),a=(((b*c)*(c*a))*b),residue_zero|mixed_residual_geometry|source_ultra_specific|target_mid|near_equal,297,1.6850759076396702,needs_new_semantic_universe_or_higher_carrier,647,0.0,1.0,16.49222056607182,19.21749853429873,2804->7|2804->10|2804->13|2804->15|2804->22|2804->25|2804->28|2804->30|2804->39|2804->42|2804->410|2804->413|2804->416|2804->418|2804->426|2804->428|2804->435|2804->439|2804->443|2804->451|2804->454|2804->463|2804->465|2804->472|2804->476
694,x = y ◇ (x ◇ ((z ◇ z) ◇ y)),592,592,4623,0.015125692373242437,10,5,3,V=(V*(V*((V*V)*V))),a=(b*(a*((c*c)*b))),residue_zero|mixed_residual_geometry|source_ultra_specific|target_mid|near_equal,285,1.634287136954921,needs_new_semantic_universe_or_higher_carrier,592,0.0,1.0,16.445280086693913,19.434454088266907,694->7|694->10|694->13|694->15|694->22|694->25|694->28|694->30|694->42|694->416|694->418|694->426|694->428|694->435|694->439|694->443|694->451|694->454|694->463|694->465|694->488|694->491|694->499|694->503|694->507
3007,x = ((y ◇ (z ◇ z)) ◇ x) ◇ y,592,592,4623,0.015125692373242437,10,5,3,V=(((V*(V*V))*V)*V),a=(((b*(c*c))*a)*b),residue_zero|mixed_residual_geometry|source_ultra_specific|target_mid|near_equal,285,1.634287136954921,needs_new_semantic_universe_or_higher_carrier,592,0.0,1.0,16.445280086693913,19.434454088266907,3007->7|3007->10|3007->13|3007->15|3007->22|3007->25|3007->28|3007->30|3007->42|3007->416|3007->418|3007->426|3007->428|3007->435|3007->439|3007->443|3007->451|3007->454|3007->463|3007->465|3007->488|3007->491|3007->499|3007->503|3007->507
1709,x = (y ◇ x) ◇ ((z ◇ z) ◇ y),592,592,4623,0.015125692373242437,10,4,3,V=((V*V)*((V*V)*V)),a=((b*a)*((c*c)*b)),residue_zero|mixed_residual_geometry|source_ultra_specific|target_mid|near_equal,285,1.634287136954921,needs_new_semantic_universe_or_higher_carrier,592,0.0,1.0,16.364874681288505,19.084454088266906,1709->7|1709->10|1709->13|1709->15|1709->22|1709->25|1709->28|1709->30|1709->42|1709->416|1709->418|1709->426|1709->428|1709->435|1709->439|1709->443|1709->451|1709->454|1709->463|1709->465|1709->488|1709->491|1709->499|1709->503|1709->507
1992,x = (y ◇ (z ◇ z)) ◇ (x ◇ y),592,592,4623,0.015125692373242437,10,4,3,V=((V*(V*V))*(V*V)),a=((b*(c*c))*(a*b)),residue_zero|mixed_residual_geometry|source_ultra_specific|target_mid|near_equal,285,1.634287136954921,needs_new_semantic_universe_or_higher_carrier,592,0.0,1.0,16.364874681288505,19.084454088266906,1992->7|1992->10|1992->13|1992->15|1992->22|1992->25|1992->28|1992->30|1992->42|1992->416|1992->418|1992->426|1992->428|1992->435|1992->439|1992->443|1992->451|1992->454|1992->463|1992->465|1992->488|1992->491|1992->499|1992->503|1992->507
1383,x = y ◇ (((z ◇ z) ◇ x) ◇ y),364,364,4395,0.06369833830421814,10,5,3,V=(V*(((V*V)*V)*V)),a=(b*(((c*c)*a)*b)),residue_zero|mixed_residual_geometry|source_specific|target_mid|near_equal,216,1.3375234778807659,needs_new_semantic_universe_or_higher_carrier,364,0.0,1.0,15.714930611017955,18.70650852014406,1383->15|1383->25|1383->42|1383->418|1383->426|1383->454|1383->463|1383->491|1383->499|1383->503|1383->507|1383->510|1383->512|1383->521|1383->527|1383->542|1383->545|1383->555|1383->561|1383->571|1383->574|1383->616|1383->638|1383->646|1383->675
2318,x = (y ◇ (x ◇ (z ◇ z))) ◇ y,364,364,4395,0.06369833830421814,10,5,3,V=((V*(V*(V*V)))*V),a=((b*(a*(c*c)))*b),residue_zero|mixed_residual_geometry|source_specific|target_mid|near_equal,216,1.3375234778807659,needs_new_semantic_universe_or_higher_carrier,364,0.0,1.0,15.714930611017955,18.70650852014406,2318->15|2318->25|2318->42|2318->418|2318->426|2318->454|2318->463|2318->491|2318->499|2318->503|2318->507|2318->510|2318->512|2318->521|2318->527|2318->542|2318->545|2318->555|2318->561|2318->571|2318->574|2318->616|2318->638|2318->646|2318->675
886,x = y ◇ ((x ◇ y) ◇ (z ◇ z)),364,364,4395,0.06369833830421814,10,4,3,V=(V*((V*V)*(V*V))),a=(b*((a*b)*(c*c))),residue_zero|mixed_residual_geometry|source_specific|target_mid|near_equal,216,1.3375234778807659,needs_new_semantic_universe_or_higher_carrier,364,0.0,1.0,15.62646907255642,18.356508520144057,886->15|886->25|886->42|886->418|886->426|886->454|886->463|886->491|886->499|886->503|886->507|886->510|886->512|886->521|886->527|886->542|886->545|886->555|886->561|886->571|886->574|886->616|886->638|886->646|886->675
1536,x = (y ◇ y) ◇ (z ◇ (x ◇ z)),364,364,4395,0.06369833830421814,10,4,3,V=((V*V)*(V*(V*V))),a=((b*b)*(c*(a*c))),residue_zero|mixed_residual_geometry|source_specific|target_mid|near_equal,216,1.3375234778807659,needs_new_semantic_universe_or_higher_carrier,364,0.0,1.0,15.62646907255642,18.356508520144057,1536->15|1536->25|1536->42|1536->418|1536->426|1536->454|1536->463|1536->491|1536->499|1536->503|1536->507|1536->510|1536->512|1536->521|1536->527|1536->542|1536->545|1536->555|1536->561|1536->571|1536->574|1536->616|1536->638|1536->646|1536->675
2104,x = ((y ◇ x) ◇ y) ◇ (z ◇ z),364,364,4395,0.06369833830421814,10,4,3,V=(((V*V)*V)*(V*V)),a=(((b*a)*b)*(c*c)),residue_zero|mixed_residual_geometry|source_specific|target_mid|near_equal,216,1.3375234778807659,needs_new_semantic_universe_or_higher_carrier,364,0.0,1.0,15.62646907255642,18.356508520144057,2104->15|2104->25|2104->42|2104->418|2104->426|2104->454|2104->463|2104->491|2104->499|2104->503|2104->507|2104->510|2104->512|2104->521|2104->527|2104->542|2104->545|2104->555|2104->561|2104->571|2104->574|2104->616|2104->638|2104->646|2104->675
2754,x = ((y ◇ y) ◇ (z ◇ x)) ◇ z,364,364,4395,0.06369833830421814,10,4,3,V=(((V*V)*(V*V))*V),a=(((b*b)*(c*a))*c),residue_zero|mixed_residual_geometry|source_specific|target_mid|near_equal,216,1.3375234778807659,needs_new_semantic_universe_or_higher_carrier,364,0.0,1.0,15.62646907255642,18.356508520144057,2754->15|2754->25|2754->42|2754->418|2754->426|2754->454|2754->463|2754->491|2754->499|2754->503|2754->507|2754->510|2754->512|2754->521|2754->527|2754->542|2754->545|2754->555|2754->561|2754->571|2754->574|2754->616|2754->638|2754->646|2754->675
705,x = y ◇ (y ◇ ((x ◇ y) ◇ x)),344,344,4691,0.0006391137622496804,10,5,2,V=(V*(V*((V*V)*V))),a=(b*(b*((a*b)*a))),residue_zero|new_rhs_variable_pressure|source_ultra_specific|target_mid|near_equal,138,2.0714156223992704,needs_new_semantic_universe_or_higher_carrier,344,0.0,1.0,15.59679508238234,17.955688383443206,705->38|705->44|705->46|705->48|705->51|705->54|705->57|705->61|705->64|705->67|705->71|705->74|705->77|705->81|705->85|705->89|705->93|705->358|705->360|705->363|705->366|705->369|705->374|705->377|705->380
726,x = y ◇ (y ◇ ((z ◇ y) ◇ x)),325,325,4672,0.004686834256497656,10,5,3,V=(V*(V*((V*V)*V))),a=(b*(b*((c*b)*a))),residue_zero|mixed_residual_geometry|source_ultra_specific|target_mid|near_equal,164,1.8038445694907153,needs_new_semantic_universe_or_higher_carrier,325,0.0,1.0,15.403783382171751,17.620717829946226,726->38|726->44|726->46|726->48|726->51|726->54|726->57|726->61|726->64|726->67|726->71|726->74|726->77|726->81|726->85|726->89|726->93|726->358|726->360|726->363|726->366|726->369|726->374|726->377|726->380
963,x = y ◇ ((z ◇ y) ◇ (y ◇ x)),325,325,4672,0.004686834256497656,10,4,3,V=(V*((V*V)*(V*V))),a=(b*((c*b)*(b*a))),residue_zero|mixed_residual_geometry|source_ultra_specific|target_mid|near_equal,164,1.8038445694907153,needs_new_semantic_universe_or_higher_carrier,325,0.0,1.0,15.155014151402519,17.270717829946225,963->38|963->44|963->46|963->48|963->51|963->54|963->57|963->61|963->64|963->67|963->71|963->74|963->77|963->81|963->85|963->89|963->93|963->358|963->360|963->363|963->366|963->369|963->374|963->377|963->380
1593,x = (y ◇ z) ◇ (z ◇ (z ◇ x)),325,325,4672,0.004686834256497656,10,4,3,V=((V*V)*(V*(V*V))),a=((b*c)*(c*(c*a))),residue_zero|mixed_residual_geometry|source_ultra_specific|target_mid|near_equal,164,1.8038445694907153,needs_new_semantic_universe_or_higher_carrier,325,0.0,1.0,15.155014151402519,17.270717829946225,1593->38|1593->44|1593->46|1593->48|1593->51|1593->54|1593->57|1593->61|1593->64|1593->67|1593->71|1593->74|1593->77|1593->81|1593->85|1593->89|1593->93|1593->358|1593->360|1593->363|1593->366|1593->369|1593->374|1593->377|1593->380
3633,x ◇ y = z ◇ ((w ◇ x) ◇ y),286,286,4581,0.024073285044737963,10,4,4,(V*V)=(V*((V*V)*V)),(a*b)=(c*((d*a)*b)),residue_zero|diagonal_pressure_gain|source_ultra_specific|target_mid|near_equal,105,2.7370375675368686,needs_new_semantic_universe_or_higher_carrier,286,0.0,1.0,14.950765455311304,17.232358050030967,3633->38|3633->44|3633->308|3633->314|3633->317|3633->325|3633->328|3633->335|3633->338|3633->346|3633->350|3633->354|3633->360|3633->366|3633->369|3633->377|3633->380|3633->387|3633->390|3633->398|3633->402|3633->406|3633->3254|3633->3260|3633->3263
3932,x ◇ y = (x ◇ (y ◇ z)) ◇ w,286,286,4581,0.024073285044737963,10,4,4,(V*V)=((V*(V*V))*V),(a*b)=((a*(b*c))*d),residue_zero|diagonal_pressure_gain|source_ultra_specific|target_mid|near_equal,105,2.7370375675368686,needs_new_semantic_universe_or_higher_carrier,286,0.0,1.0,14.881061686515409,17.096556508871906,3932->37|3932->41|3932->308|3932->309|3932->310|3932->321|3932->322|3932->323|3932->327|3932->328|3932->329|3932->330|3932->360|3932->361|3932->362|3932->373|3932->374|3932->375|3932->379|3932->380|3932->381|3932->382|3932->3257|3932->3258|3932->3259
475,x = y ◇ (x ◇ (y ◇ (y ◇ x))),225,225,4691,0.0006391137622496804,10,5,2,V=(V*(V*(V*(V*V)))),a=(b*(a*(b*(b*a)))),residue_zero|mixed_residual_geometry|source_ultra_specific|target_general|near_equal,84,2.106973075648095,needs_new_semantic_universe_or_higher_carrier,225,0.0,1.0,15.089352430942627,17.321174256804596,475->38|475->44|475->358|475->360|475->363|475->366|475->369|475->374|475->377|475->380|475->384|475->387|475->390|475->394|475->398|475->402|475->406|475->412|475->415|475->418|475->421|475->425|475->428|475->431|475->435
502,x = y ◇ (y ◇ (x ◇ (y ◇ x))),225,225,4691,0.0006391137622496804,10,5,2,V=(V*(V*(V*(V*V)))),a=(b*(b*(a*(b*a)))),residue_zero|mixed_residual_geometry|source_ultra_specific|target_general|near_equal,84,2.106973075648095,needs_new_semantic_universe_or_higher_carrier,225,0.0,1.0,15.089352430942627,17.321174256804596,502->38|502->44|502->358|502->360|502->363|502->366|502->369|502->374|502->377|502->380|502->384|502->387|502->390|502->394|502->398|502->402|502->406|502->412|502->415|502->418|502->421|502->425|502->428|502->431|502->435
3068,x = (((x ◇ y) ◇ x) ◇ y) ◇ y,225,225,4691,0.0006391137622496804,10,5,2,V=((((V*V)*V)*V)*V),a=((((a*b)*a)*b)*b),residue_zero|mixed_residual_geometry|source_ultra_specific|target_general|near_equal,84,2.106973075648095,needs_new_semantic_universe_or_higher_carrier,225,0.0,1.0,14.986699048890094,17.06985982852369,3068->37|3068->41|3068->306|3068->307|3068->308|3068->309|3068->310|3068->321|3068->322|3068->323|3068->324|3068->325|3068->326|3068->327|3068->328|3068->329|3068->330|3068->3050|3068->3051|3068->3052|3068->3053|3068->3054|3068->3055|3068->3056|3068->3057
3075,x = (((x ◇ y) ◇ y) ◇ x) ◇ y,225,225,4691,0.0006391137622496804,10,5,2,V=((((V*V)*V)*V)*V),a=((((a*b)*b)*a)*b),residue_zero|mixed_residual_geometry|source_ultra_specific|target_general|near_equal,84,2.106973075648095,needs_new_semantic_universe_or_higher_carrier,225,0.0,1.0,14.986699048890094,17.06985982852369,3075->37|3075->41|3075->306|3075->307|3075->308|3075->309|3075->310|3075->321|3075->322|3075->323|3075->324|3075->325|3075->326|3075->327|3075->328|3075->329|3075->330|3075->3050|3075->3051|3075->3052|3075->3053|3075->3054|3075->3055|3075->3056|3075->3057
1075,x = y ◇ ((x ◇ (x ◇ y)) ◇ y),174,174,4691,0.0006391137622496804,10,5,2,V=(V*((V*(V*V))*V)),a=(b*((a*(a*b))*b)),residue_zero|mixed_residual_geometry|source_ultra_specific|target_mid|near_equal,118,1.5207093249425976,needs_new_semantic_universe_or_higher_carrier,174,0.0,1.0,14.651949847395988,17.569767683125054,1075->2|1075->7|1075->22|1075->25|1075->46|1075->64|1075->72|1075->98|1075->101|1075->116|1075->124|1075->150|1075->159|1075->166|1075->202|1075->211|1075->228|1075->254|1075->257|1075->262|1075->306|1075->325|1075->334|1075->358|1075->361
2530,x = (y ◇ ((y ◇ x) ◇ x)) ◇ y,174,174,4691,0.0006391137622496804,10,5,2,V=((V*((V*V)*V))*V),a=((b*((b*a)*a))*b),residue_zero|mixed_residual_geometry|source_ultra_specific|target_mid|near_equal,118,1.5207093249425976,needs_new_semantic_universe_or_higher_carrier,174,0.0,1.0,14.653463107641283,17.569767683125054,2530->2|2530->7|2530->15|2530->22|2530->46|2530->54|2530->71|2530->98|2530->117|2530->126|2530->150|2530->166|2530->178|2530->202|2530->208|2530->221|2530->227|2530->254|2530->260|2530->273|2530->306|2530->314|2530->325|2530->358|2530->374
3619,x ◇ y = z ◇ ((z ◇ y) ◇ x),170,170,4643,0.010864933958244567,10,4,3,(V*V)=(V*((V*V)*V)),(a*b)=(c*((c*b)*a)),residue_zero|mixed_residual_geometry|source_ultra_specific|target_mid|near_equal,65,2.149540543002993,needs_new_semantic_universe_or_higher_carrier,170,0.0,1.0,14.592491548156094,17.21915782452431,3619->39|3619->42|3619->3255|3619->3260|3619->3268|3619->3270|3619->3277|3619->3281|3619->3285|3619->3293|3619->3296|3619->3305|3619->3314|3619->3322|3619->3333|3619->3341|3619->3345|3619->3349|3619->3352|3619->3354|3619->3363|3619->3369|3619->3384|3619->3387|3619->3397
3958,x ◇ y = (y ◇ (x ◇ z)) ◇ z,170,170,4643,0.010864933958244567,10,4,3,(V*V)=((V*(V*V))*V),(a*b)=((b*(a*c))*c),residue_zero|mixed_residual_geometry|source_ultra_specific|target_mid|near_equal,65,2.149540543002993,needs_new_semantic_universe_or_higher_carrier,170,0.0,1.0,14.592491548156094,17.21915782452431,3958->39|3958->42|3958->3255|3958->3260|3958->3268|3958->3270|3958->3277|3958->3281|3958->3285|3958->3293|3958->3296|3958->3305|3958->3314|3958->3322|3958->3333|3958->3341|3958->3345|3958->3349|3958->3352|3958->3354|3958->3363|3958->3369|3958->3384|3958->3387|3958->3397
3775,x ◇ y = (y ◇ z) ◇ (z ◇ x),170,170,4643,0.010864933958244567,10,3,3,(V*V)=((V*V)*(V*V)),(a*b)=((b*c)*(c*a)),residue_zero|mixed_residual_geometry|source_ultra_specific|target_mid|near_equal,65,2.149540543002993,needs_new_semantic_universe_or_higher_carrier,170,0.0,1.0,14.621315077567857,16.86915782452431,3775->39|3775->42|3775->3255|3775->3260|3775->3268|3775->3270|3775->3277|3775->3281|3775->3285|3775->3293|3775->3296|3775->3305|3775->3314|3775->3322|3775->3333|3775->3341|3775->3345|3775->3349|3775->3352|3775->3354|3775->3363|3775->3369|3775->3384|3775->3387|3775->3397
4000,x ◇ y = (z ◇ (x ◇ w)) ◇ y,160,160,4678,0.0034086067319982955,10,4,4,(V*V)=((V*(V*V))*V),(a*b)=((c*(a*d))*b),residue_zero|diagonal_pressure_gain|source_ultra_specific|target_general|near_equal,37,2.775340707068301,needs_new_semantic_universe_or_higher_carrier,160,0.0,1.0,14.531875765951309,16.38274184157295,4000->38|4000->44|4000->358|4000->360|4000->363|4000->366|4000->369|4000->374|4000->377|4000->380|4000->384|4000->387|4000->390|4000->394|4000->398|4000->402|4000->406|4000->3866|4000->3869|4000->3872|4000->3886|4000->3889|4000->3892|4000->3896|4000->3900
3534,x ◇ y = x ◇ ((z ◇ y) ◇ w),160,160,4678,0.0034086067319982955,10,4,4,(V*V)=(V*((V*V)*V)),(a*b)=(a*((c*b)*d)),residue_zero|diagonal_pressure_gain|source_ultra_specific|target_general|near_equal,37,2.775340707068301,needs_new_semantic_universe_or_higher_carrier,160,0.0,1.0,14.395877995183122,16.376052853422152,3534->37|3534->41|3534->306|3534->307|3534->308|3534->309|3534->310|3534->321|3534->322|3534->323|3534->324|3534->325|3534->326|3534->327|3534->328|3534->329|3534->330|3534->3252|3534->3253|3534->3254|3534->3255|3534->3256|3534->3257|3534->3258|3534->3259
3957,x ◇ y = (y ◇ (x ◇ z)) ◇ y,160,160,4678,0.0034086067319982955,10,4,3,(V*V)=((V*(V*V))*V),(a*b)=((b*(a*c))*b),residue_zero|mixed_residual_geometry|source_ultra_specific|target_general|near_equal,74,2.170371351526608,needs_new_semantic_universe_or_higher_carrier,160,0.0,1.0,14.406875765951309,16.21247830537286,3957->38|3957->44|3957->358|3957->360|3957->363|3957->366|3957->369|3957->374|3957->377|3957->380|3957->384|3957->387|3957->390|3957->394|3957->398|3957->402|3957->406|3957->3866|3957->3869|3957->3872|3957->3886|3957->3889|3957->3892|3957->3896|3957->3900
3531,x ◇ y = x ◇ ((z ◇ y) ◇ x),160,160,4678,0.0034086067319982955,10,4,3,(V*V)=(V*((V*V)*V)),(a*b)=(a*((c*b)*a)),residue_zero|mixed_residual_geometry|source_ultra_specific|target_general|near_equal,74,2.170371351526608,needs_new_semantic_universe_or_higher_carrier,160,0.0,1.0,14.270877995183122,16.126052853422152,3531->37|3531->41|3531->306|3531->307|3531->308|3531->309|3531->310|3531->321|3531->322|3531->323|3531->324|3531->325|3531->326|3531->327|3531->328|3531->329|3531->330|3531->3252|3531->3253|3531->3254|3531->3255|3531->3256|3531->3257|3531->3258|3531->3259
1484,x = (y ◇ x) ◇ (x ◇ (z ◇ y)),127,127,4683,0.002343417128248828,10,4,3,V=((V*V)*(V*(V*V))),a=((b*a)*(a*(c*b))),residue_zero|mixed_residual_geometry|source_ultra_specific|target_mid|near_equal,84,1.3723004595246446,needs_new_semantic_universe_or_higher_carrier,127,0.0,1.0,14.092246529799155,16.784707885649745,1484->42|1484->150|1484->151|1484->152|1484->155|1484->165|1484->1426|1484->1428|1484->1429|1484->1434|1484->1441|1484->1443|1484->1444|1484->1445|1484->1447|1484->1480|1484->1482|1484->1628|1484->1630|1484->1633|1484->1636|1484->1637|1484->1639|1484->1646|1484->1653
2161,x = ((y ◇ z) ◇ x) ◇ (x ◇ y),127,127,4683,0.002343417128248828,10,4,3,V=(((V*V)*V)*(V*V)),a=(((b*c)*a)*(a*b)),residue_zero|mixed_residual_geometry|source_ultra_specific|target_mid|near_equal,84,1.3723004595246446,needs_new_semantic_universe_or_higher_carrier,127,0.0,1.0,14.092246529799155,16.784707885649745,2161->42|2161->150|2161->151|2161->152|2161->155|2161->165|2161->1426|2161->1428|2161->1429|2161->1434|2161->1441|2161->1443|2161->1444|2161->1445|2161->1447|2161->1480|2161->1482|2161->1628|2161->1630|2161->1633|2161->1636|2161->1637|2161->1639|2161->1646|2161->1653
1482,x = (y ◇ x) ◇ (x ◇ (y ◇ z)),123,123,4679,0.0031955688112484024,10,4,3,V=((V*V)*(V*(V*V))),a=((b*a)*(a*(b*c))),residue_zero|mixed_residual_geometry|source_ultra_specific|target_mid|near_equal,84,1.3016587017821735,needs_new_semantic_universe_or_higher_carrier,123,0.0,1.0,14.029584827043225,16.737084838177875,1482->42|1482->150|1482->151|1482->152|1482->155|1482->165|1482->1427|1482->1428|1482->1429|1482->1434|1482->1441|1482->1443|1482->1444|1482->1445|1482->1447|1482->1478|1482->1484|1482->1628|1482->1630|1482->1633|1482->1636|1482->1637|1482->1639|1482->1646|1482->1653
2162,x = ((y ◇ z) ◇ x) ◇ (x ◇ z),123,123,4679,0.0031955688112484024,10,4,3,V=(((V*V)*V)*(V*V)),a=(((b*c)*a)*(a*c)),residue_zero|mixed_residual_geometry|source_ultra_specific|target_mid|near_equal,84,1.3016587017821735,needs_new_semantic_universe_or_higher_carrier,123,0.0,1.0,14.029584827043225,16.737084838177875,2162->42|2162->150|2162->151|2162->152|2162->155|2162->165|2162->1427|2162->1428|2162->1429|2162->1434|2162->1441|2162->1443|2162->1444|2162->1445|2162->1447|2162->1478|2162->1484|2162->1628|2162->1630|2162->1633|2162->1636|2162->1637|2162->1639|2162->1646|2162->1653
4580,x ◇ (y ◇ z) = (w ◇ u) ◇ u,111,111,4520,0.03706859821048147,10,3,5,(V*(V*V))=((V*V)*V),(a*(b*c))=((d*e)*e),residue_zero|repeat_pressure|source_ultra_specific|target_mid|near_equal,69,1.504366735010426,needs_new_semantic_universe_or_higher_carrier,111,0.0,1.0,13.681520841031311,15.24658891473924,4580->4380|4580->4381|4580->4385|4580->4387|4580->4389|4580->4391|4580->4395|4580->4396|4580->4397|4580->4400|4580->4405|4580->4407|4580->4409|4580->4411|4580->4416|4580->4420|4580->4422|4580->4423|4580->4425|4580->4428|4580->4432|4580->4433|4580->4434|4580->4437|4580->4442
4537,x ◇ (y ◇ z) = (y ◇ w) ◇ w,111,111,4520,0.03706859821048147,10,3,4,(V*(V*V))=((V*V)*V),(a*(b*c))=((b*d)*d),residue_zero|diagonal_pressure_gain|source_ultra_specific|target_mid|near_equal,41,2.401757646635291,needs_new_semantic_universe_or_higher_carrier,111,0.0,1.0,13.44052985004032,14.99658891473924,4537->4380|4537->4381|4537->4385|4537->4387|4537->4389|4537->4391|4537->4395|4537->4396|4537->4397|4537->4400|4537->4405|4537->4407|4537->4409|4537->4411|4537->4416|4537->4420|4537->4422|4537->4423|4537->4425|4537->4428|4537->4432|4537->4433|4537->4434|4537->4437|4537->4442
4554,x ◇ (y ◇ z) = (z ◇ w) ◇ w,111,111,4520,0.03706859821048147,10,3,4,(V*(V*V))=((V*V)*V),(a*(b*c))=((c*d)*d),residue_zero|diagonal_pressure_gain|source_ultra_specific|target_mid|near_equal,41,2.401757646635291,needs_new_semantic_universe_or_higher_carrier,111,0.0,1.0,13.44052985004032,14.99658891473924,4554->4380|4554->4381|4554->4385|4554->4387|4554->4389|4554->4391|4554->4395|4554->4396|4554->4397|4554->4400|4554->4405|4554->4407|4554->4409|4554->4411|4554->4416|4554->4420|4554->4422|4554->4423|4554->4425|4554->4428|4554->4432|4554->4433|4554->4434|4554->4437|4554->4442
4562,x ◇ (y ◇ z) = (w ◇ y) ◇ y,111,111,4520,0.03706859821048147,10,3,4,(V*(V*V))=((V*V)*V),(a*(b*c))=((d*b)*b),residue_zero|mixed_residual_geometry|source_ultra_specific|target_mid|near_equal,57,1.9211772535629519,needs_new_semantic_universe_or_higher_carrier,111,0.0,1.0,13.44052985004032,14.99658891473924,4562->4380|4562->4381|4562->4385|4562->4387|4562->4389|4562->4391|4562->4395|4562->4396|4562->4397|4562->4400|4562->4405|4562->4407|4562->4409|4562->4411|4562->4416|4562->4420|4562->4422|4562->4423|4562->4425|4562->4428|4562->4432|4562->4433|4562->4434|4562->4437|4562->4442
4544,x ◇ (y ◇ z) = (z ◇ y) ◇ y,111,111,4520,0.03706859821048147,10,3,3,(V*(V*V))=((V*V)*V),(a*(b*c))=((c*b)*b),residue_zero|new_rhs_variable_pressure|source_ultra_specific|target_mid|near_equal,67,1.4841534447088889,needs_new_semantic_universe_or_higher_carrier,111,0.0,1.0,13.303142462652934,14.74658891473924,4544->4380|4544->4381|4544->4385|4544->4387|4544->4389|4544->4391|4544->4395|4544->4396|4544->4397|4544->4400|4544->4405|4544->4407|4544->4409|4544->4411|4544->4416|4544->4420|4544->4422|4544->4423|4544->4425|4544->4428|4544->4432|4544->4433|4544->4434|4544->4437|4544->4442
625,x = x ◇ (x ◇ ((y ◇ z) ◇ y)),106,106,4682,0.0025564550489987218,10,5,3,V=(V*(V*((V*V)*V))),a=(a*(a*((b*c)*b))),residue_zero|mixed_residual_geometry|source_ultra_specific|target_mid|near_equal,54,2.1818075567166053,needs_new_semantic_universe_or_higher_carrier,106,0.0,1.0,14.059409202305337,16.83183197393264,625->2|625->7|625->8|625->22|625->47|625->48|625->50|625->98|625->99|625->150|625->151|625->202|625->204|625->254|625->306|625->307|625->325|625->358|625->374|625->410|625->411|625->412|625->413|625->414|625->415
2989,x = ((y ◇ (z ◇ y)) ◇ x) ◇ x,106,106,4682,0.0025564550489987218,10,5,3,V=(((V*(V*V))*V)*V),a=(((b*(c*b))*a)*a),residue_zero|mixed_residual_geometry|source_ultra_specific|target_mid|near_equal,54,2.1818075567166053,needs_new_semantic_universe_or_higher_carrier,106,0.0,1.0,14.116953203752688,16.83183197393264,2989->2|2989->7|2989->22|2989->27|2989->46|2989->98|2989->103|2989->150|2989->165|2989->202|2989->217|2989->259|2989->269|2989->289|2989->306|2989->325|2989->358|2989->363|2989->374|2989->410|2989->613|2989->618|2989->816|2989->831|2989->1019
4677,(x ◇ y) ◇ z = (y ◇ x) ◇ w,99,99,4680,0.002982530890498509,10,3,4,((V*V)*V)=((V*V)*V),((a*b)*c)=((b*a)*d),residue_zero|same_skeleton_var_change|source_ultra_specific|target_mid|near_equal,59,0.9732650674751335,needs_new_semantic_universe_or_higher_carrier,99,0.0,1.0,13.21368311472755,14.826595886778735,4677->4583|4677->4584|4677->4585|4677->4586|4677->4587|4677->4588|4677->4589|4677->4590|4677->4591|4677->4592|4677->4593|4677->4594|4677->4595|4677->4597|4677->4598|4677->4599|4677->4600|4677->4601|4677->4602|4677->4603|4677->4604|4677->4605|4677->4606|4677->4607|4677->4608
4685,(x ◇ y) ◇ z = (z ◇ w) ◇ x,99,99,4680,0.002982530890498509,10,3,4,((V*V)*V)=((V*V)*V),((a*b)*c)=((c*d)*a),residue_zero|same_skeleton_var_change|source_ultra_specific|target_mid|near_equal,57,0.9833761901392235,needs_new_semantic_universe_or_higher_carrier,99,0.0,1.0,13.168950312548557,14.826595886778735,4685->4582|4685->4584|4685->4585|4685->4586|4685->4587|4685->4588|4685->4589|4685->4590|4685->4591|4685->4592|4685->4593|4685->4594|4685->4595|4685->4596|4685->4597|4685->4599|4685->4600|4685->4602|4685->4603|4685->4605|4685->4606|4685->4608|4685->4610|4685->4611|4685->4612
4370,x ◇ (y ◇ z) = z ◇ (w ◇ x),99,99,4680,0.002982530890498509,10,3,4,(V*(V*V))=(V*(V*V)),(a*(b*c))=(c*(d*a)),residue_zero|same_skeleton_var_change|source_ultra_specific|target_mid|near_equal,57,0.9833761901392235,needs_new_semantic_universe_or_higher_carrier,99,0.0,1.0,13.13167244118213,14.751560700835821,4370->4267|4370->4269|4370->4270|4370->4271|4370->4272|4370->4273|4370->4274|4370->4275|4370->4276|4370->4277|4370->4278|4370->4279|4370->4280|4370->4281|4370->4282|4370->4284|4370->4285|4370->4287|4370->4288|4370->4290|4370->4291|4370->4293|4370->4295|4370->4296|4370->4297
4375,x ◇ (y ◇ z) = w ◇ (z ◇ y),99,99,4680,0.002982530890498509,10,3,4,(V*(V*V))=(V*(V*V)),(a*(b*c))=(d*(c*b)),residue_zero|same_skeleton_var_change|source_ultra_specific|target_mid|near_equal,59,0.9732650674751335,needs_new_semantic_universe_or_higher_carrier,99,0.0,1.0,13.169080280626572,14.751560700835821,4375->4267|4375->4268|4375->4269|4375->4270|4375->4272|4375->4273|4375->4274|4375->4275|4375->4276|4375->4277|4375->4278|4375->4279|4375->4280|4375->4281|4375->4283|4375->4284|4375->4285|4375->4286|4375->4287|4375->4288|4375->4289|4375->4291|4375->4293|4375->4294|4375->4295
4609,(x ◇ x) ◇ y = (y ◇ z) ◇ x,99,99,4680,0.002982530890498509,10,3,3,((V*V)*V)=((V*V)*V),((a*a)*b)=((b*c)*a),residue_zero|same_skeleton_var_change|source_ultra_specific|target_mid|near_equal,57,0.9833761901392235,needs_new_semantic_universe_or_higher_carrier,99,0.0,1.0,13.146223039821285,14.576595886778735,4609->4582|4609->4584|4609->4585|4609->4586|4609->4587|4609->4588|4609->4589|4609->4590|4609->4591|4609->4592|4609->4593|4609->4594|4609->4595|4609->4596|4609->4597|4609->4599|4609->4600|4609->4602|4609->4603|4609->4605|4609->4606|4609->4608|4609->4610|4609->4611|4609->4612
4636,(x ◇ y) ◇ x = (y ◇ x) ◇ z,99,99,4680,0.002982530890498509,10,3,3,((V*V)*V)=((V*V)*V),((a*b)*a)=((b*a)*c),residue_zero|same_skeleton_var_change|source_ultra_specific|target_mid|near_equal,59,0.9732650674751335,needs_new_semantic_universe_or_higher_carrier,99,0.0,1.0,13.190955842000276,14.576595886778735,4636->4583|4636->4584|4636->4585|4636->4586|4636->4587|4636->4588|4636->4589|4636->4590|4636->4591|4636->4592|4636->4593|4636->4594|4636->4595|4636->4597|4636->4598|4636->4599|4636->4600|4636->4601|4636->4602|4636->4603|4636->4604|4636->4605|4636->4606|4636->4607|4636->4608
4658,(x ◇ y) ◇ y = (y ◇ x) ◇ z,99,99,4680,0.002982530890498509,10,3,3,((V*V)*V)=((V*V)*V),((a*b)*b)=((b*a)*c),residue_zero|same_skeleton_var_change|source_ultra_specific|target_mid|near_equal,59,0.9732650674751335,needs_new_semantic_universe_or_higher_carrier,99,0.0,1.0,13.190955842000276,14.576595886778735,4658->4583|4658->4584|4658->4585|4658->4586|4658->4587|4658->4588|4658->4589|4658->4590|4658->4591|4658->4592|4658->4593|4658->4594|4658->4595|4658->4597|4658->4598|4658->4599|4658->4600|4658->4601|4658->4602|4658->4603|4658->4604|4658->4605|4658->4606|4658->4607|4658->4608
4659,(x ◇ y) ◇ y = (y ◇ z) ◇ x,99,99,4680,0.002982530890498509,10,3,3,((V*V)*V)=((V*V)*V),((a*b)*b)=((b*c)*a),residue_zero|same_skeleton_var_change|source_ultra_specific|target_mid|near_equal,57,0.9833761901392235,needs_new_semantic_universe_or_higher_carrier,99,0.0,1.0,13.146223039821285,14.576595886778735,4659->4582|4659->4584|4659->4585|4659->4586|4659->4587|4659->4588|4659->4589|4659->4590|4659->4591|4659->4592|4659->4593|4659->4594|4659->4595|4659->4596|4659->4597|4659->4599|4659->4600|4659->4602|4659->4603|4659->4605|4659->4606|4659->4608|4659->4610|4659->4611|4659->4612
4294,x ◇ (x ◇ y) = y ◇ (z ◇ x),99,99,4680,0.002982530890498509,10,3,3,(V*(V*V))=(V*(V*V)),(a*(a*b))=(b*(c*a)),residue_zero|same_skeleton_var_change|source_ultra_specific|target_mid|near_equal,57,0.9833761901392235,needs_new_semantic_universe_or_higher_carrier,99,0.0,1.0,13.108945168454857,14.501560700835821,4294->4267|4294->4269|4294->4270|4294->4271|4294->4272|4294->4273|4294->4274|4294->4275|4294->4276|4294->4277|4294->4278|4294->4279|4294->4280|4294->4281|4294->4282|4294->4284|4294->4285|4294->4287|4294->4288|4294->4290|4294->4291|4294->4293|4294->4295|4294->4296|4294->4297
4302,x ◇ (x ◇ y) = z ◇ (y ◇ x),99,99,4680,0.002982530890498509,10,3,3,(V*(V*V))=(V*(V*V)),(a*(a*b))=(c*(b*a)),residue_zero|same_skeleton_var_change|source_ultra_specific|target_mid|near_equal,59,0.9732650674751335,needs_new_semantic_universe_or_higher_carrier,99,0.0,1.0,13.1463530078993,14.501560700835821,4302->4267|4302->4268|4302->4269|4302->4270|4302->4272|4302->4273|4302->4274|4302->4275|4302->4276|4302->4277|4302->4278|4302->4279|4302->4280|4302->4281|4302->4283|4302->4284|4302->4285|4302->4286|4302->4287|4302->4288|4302->4289|4302->4291|4302->4293|4302->4294|4302->4295
4327,x ◇ (y ◇ x) = z ◇ (x ◇ y),99,99,4680,0.002982530890498509,10,3,3,(V*(V*V))=(V*(V*V)),(a*(b*a))=(c*(a*b)),residue_zero|same_skeleton_var_change|source_ultra_specific|target_mid|near_equal,59,0.9732650674751335,needs_new_semantic_universe_or_higher_carrier,99,0.0,1.0,13.1463530078993,14.501560700835821,4327->4267|4327->4268|4327->4269|4327->4270|4327->4272|4327->4273|4327->4274|4327->4275|4327->4276|4327->4277|4327->4278|4327->4279|4327->4280|4327->4281|4327->4283|4327->4284|4327->4285|4327->4286|4327->4287|4327->4288|4327->4289|4327->4291|4327->4293|4327->4294|4327->4295
4344,x ◇ (y ◇ y) = y ◇ (z ◇ x),99,99,4680,0.002982530890498509,10,3,3,(V*(V*V))=(V*(V*V)),(a*(b*b))=(b*(c*a)),residue_zero|same_skeleton_var_change|source_ultra_specific|target_mid|near_equal,57,0.9833761901392235,needs_new_semantic_universe_or_higher_carrier,99,0.0,1.0,13.108945168454857,14.501560700835821,4344->4267|4344->4269|4344->4270|4344->4271|4344->4272|4344->4273|4344->4274|4344->4275|4344->4276|4344->4277|4344->4278|4344->4279|4344->4280|4344->4281|4344->4282|4344->4284|4344->4285|4344->4287|4344->4288|4344->4290|4344->4291|4344->4293|4344->4295|4344->4296|4344->4297
1100,x = y ◇ ((x ◇ (z ◇ z)) ◇ y),79,79,4610,0.017895185342991053,10,5,3,V=(V*((V*(V*V))*V)),a=(b*((a*(c*c))*b)),residue_zero|mixed_residual_geometry|source_ultra_specific|target_mid|near_equal,36,1.5924902865924317,needs_new_semantic_universe_or_higher_carrier,79,0.0,1.0,13.647408847563982,15.799400476626982,1100->25|1100->1022|1100->1081|1100->1089|1100->1108|1100->1116|1100->1121|1100->1136|1100->1170|1100->1631|1100->1644|1100->1653|1100->1657|1100->1661|1100->1672|1100->1683|1100->1721|1100->1725|1100->1760|1100->1792|1100->1837|1100->1849|1100->1872|1100->1886|1100->1909
2601,x = (y ◇ ((z ◇ z) ◇ x)) ◇ y,79,79,4610,0.017895185342991053,10,5,3,V=((V*((V*V)*V))*V),a=((b*((c*c)*a))*b),residue_zero|mixed_residual_geometry|source_ultra_specific|target_mid|near_equal,36,1.5924902865924317,needs_new_semantic_universe_or_higher_carrier,79,0.0,1.0,13.6527580158346,15.799400476626982,2601->15|2601->418|2601->426|2601->454|2601->465|2601->499|2601->503|2601->507|2601->512|2601->527|2601->542|2601->574|2601->905|2601->909|2601->913|2601->927|2601->951|2601->1022|2601->1044|2601->1052|2601->1108|2601->1116|2601->1121|2601->1136|2601->1183
977,x = y ◇ ((z ◇ z) ◇ (x ◇ y)),79,79,4610,0.017895185342991053,10,4,3,V=(V*((V*V)*(V*V))),a=(b*((c*c)*(a*b))),residue_zero|mixed_residual_geometry|source_ultra_specific|target_mid|near_equal,36,1.5924902865924317,needs_new_semantic_universe_or_higher_carrier,79,0.0,1.0,13.541998522163714,15.449400476626982,977->15|977->418|977->426|977->454|977->465|977->499|977->503|977->507|977->512|977->527|977->542|977->574|977->905|977->909|977->913|977->927|977->951|977->1022|977->1044|977->1052|977->1108|977->1116|977->1121|977->1136|977->1183
1739,x = (y ◇ y) ◇ ((z ◇ x) ◇ z),79,79,4610,0.017895185342991053,10,4,3,V=((V*V)*((V*V)*V)),a=((b*b)*((c*a)*c)),residue_zero|mixed_residual_geometry|source_ultra_specific|target_mid|near_equal,36,1.5924902865924317,needs_new_semantic_universe_or_higher_carrier,79,0.0,1.0,13.541998522163714,15.449400476626982,1739->15|1739->418|1739->426|1739->454|1739->465|1739->499|1739->503|1739->507|1739->512|1739->527|1739->542|1739->574|1739->905|1739->909|1739->913|1739->927|1739->951|1739->1022|1739->1044|1739->1052|1739->1108|1739->1116|1739->1121|1739->1136|1739->1183
1901,x = (y ◇ (x ◇ y)) ◇ (z ◇ z),79,79,4610,0.017895185342991053,10,4,3,V=((V*(V*V))*(V*V)),a=((b*(a*b))*(c*c)),residue_zero|mixed_residual_geometry|source_ultra_specific|target_mid|near_equal,36,1.5924902865924317,needs_new_semantic_universe_or_higher_carrier,79,0.0,1.0,13.536649353893097,15.449400476626982,1901->25|1901->1022|1901->1081|1901->1089|1901->1108|1901->1116|1901->1121|1901->1136|1901->1170|1901->1631|1901->1644|1901->1653|1901->1657|1901->1661|1901->1672|1901->1683|1901->1721|1901->1725|1901->1760|1901->1792|1901->1837|1901->1849|1901->1872|1901->1886|1901->1909
2724,x = ((y ◇ x) ◇ (z ◇ z)) ◇ y,79,79,4610,0.017895185342991053,10,4,3,V=(((V*V)*(V*V))*V),a=(((b*a)*(c*c))*b),residue_zero|mixed_residual_geometry|source_ultra_specific|target_mid|near_equal,36,1.5924902865924317,needs_new_semantic_universe_or_higher_carrier,79,0.0,1.0,13.536649353893097,15.449400476626982,2724->25|2724->1022|2724->1081|2724->1089|2724->1108|2724->1116|2724->1121|2724->1136|2724->1170|2724->1631|2724->1644|2724->1653|2724->1657|2724->1661|2724->1672|2724->1683|2724->1721|2724->1725|2724->1760|2724->1792|2724->1837|2724->1849|2724->1872|2724->1886|2724->1909
4512,x ◇ (y ◇ z) = (x ◇ y) ◇ w,79,79,4666,0.005965061780997018,10,3,4,(V*(V*V))=((V*V)*V),(a*(b*c))=((a*b)*d),residue_zero|diagonal_pressure_gain|source_ultra_specific|target_mid|near_equal,18,2.868371299397369,needs_new_semantic_universe_or_higher_carrier,79,0.0,1.0,13.041407497817934,14.49188055980742,4512->4268|4512->4269|4512->4270|4512->4282|4512->4283|4512->4284|4512->4285|4512->4286|4512->4287|4512->4288|4512->4315|4512->4316|4512->4317|4512->4318|4512->4339|4512->4340|4512->4341|4512->4357|4512->4358|4512->4359|4512->4360|4512->4381|4512->4382|4512->4383|4512->4397
4563,x ◇ (y ◇ z) = (w ◇ y) ◇ z,79,79,4666,0.005965061780997018,10,3,4,(V*(V*V))=((V*V)*V),(a*(b*c))=((d*b)*c),residue_zero|diagonal_pressure_gain|source_ultra_specific|target_mid|near_equal,18,2.868371299397369,needs_new_semantic_universe_or_higher_carrier,79,0.0,1.0,13.092442500781678,14.455066586684703,4563->4268|4563->4274|4563->4277|4563->4283|4563->4286|4563->4295|4563->4303|4563->4306|4563->4309|4563->4315|4563->4319|4563->4322|4563->4326|4563->4333|4563->4339|4563->4347|4563->4353|4563->4359|4563->4361|4563->4366|4563->4377|4563->4381|4563->4387|4563->4390|4563->4398
691,x = y ◇ (x ◇ ((z ◇ y) ◇ z)),77,77,4653,0.008734554750745633,10,5,3,V=(V*(V*((V*V)*V))),a=(b*(a*((c*b)*c))),residue_zero|diagonal_pressure_gain|source_ultra_specific|target_mid|near_equal,33,2.361465920408138,needs_new_semantic_universe_or_higher_carrier,77,0.0,1.0,13.851112235384397,16.147086245462535,691->7|691->13|691->22|691->28|691->410|691->416|691->465|691->476|691->488|691->1019|691->1035|691->1037|691->1072|691->1074|691->1112|691->1151|691->1154|691->1425|691->1431|691->1441|691->1480|691->1491|691->1503|691->1518|691->1557
745,x = y ◇ (z ◇ ((x ◇ y) ◇ z)),77,77,4653,0.008734554750745633,10,5,3,V=(V*(V*((V*V)*V))),a=(b*(c*((a*b)*c))),residue_zero|diagonal_pressure_gain|source_ultra_specific|target_mid|near_equal,33,2.361465920408138,needs_new_semantic_universe_or_higher_carrier,77,0.0,1.0,13.851112235384397,16.147086245462535,745->7|745->13|745->22|745->28|745->410|745->416|745->465|745->476|745->488|745->1019|745->1035|745->1037|745->1072|745->1074|745->1112|745->1151|745->1154|745->1425|745->1431|745->1441|745->1480|745->1491|745->1503|745->1518|745->1557
1357,x = y ◇ (((z ◇ x) ◇ z) ◇ y),77,77,4653,0.008734554750745633,10,5,3,V=(V*(((V*V)*V)*V)),a=(b*(((c*a)*c)*b)),residue_zero|diagonal_pressure_gain|source_ultra_specific|target_mid|near_equal,33,2.361465920408138,needs_new_semantic_universe_or_higher_carrier,77,0.0,1.0,13.851112235384397,16.147086245462535,1357->7|1357->13|1357->22|1357->28|1357->410|1357->416|1357->465|1357->476|1357->488|1357->1019|1357->1035|1357->1037|1357->1072|1357->1074|1357->1112|1357->1151|1357->1154|1357->1425|1357->1431|1357->1441|1357->1480|1357->1491|1357->1503|1357->1518|1357->1557
2372,x = (y ◇ (z ◇ (x ◇ z))) ◇ y,77,77,4653,0.008734554750745633,10,5,3,V=((V*(V*(V*V)))*V),a=((b*(c*(a*c)))*b),residue_zero|diagonal_pressure_gain|source_ultra_specific|target_mid|near_equal,33,2.361465920408138,needs_new_semantic_universe_or_higher_carrier,77,0.0,1.0,13.851112235384397,16.147086245462535,2372->7|2372->13|2372->22|2372->28|2372->410|2372->416|2372->465|2372->476|2372->488|2372->1019|2372->1035|2372->1037|2372->1072|2372->1074|2372->1112|2372->1151|2372->1154|2372->1425|2372->1431|2372->1441|2372->1480|2372->1491|2372->1503|2372->1518|2372->1557
2978,x = ((y ◇ (z ◇ x)) ◇ y) ◇ z,77,77,4653,0.008734554750745633,10,5,3,V=(((V*(V*V))*V)*V),a=(((b*(c*a))*b)*c),residue_zero|diagonal_pressure_gain|source_ultra_specific|target_mid|near_equal,33,2.361465920408138,needs_new_semantic_universe_or_higher_carrier,77,0.0,1.0,13.851112235384397,16.147086245462535,2978->7|2978->13|2978->22|2978->28|2978->410|2978->416|2978->465|2978->476|2978->488|2978->1019|2978->1035|2978->1037|2978->1072|2978->1074|2978->1112|2978->1151|2978->1154|2978->1425|2978->1431|2978->1441|2978->1480|2978->1491|2978->1503|2978->1518|2978->1557
2991,x = ((y ◇ (z ◇ y)) ◇ x) ◇ z,77,77,4653,0.008734554750745633,10,5,3,V=(((V*(V*V))*V)*V),a=(((b*(c*b))*a)*c),residue_zero|diagonal_pressure_gain|source_ultra_specific|target_mid|near_equal,33,2.361465920408138,needs_new_semantic_universe_or_higher_carrier,77,0.0,1.0,13.851112235384397,16.147086245462535,2991->7|2991->13|2991->22|2991->28|2991->410|2991->416|2991->465|2991->476|2991->488|2991->1019|2991->1035|2991->1037|2991->1072|2991->1074|2991->1112|2991->1151|2991->1154|2991->1425|2991->1431|2991->1441|2991->1480|2991->1491|2991->1503|2991->1518|2991->1557
1706,x = (y ◇ x) ◇ ((z ◇ y) ◇ z),77,77,4653,0.008734554750745633,10,4,3,V=((V*V)*((V*V)*V)),a=((b*a)*((c*b)*c)),residue_zero|diagonal_pressure_gain|source_ultra_specific|target_mid|near_equal,33,2.361465920408138,needs_new_semantic_universe_or_higher_carrier,77,0.0,1.0,13.737475871748035,15.797086245462534,1706->7|1706->13|1706->22|1706->28|1706->410|1706->416|1706->465|1706->476|1706->488|1706->1019|1706->1035|1706->1037|1706->1072|1706->1074|1706->1112|1706->1151|1706->1154|1706->1425|1706->1431|1706->1441|1706->1480|1706->1491|1706->1503|1706->1518|1706->1557
1976,x = (y ◇ (z ◇ y)) ◇ (x ◇ z),77,77,4653,0.008734554750745633,10,4,3,V=((V*(V*V))*(V*V)),a=((b*(c*b))*(a*c)),residue_zero|diagonal_pressure_gain|source_ultra_specific|target_mid|near_equal,33,2.361465920408138,needs_new_semantic_universe_or_higher_carrier,77,0.0,1.0,13.737475871748035,15.797086245462534,1976->7|1976->13|1976->22|1976->28|1976->410|1976->416|1976->465|1976->476|1976->488|1976->1019|1976->1035|1976->1037|1976->1072|1976->1074|1976->1112|1976->1151|1976->1154|1976->1425|1976->1431|1976->1441|1976->1480|1976->1491|1976->1503|1976->1518|1976->1557
2591,x = (y ◇ ((z ◇ y) ◇ z)) ◇ x,76,76,4683,0.002343417128248828,10,5,3,V=((V*((V*V)*V))*V),a=((b*((c*b)*c))*a),residue_zero|diagonal_pressure_gain|source_ultra_specific|target_mid|near_equal,35,2.2017124803849573,needs_new_semantic_universe_or_higher_carrier,76,0.0,1.0,13.639045785610312,16.127731138208674,2591->22|2591->30|2591->1628|2591->1636|2591->1717|2591->1730|2591->1745|2591->2237|2591->2245|2591->2255|2591->2262|2591->2292|2591->2299|2591->2326|2591->2339|2591->2354|2591->2388|2591->2401|2591->2448|2591->2465|2591->2495|2591->2529|2591->2557|2591->2604|2591->2643
1060,x = x ◇ ((y ◇ (z ◇ y)) ◇ z),71,71,4683,0.002343417128248828,10,5,3,V=(V*((V*(V*V))*V)),a=(a*((b*(c*b))*c)),residue_zero|diagonal_pressure_gain|source_ultra_specific|target_mid|near_equal,35,2.147715049670807,needs_new_semantic_universe_or_higher_carrier,71,0.0,1.0,13.50120409064077,16.02702218395223,1060->7|1060->10|1060->413|1060->418|1060->426|1060->435|1060->443|1060->454|1060->613|1060->616|1060->619|1060->621|1060->629|1060->631|1060->638|1060->642|1060->646|1060->654|1060->657|1060->816|1060->819|1060->822|1060->824|1060->832|1060->834
689,x = y ◇ (x ◇ ((z ◇ y) ◇ x)),71,71,4682,0.0025564550489987218,10,5,3,V=(V*(V*((V*V)*V))),a=(b*(a*((c*b)*a))),residue_zero|mixed_residual_geometry|source_ultra_specific|target_mid|near_equal,38,1.7622641355186721,needs_new_semantic_universe_or_higher_carrier,71,0.0,1.0,13.639966748334595,15.275634472620338,689->46|689->54|689->64|689->71|689->358|689->363|689->374|689->384|689->394|689->631|689->641|689->652|689->702|689->712|689->722|689->816|689->824|689->831|689->844|689->859|689->871|689->878|689->908|689->915|689->946
2882,x = ((x ◇ (y ◇ z)) ◇ x) ◇ y,71,71,4682,0.0025564550489987218,10,5,3,V=(((V*(V*V))*V)*V),a=(((a*(b*c))*a)*b),residue_zero|mixed_residual_geometry|source_ultra_specific|target_mid|near_equal,38,1.7622641355186721,needs_new_semantic_universe_or_higher_carrier,71,0.0,1.0,13.56899859657375,15.268945484469542,2882->254|2882->257|2882->260|2882->262|2882->306|2882->307|2882->324|2882->325|2882->326|2882->2034|2882->2035|2882->2042|2882->2043|2882->2044|2882->2052|2882->2053|2882->2054|2882->2059|2882->2060|2882->2061|2882->2643|2882->2645|2882->2649|2882->2652|2882->2655
1585,x = (y ◇ z) ◇ (z ◇ (x ◇ x)),71,71,4682,0.0025564550489987218,10,4,3,V=((V*V)*(V*(V*V))),a=((b*c)*(c*(a*a))),residue_zero|mixed_residual_geometry|source_ultra_specific|target_mid|near_equal,38,1.7622641355186721,needs_new_semantic_universe_or_higher_carrier,71,0.0,1.0,13.373191924947857,14.925634472620338,1585->46|1585->54|1585->64|1585->71|1585->358|1585->363|1585->374|1585->384|1585->394|1585->613|1585->618|1585->631|1585->641|1585->652|1585->668|1585->678|1585->689|1585->702|1585->712|1585->722|1585->816|1585->824|1585->831|1585->844|1585->859
2044,x = ((x ◇ x) ◇ y) ◇ (y ◇ z),71,71,4682,0.0025564550489987218,10,4,3,V=(((V*V)*V)*(V*V)),a=(((a*a)*b)*(b*c)),residue_zero|mixed_residual_geometry|source_ultra_specific|target_mid|near_equal,38,1.7622641355186721,needs_new_semantic_universe_or_higher_carrier,71,0.0,1.0,13.308897581774515,14.918945484469543,2044->254|2044->257|2044->260|2044->262|2044->306|2044->307|2044->324|2044->325|2044->326|2044->2052|2044->2053|2044->2054|2044->2059|2044->2060|2044->2061|2044->2643|2044->2645|2044->2649|2044->2652|2044->2655|2044->2659|2044->2662|2044->2665|2044->2668|2044->2671
853,x = x ◇ ((y ◇ z) ◇ (x ◇ z)),70,70,4665,0.006178099701746911,10,4,3,V=(V*((V*V)*(V*V))),a=(a*((b*c)*(a*c))),residue_zero|mixed_residual_geometry|source_ultra_specific|target_mid|near_equal,45,1.4117130439374246,needs_new_semantic_universe_or_higher_carrier,70,0.0,1.0,13.03515753361276,14.311507929098283,853->9|853->99|853->103|853->106|853->109|853->360|853->412|853->425|853->426|853->428|853->431|853->432|853->438|853->817|853->818|853->819|853->820|853->832|853->833|853->835|853->838|853->1022|853->1037|853->1040|853->1044
2711,x = ((y ◇ x) ◇ (y ◇ z)) ◇ x,70,70,4665,0.006178099701746911,10,4,3,V=(((V*V)*(V*V))*V),a=(((b*a)*(b*c))*a),residue_zero|mixed_residual_geometry|source_ultra_specific|target_mid|near_equal,45,1.4117130439374246,needs_new_semantic_universe_or_higher_carrier,70,0.0,1.0,13.05028149909454,14.311507929098283,2711->24|2711->204|2711->210|2711->213|2711->217|2711->308|2711->1630|2711->1643|2711->1646|2711->1649|2711->2239|2711->2245|2711->2248|2711->2252|2711->2255|2711->2258|2711->2265|2711->2268|2711->2272|2711->2276|2711->2280|2711->2284|2711->2289|2711->2299|2711->2302
2701,x = ((y ◇ x) ◇ (x ◇ z)) ◇ x,69,69,4681,0.0027694929697486153,10,4,3,V=(((V*V)*(V*V))*V),a=(((b*a)*(a*c))*a),residue_zero|mixed_residual_geometry|source_ultra_specific|target_mid|near_equal,41,1.88100659871079,needs_new_semantic_universe_or_higher_carrier,69,0.0,1.0,13.244113270796507,15.634765868502186,2701->22|2701->24|2701->207|2701->210|2701->213|2701->217|2701->306|2701->322|2701->1628|2701->1630|2701->1643|2701->1646|2701->1649|2701->2252|2701->2255|2701->2258|2701->2262|2701->2265|2701->2268|2701->2272|2701->2276|2701->2280|2701->2284|2701->2289|2701->2299
1352,x = y ◇ (((z ◇ x) ◇ y) ◇ x),69,69,4686,0.0017043033659991478,10,5,3,V=(V*(((V*V)*V)*V)),a=(b*(((c*a)*b)*a)),residue_zero|mixed_residual_geometry|source_ultra_specific|target_mid|near_equal,38,1.7247578547953015,needs_new_semantic_universe_or_higher_carrier,69,0.0,1.0,13.421647449017804,15.09027731352962,1352->98|1352->103|1352->116|1352->126|1352->137|1352->165|1352->178|1352->193|1352->410|1352->418|1352->428|1352->435|1352->465|1352->472|1352->499|1352->512|1352->527|1352->561|1352->574|1352->1227|1352->1247|1352->1257|1352->1287|1352->1298|1352->1324
2259,x = (x ◇ (y ◇ (x ◇ z))) ◇ y,69,69,4686,0.0017043033659991478,10,5,3,V=((V*(V*(V*V)))*V),a=((a*(b*(a*c)))*b),residue_zero|mixed_residual_geometry|source_ultra_specific|target_mid|near_equal,38,1.7247578547953015,needs_new_semantic_universe_or_higher_carrier,69,0.0,1.0,13.41505735521401,15.09027731352962,2259->151|2259->159|2259->160|2259->202|2259->204|2259->208|2259->211|2259->214|2259->1425|2259->1426|2259->1427|2259->1428|2259->1429|2259->1450|2259->1451|2259->1452|2259->1453|2259->1454|2259->1455|2259->1456|2259->1457|2259->1458|2259->1459|2259->2242|2259->2245
1452,x = (x ◇ y) ◇ (y ◇ (x ◇ z)),69,69,4686,0.0017043033659991478,10,4,3,V=((V*V)*(V*(V*V))),a=((a*b)*(b*(a*c))),residue_zero|mixed_residual_geometry|source_ultra_specific|target_mid|near_equal,38,1.7247578547953015,needs_new_semantic_universe_or_higher_carrier,69,0.0,1.0,13.31317097643677,14.74027731352962,1452->150|1452->151|1452->158|1452->159|1452->160|1452->204|1452->211|1452->214|1452->1427|1452->1428|1452->1429|1452->1453|1452->1454|1452->1455|1452->1456|1452->1457|1452->1458|1452->1459|1452->2237|1452->2239|1452->2242|1452->2245|1452->2248|1452->2253|1452->2256
2114,x = ((y ◇ x) ◇ z) ◇ (z ◇ x),69,69,4686,0.0017043033659991478,10,4,3,V=(((V*V)*V)*(V*V)),a=(((b*a)*c)*(c*a)),residue_zero|mixed_residual_geometry|source_ultra_specific|target_mid|near_equal,38,1.7247578547953015,needs_new_semantic_universe_or_higher_carrier,69,0.0,1.0,13.321564848313482,14.74027731352962,2114->103|2114->126|2114->137|2114->150|2114->158|2114->165|2114->178|2114->193|2114->410|2114->418|2114->428|2114->435|2114->465|2114->472|2114->499|2114->512|2114->527|2114->561|2114->574|2114->1222|2114->1227|2114->1237|2114->1247|2114->1257|2114->1277
2803,x = ((y ◇ z) ◇ (z ◇ x)) ◇ x,68,68,4634,0.01278227524499361,10,4,3,V=(((V*V)*(V*V))*V),a=(((b*c)*(c*a))*a),residue_zero|mixed_residual_geometry|source_ultra_specific|target_mid|near_equal,50,1.2022744664159828,needs_new_semantic_universe_or_higher_carrier,68,0.0,1.0,12.86621922873581,14.266109114357425,2803->27|2803->103|2803->165|2803->217|2803->259|2803->279|2803->289|2803->363|2803->618|2803->831|2803->1034|2803->1227|2803->1247|2803->1257|2803->1477|2803->1633|2803->1680|2803->1690|2803->1700|2803->1883|2803->2049|2803->2123|2803->2160|2803->2289|2803->2336
2583,x = (y ◇ ((z ◇ y) ◇ x)) ◇ x,67,67,4633,0.012995313165743502,10,5,3,V=((V*((V*V)*V))*V),a=((b*((c*b)*a))*a),residue_zero|mixed_residual_geometry|source_ultra_specific|target_mid|near_equal,49,1.213540199985456,needs_new_semantic_universe_or_higher_carrier,67,0.0,1.0,12.862119100493636,14.594210915225696,2583->27|2583->103|2583->165|2583->217|2583->259|2583->279|2583->289|2583->363|2583->618|2583->831|2583->1034|2583->1227|2583->1247|2583->1257|2583->1477|2583->1633|2583->1680|2583->1690|2583->1700|2583->1883|2583->2049|2583->2123|2583->2160|2583->2289|2583->2336
3196,x = (((y ◇ z) ◇ y) ◇ y) ◇ x,66,66,4688,0.0012782275244993609,10,5,3,V=((((V*V)*V)*V)*V),a=((((b*c)*b)*b)*a),residue_zero|mixed_residual_geometry|source_ultra_specific|target_mid|near_equal,41,1.636154048078367,needs_new_semantic_universe_or_higher_carrier,66,0.0,1.0,13.313972466516962,15.919061934514595,3196->22|3196->30|3196->202|3196->207|3196->210|3196->220|3196->1628|3196->1636|3196->1717|3196->1730|3196->1745|3196->2237|3196->2242|3196->2245|3196->2252|3196->2255|3196->2262|3196->2265|3196->2272|3196->2276|3196->2280|3196->2292|3196->2440|3196->2445|3196->2448
1369,x = y ◇ (((z ◇ y) ◇ y) ◇ x),66,66,4683,0.002343417128248828,10,5,3,V=(V*(((V*V)*V)*V)),a=(b*(((c*b)*b)*a)),residue_zero|mixed_residual_geometry|source_ultra_specific|target_mid|near_equal,34,1.7527021863683505,needs_new_semantic_universe_or_higher_carrier,66,0.0,1.0,13.4208287398383,15.024573379542032,1369->98|1369->103|1369->116|1369->126|1369->137|1369->150|1369->158|1369->165|1369->178|1369->193|1369->410|1369->418|1369->428|1369->435|1369->465|1369->472|1369->499|1369->512|1369->527|1369->561|1369->574|1369->1227|1369->1247|1369->1257|1369->1277
2269,x = (x ◇ (y ◇ (y ◇ z))) ◇ y,66,66,4683,0.002343417128248828,10,5,3,V=((V*(V*(V*V)))*V),a=((a*(b*(b*c)))*b),residue_zero|mixed_residual_geometry|source_ultra_specific|target_mid|near_equal,34,1.7527021863683505,needs_new_semantic_universe_or_higher_carrier,66,0.0,1.0,13.41393909631615,15.024573379542032,2269->150|2269->151|2269->158|2269->159|2269->160|2269->202|2269->204|2269->208|2269->211|2269->214|2269->1427|2269->1428|2269->1429|2269->1450|2269->1451|2269->1452|2269->1456|2269->1457|2269->1458|2269->1459|2269->2242|2269->2245|2269->2248|2269->2253|2269->2256
1455,x = (x ◇ y) ◇ (y ◇ (y ◇ z)),66,66,4683,0.002343417128248828,10,4,3,V=((V*V)*(V*(V*V))),a=((a*b)*(b*(b*c))),residue_zero|mixed_residual_geometry|source_ultra_specific|target_mid|near_equal,34,1.7527021863683505,needs_new_semantic_universe_or_higher_carrier,66,0.0,1.0,13.286666369043425,14.674573379542032,1455->150|1455->151|1455->158|1455->159|1455->160|1455->202|1455->204|1455->208|1455->211|1455->214|1455->1427|1455->1428|1455->1429|1455->1450|1455->1451|1455->1452|1455->1456|1455->1457|1455->1458|1455->1459|1455->2242|1455->2245|1455->2248|1455->2253|1455->2256
2202,x = ((y ◇ z) ◇ z) ◇ (z ◇ x),66,66,4683,0.002343417128248828,10,4,3,V=(((V*V)*V)*(V*V)),a=(((b*c)*c)*(c*a)),residue_zero|mixed_residual_geometry|source_ultra_specific|target_mid|near_equal,34,1.7527021863683505,needs_new_semantic_universe_or_higher_carrier,66,0.0,1.0,13.293556012565572,14.674573379542032,2202->98|2202->103|2202->116|2202->126|2202->137|2202->150|2202->158|2202->165|2202->178|2202->193|2202->410|2202->418|2202->428|2202->435|2202->465|2202->472|2202->499|2202->512|2202->527|2202->561|2202->574|2202->1227|2202->1247|2202->1257|2202->1277
433,x = x ◇ (y ◇ (x ◇ (z ◇ z))),61,61,4549,0.030890498508734553,10,5,3,V=(V*(V*(V*(V*V)))),a=(a*(b*(a*(c*c)))),residue_zero|mixed_residual_geometry|source_ultra_specific|target_mid|near_equal,39,1.5140996482059685,needs_new_semantic_universe_or_higher_carrier,61,0.0,1.0,12.650264829095681,14.559542185364235,433->104|433->105|433->110|433->360|433->426|433->432|433->438|433->441|433->832|433->833|433->836|433->837|433->838|433->840|433->853|433->1022|433->1041|433->1042|433->1045|433->1051|433->1052|433->1055|433->1067|433->1228|433->1229
3144,x = (((y ◇ y) ◇ x) ◇ z) ◇ x,61,61,4549,0.030890498508734553,10,5,3,V=((((V*V)*V)*V)*V),a=((((b*b)*a)*c)*a),residue_zero|mixed_residual_geometry|source_ultra_specific|target_mid|near_equal,39,1.5140996482059685,needs_new_semantic_universe_or_higher_carrier,61,0.0,1.0,12.600181230680697,14.48450699942132,3144->220|3144->223|3144->241|3144->308|3144->2292|3144->2295|3144->2299|3144->2305|3144->2309|3144->2313|3144->2321|3144->2329|3144->2332|3144->2350|3144->2367|3144->2371|3144->2375|3144->2388|3144->2401|3144->2419|3144->2424|3144->2505|3144->2516|3144->2529|3144->2535
833,x = x ◇ ((y ◇ x) ◇ (x ◇ z)),58,58,4681,0.0027694929697486153,10,4,3,V=(V*((V*V)*(V*V))),a=(a*((b*a)*(a*c))),residue_zero|mixed_residual_geometry|source_ultra_specific|target_mid|near_equal,31,2.03523873462049,needs_new_semantic_universe_or_higher_carrier,58,0.0,1.0,13.044797779216115,15.378329171286726,833->7|833->9|833->100|833->106|833->109|833->358|833->377|833->410|833->412|833->425|833->428|833->431|833->835|833->1019|833->1021|833->1024|833->1027|833->1030|833->1034|833->1037|833->1040|833->1044|833->1047|833->1050|833->1054
2865,x = ((x ◇ (y ◇ x)) ◇ y) ◇ y,58,58,4691,0.0006391137622496804,10,5,2,V=(((V*(V*V))*V)*V),a=(((a*(b*a))*b)*b),residue_zero|mixed_residual_geometry|source_ultra_specific|target_general|near_equal,26,1.8833050015677435,needs_new_semantic_universe_or_higher_carrier,58,0.0,1.0,13.34713937790104,14.959440892250111,2865->254|2865->263|2865->306|2865->307|2865->324|2865->325|2865->326|2865->2034|2865->2035|2865->2062|2865->2063|2865->2064|2865->2643|2865->2645|2865->2669|2865->2672|2865->2675|2865->2851|2865->2875|2865->2886|2865->3252|2865->3253|2865->3254|2865->3255|2865->3256
3121,x = (((y ◇ x) ◇ z) ◇ x) ◇ x,56,56,4632,0.013208351086493396,10,5,3,V=((((V*V)*V)*V)*V),a=((((b*a)*c)*a)*a),residue_zero|mixed_residual_geometry|source_ultra_specific|target_mid|near_equal,40,1.268424695195087,needs_new_semantic_universe_or_higher_carrier,56,0.0,1.0,12.586935105234764,14.329526259213361,3121->27|3121->103|3121->165|3121->217|3121->279|3121->289|3121->363|3121->618|3121->831|3121->1034|3121->1247|3121->1257|3121->1477|3121->1633|3121->1680|3121->1690|3121->1700|3121->1883|3121->2123|3121->2160|3121->2289|3121->2455|3121->2492|3121->2529|3121->2566
417,x = x ◇ (x ◇ (y ◇ (x ◇ z))),56,56,4632,0.013208351086493396,10,5,3,V=(V*(V*(V*(V*V)))),a=(a*(a*(b*(a*c)))),residue_zero|mixed_residual_geometry|source_ultra_specific|target_mid|near_equal,40,1.268424695195087,needs_new_semantic_universe_or_higher_carrier,56,0.0,1.0,12.491902257343826,14.162472174550196,417->8|417->49|417->50|417->99|417->151|417->204|417->307|417->418|417->419|417->420|417->421|417->422|417->423|417->424|417->616|417->617|417->619|417->620|417->622|417->623|417->625|417->626|417->627|417->819|417->820
1848,x = (x ◇ (y ◇ x)) ◇ (x ◇ z),54,54,4650,0.009373668512995313,10,4,3,V=((V*(V*V))*(V*V)),a=((a*(b*a))*(a*c)),residue_zero|mixed_residual_geometry|source_ultra_specific|target_mid|near_equal,32,1.3138960664574484,needs_new_semantic_universe_or_higher_carrier,54,0.0,1.0,12.80149351350249,14.50413450424024,1848->152|1848->204|1848->307|1848->325|1848->1629|1848->1630|1848->1631|1848->1632|1848->1633|1848->1635|1848->1636|1848->1639|1848->1833|1848->1836|1848->1837|1848->1838|1848->1839|1848->1842|1848->1849|1848->1852|1848->2239|1848->2245|1848->2248|1848->2252|1848->2448
442,x = x ◇ (y ◇ (y ◇ (z ◇ y))),53,53,4688,0.0012782275244993609,10,5,3,V=(V*(V*(V*(V*V)))),a=(a*(b*(b*(c*b)))),residue_zero|mixed_residual_geometry|source_ultra_specific|target_mid|near_equal,30,1.7727318951317632,needs_new_semantic_universe_or_higher_carrier,53,0.0,1.0,13.158611412636942,15.595499075274557,442->7|442->10|442->98|442->104|442->106|442->413|442->435|442->443|442->816|442->817|442->819|442->822|442->834|442->841|442->842|442->845|442->849|442->857|442->1019|442->1021|442->1027|442->1035|442->1038|442->1044|442->1048
4430,x ◇ (x ◇ y) = (z ◇ w) ◇ u,53,53,4520,0.03706859821048147,10,3,5,(V*(V*V))=((V*V)*V),(a*(a*b))=((c*d)*e),residue_zero|repeat_pressure|source_ultra_specific|target_mid|near_equal,34,1.4654783116941605,needs_new_semantic_universe_or_higher_carrier,53,0.0,1.0,12.585314360750978,13.98197131189577,4430->4269|4430->4271|4430->4279|4430->4283|4430->4287|4430->4289|4430->4296|4430->4298|4430->4303|4430->4311|4430->4340|4430->4342|4430->4345|4430->4350|4430->4354|4430->4368|4430->4468|4430->4469|4430->4470|4430->4471|4430->4472|4430->4473|4430->4474|4430->4475|4430->4476
4413,x ◇ (x ◇ y) = (y ◇ z) ◇ w,53,53,4520,0.03706859821048147,10,3,4,(V*(V*V))=((V*V)*V),(a*(a*b))=((b*c)*d),residue_zero|diagonal_pressure_gain|source_ultra_specific|target_mid|near_equal,22,2.162972003637627,needs_new_semantic_universe_or_higher_carrier,53,0.0,1.0,12.344748323015128,13.73197131189577,4413->4269|4413->4271|4413->4279|4413->4283|4413->4287|4413->4289|4413->4296|4413->4298|4413->4303|4413->4311|4413->4340|4413->4342|4413->4345|4413->4350|4413->4354|4413->4368|4413->4468|4413->4469|4413->4470|4413->4471|4413->4472|4413->4473|4413->4474|4413->4475|4413->4476
4417,x ◇ (x ◇ y) = (z ◇ x) ◇ w,53,53,4520,0.03706859821048147,10,3,4,(V*(V*V))=((V*V)*V),(a*(a*b))=((c*a)*d),residue_zero|mixed_residual_geometry|source_ultra_specific|target_mid|near_equal,35,1.4732209442969555,needs_new_semantic_universe_or_higher_carrier,53,0.0,1.0,12.344748323015128,13.73197131189577,4417->4269|4417->4271|4417->4279|4417->4283|4417->4287|4417->4289|4417->4296|4417->4298|4417->4303|4417->4311|4417->4340|4417->4342|4417->4345|4417->4350|4417->4354|4417->4368|4417->4468|4417->4469|4417->4470|4417->4471|4417->4472|4417->4473|4417->4474|4417->4475|4417->4476
4421,x ◇ (x ◇ y) = (z ◇ y) ◇ w,53,53,4520,0.03706859821048147,10,3,4,(V*(V*V))=((V*V)*V),(a*(a*b))=((c*b)*d),residue_zero|diagonal_pressure_gain|source_ultra_specific|target_mid|near_equal,22,2.162972003637627,needs_new_semantic_universe_or_higher_carrier,53,0.0,1.0,12.344748323015128,13.73197131189577,4421->4269|4421->4271|4421->4279|4421->4283|4421->4287|4421->4289|4421->4296|4421->4298|4421->4303|4421->4311|4421->4340|4421->4342|4421->4345|4421->4350|4421->4354|4421->4368|4421->4468|4421->4469|4421->4470|4421->4471|4421->4472|4421->4473|4421->4474|4421->4475|4421->4476
4406,x ◇ (x ◇ y) = (y ◇ x) ◇ z,53,53,4520,0.03706859821048147,10,3,3,(V*(V*V))=((V*V)*V),(a*(a*b))=((b*a)*c),residue_zero|mixed_residual_geometry|source_ultra_specific|target_mid|near_equal,33,1.3086335351468523,needs_new_semantic_universe_or_higher_carrier,53,0.0,1.0,12.20795587018494,13.48197131189577,4406->4269|4406->4271|4406->4279|4406->4283|4406->4287|4406->4289|4406->4296|4406->4298|4406->4303|4406->4311|4406->4340|4406->4342|4406->4345|4406->4350|4406->4354|4406->4368|4406->4468|4406->4469|4406->4470|4406->4471|4406->4472|4406->4473|4406->4474|4406->4475|4406->4476
1042,x = x ◇ ((y ◇ (x ◇ z)) ◇ z),52,52,4540,0.032807839795483594,10,5,3,V=(V*((V*(V*V))*V)),a=(a*((b*(a*c))*c)),residue_zero|mixed_residual_geometry|source_ultra_specific|target_mid|near_equal,30,1.6525372107680185,needs_new_semantic_universe_or_higher_carrier,52,0.0,1.0,12.477832883611738,14.32427847812478,1042->104|1042->105|1042->110|1042->360|1042->832|1042->833|1042->836|1042->838|1042->840|1042->1041|1042->1045|1042->1051|1042->1055|1042->1067|1042->1228|1042->1229|1042->1238|1042->1239|1042->1241|1042->1242|1042->1244|1042->1245|1042->1246|1042->1258|1042->1259
2535,x = (y ◇ ((y ◇ x) ◇ z)) ◇ x,52,52,4540,0.032807839795483594,10,5,3,V=((V*((V*V)*V))*V),a=((b*((b*a)*c))*a),residue_zero|mixed_residual_geometry|source_ultra_specific|target_mid|near_equal,30,1.6525372107680185,needs_new_semantic_universe_or_higher_carrier,52,0.0,1.0,12.421147577122131,14.249243292181866,2535->220|2535->223|2535->241|2535->308|2535->2292|2535->2295|2535->2299|2535->2305|2535->2309|2535->2313|2535->2321|2535->2329|2535->2332|2535->2350|2535->2367|2535->2371|2535->2375|2535->2388|2535->2401|2535->2419|2535->2424|2535->2505|2535->2516|2535->2570|2535->2587
656,x = x ◇ (y ◇ ((z ◇ z) ◇ x)),51,51,4688,0.0012782275244993609,10,5,3,V=(V*(V*((V*V)*V))),a=(a*(b*((c*c)*a))),residue_zero|mixed_residual_geometry|source_ultra_specific|target_mid|near_equal,26,2.0914506664170065,needs_new_semantic_universe_or_higher_carrier,51,0.0,1.0,13.05587212824565,14.787500871968398,656->46|656->48|656->51|656->54|656->57|656->358|656->374|656->377|656->615|656->618|656->624|656->631|656->634|656->638|656->644|656->648|656->652|656->660|656->816|656->818|656->821|656->824|656->827|656->831|656->834
2877,x = ((x ◇ (y ◇ y)) ◇ z) ◇ x,51,51,4688,0.0012782275244993609,10,5,3,V=(((V*(V*V))*V)*V),a=(((a*(b*b))*c)*a),residue_zero|mixed_residual_geometry|source_ultra_specific|target_mid|near_equal,26,2.0914506664170065,needs_new_semantic_universe_or_higher_carrier,51,0.0,1.0,12.991722227626473,14.7808118838176,2877->254|2877->256|2877->259|2877->262|2877->265|2877->306|2877->322|2877->325|2877->2034|2877->2039|2877->2049|2877->2059|2877->2069|2877->2643|2877->2645|2877->2648|2877->2651|2877->2654|2877->2658|2877->2661|2877->2664|2877->2668|2877->2671|2877->2674|2877->2678
1686,x = (y ◇ x) ◇ ((x ◇ z) ◇ x),50,50,4650,0.009373668512995313,10,4,3,V=((V*V)*((V*V)*V)),a=((b*a)*((a*c)*a)),residue_zero|mixed_residual_geometry|source_ultra_specific|target_mid|near_equal,29,1.3413920965323483,needs_new_semantic_universe_or_higher_carrier,50,0.0,1.0,12.75768489362013,14.255071634318961,1686->103|1686->155|1686->363|1686->374|1686->1037|1686->1044|1686->1054|1686->1224|1686->1237|1686->1247|1686->1257|1686->1633|1686->1643|1686->1646|1686->1649|1686->1653|1686->1663|1686->1690|1686->1700|1686->1836|1686->1846|1686->1856|1686->1866|1686->1883|1686->1920
2859,x = ((x ◇ (x ◇ y)) ◇ z) ◇ z,48,48,4659,0.007456327226246272,10,5,3,V=(((V*(V*V))*V)*V),a=(((a*(a*b))*c)*c),residue_zero|mixed_residual_geometry|source_ultra_specific|target_mid|near_equal,30,1.2555859006715033,needs_new_semantic_universe_or_higher_carrier,48,0.0,1.0,12.870460315119937,14.680865173557471,2859->324|2859->325|2859->326|2859->2042|2859->2043|2859->2044|2859->2052|2859->2053|2859->2054|2859->2649|2859->2652|2859->2655|2859->2665|2859->2668|2859->2671|2859->2674|2859->2862|2859->2864|2859->2872|2859->2874|2859->2882|2859->2885|2859->3314|2859->3315|2859->3316
722,x = y ◇ (y ◇ ((z ◇ x) ◇ x)),48,48,4659,0.007456327226246272,10,5,3,V=(V*(V*((V*V)*V))),a=(b*(b*((c*a)*a))),residue_zero|mixed_residual_geometry|source_ultra_specific|target_mid|near_equal,30,1.2555859006715033,needs_new_semantic_universe_or_higher_carrier,48,0.0,1.0,12.932870549266132,14.54506363239841,722->374|722->384|722->394|722->631|722->641|722->652|722->668|722->678|722->689|722->824|722->844|722->859|722->878|722->915|722->946|722->959|722->1443|722->1450|722->1517|722->1524|722->1559|722->1585|722->3896|722->3914|722->3924
2054,x = ((x ◇ y) ◇ x) ◇ (y ◇ z),48,48,4659,0.007456327226246272,10,4,3,V=(((V*V)*V)*(V*V)),a=(((a*b)*a)*(b*c)),residue_zero|mixed_residual_geometry|source_ultra_specific|target_mid|near_equal,28,1.4283261007033188,needs_new_semantic_universe_or_higher_carrier,48,0.0,1.0,12.664423536572043,14.330865173557472,2054->257|2054->260|2054->262|2054->324|2054->325|2054->326|2054->2042|2054->2043|2054->2044|2054->2059|2054->2060|2054->2061|2054->2659|2054->2662|2054->2665|2054->2668|2054->2671|2054->2674|2054->2849|2054->2855|2054->2859|2054->2862|2054->2872|2054->2882|2054->3314
2061,x = ((x ◇ y) ◇ y) ◇ (x ◇ z),48,48,4659,0.007456327226246272,10,4,3,V=(((V*V)*V)*(V*V)),a=(((a*b)*b)*(a*c)),residue_zero|mixed_residual_geometry|source_ultra_specific|target_mid|near_equal,30,1.2555859006715033,needs_new_semantic_universe_or_higher_carrier,48,0.0,1.0,12.607960315119938,14.330865173557472,2061->324|2061->325|2061->326|2061->2042|2061->2043|2061->2044|2061->2052|2061->2053|2061->2054|2061->2649|2061->2652|2061->2655|2061->2665|2061->2668|2061->2671|2061->2674|2061->2862|2061->2864|2061->2872|2061->2874|2061->2882|2061->2885|2061->3314|2061->3315|2061->3316
2655,x = ((x ◇ x) ◇ (y ◇ z)) ◇ y,48,48,4659,0.007456327226246272,10,4,3,V=(((V*V)*(V*V))*V),a=(((a*a)*(b*c))*b),residue_zero|mixed_residual_geometry|source_ultra_specific|target_mid|near_equal,28,1.4283261007033188,needs_new_semantic_universe_or_higher_carrier,48,0.0,1.0,12.664423536572043,14.330865173557472,2655->257|2655->260|2655->262|2655->324|2655->325|2655->326|2655->2042|2655->2043|2655->2044|2655->2059|2655->2060|2655->2061|2655->2659|2655->2662|2655->2665|2655->2668|2655->2671|2655->2674|2655->2849|2655->2855|2655->2859|2655->2862|2655->2872|2655->2882|2655->3314
959,x = y ◇ ((z ◇ y) ◇ (x ◇ x)),48,48,4659,0.007456327226246272,10,4,3,V=(V*((V*V)*(V*V))),a=(b*((c*b)*(a*a))),residue_zero|mixed_residual_geometry|source_ultra_specific|target_mid|near_equal,28,1.4283261007033188,needs_new_semantic_universe_or_higher_carrier,48,0.0,1.0,12.734293152009071,14.19506363239841,959->54|959->64|959->71|959->374|959->384|959->394|959->668|959->678|959->689|959->702|959->712|959->722|959->824|959->844|959->859|959->871|959->908|959->946|959->1433|959->1450|959->1490|959->1505|959->1524|959->1585|959->3914
1505,x = (y ◇ x) ◇ (z ◇ (z ◇ x)),48,48,4659,0.007456327226246272,10,4,3,V=((V*V)*(V*(V*V))),a=((b*a)*(c*(c*a))),residue_zero|mixed_residual_geometry|source_ultra_specific|target_mid|near_equal,30,1.2555859006715033,needs_new_semantic_universe_or_higher_carrier,48,0.0,1.0,12.670370549266133,14.19506363239841,1505->374|1505->384|1505->394|1505->631|1505->641|1505->652|1505->668|1505->678|1505->689|1505->824|1505->844|1505->859|1505->878|1505->915|1505->946|1505->959|1505->1443|1505->1450|1505->1517|1505->1524|1505->1559|1505->1585|1505->3896|1505->3914|1505->3924
1559,x = (y ◇ z) ◇ (x ◇ (z ◇ x)),48,48,4659,0.007456327226246272,10,4,3,V=((V*V)*(V*(V*V))),a=((b*c)*(a*(c*a))),residue_zero|mixed_residual_geometry|source_ultra_specific|target_mid|near_equal,28,1.4283261007033188,needs_new_semantic_universe_or_higher_carrier,48,0.0,1.0,12.734293152009071,14.19506363239841,1559->54|1559->64|1559->71|1559->374|1559->384|1559->394|1559->668|1559->678|1559->689|1559->702|1559->712|1559->722|1559->824|1559->844|1559->859|1559->871|1559->908|1559->946|1559->1433|1559->1450|1559->1490|1559->1505|1559->1524|1559->1585|1559->3914
427,x = x ◇ (y ◇ (x ◇ (x ◇ z))),48,48,4455,0.05091606305922454,10,5,3,V=(V*(V*(V*(V*V)))),a=(a*(b*(a*(a*c)))),residue_zero|mixed_residual_geometry|source_specific|target_mid|near_equal,38,1.0238995733215064,needs_new_semantic_universe_or_higher_carrier,48,0.0,1.0,11.904428038135643,14.048589953682788,427->102|427->105|427->823|427->824|427->826|427->827|427->828|427->829|427->830|427->832|427->833|427->836|427->837|427->838|427->839|427->840|427->1029|427->1031|427->1032|427->1033|427->1036|427->1226|427->1229|427->1232|427->1234
2665,x = ((x ◇ y) ◇ (x ◇ z)) ◇ y,46,46,4657,0.007882403067746058,10,4,3,V=(((V*V)*(V*V))*V),a=(((a*b)*(a*c))*b),residue_zero|mixed_residual_geometry|source_ultra_specific|target_mid|near_equal,28,1.279881591888737,needs_new_semantic_universe_or_higher_carrier,46,0.0,1.0,12.573843640305817,14.26835612895662,2665->324|2665->325|2665->326|2665->2042|2665->2043|2665->2044|2665->2052|2665->2053|2665->2054|2665->2649|2665->2652|2665->2655|2665->2668|2665->2671|2665->2674|2665->2862|2665->2864|2665->2872|2665->2874|2665->2882|2665->2885|2665->3314|2665->3315|2665->3316|2665->3317
946,x = y ◇ ((z ◇ x) ◇ (y ◇ x)),46,46,4657,0.007882403067746058,10,4,3,V=(V*((V*V)*(V*V))),a=(b*((c*a)*(b*a))),residue_zero|mixed_residual_geometry|source_ultra_specific|target_mid|near_equal,28,1.279881591888737,needs_new_semantic_universe_or_higher_carrier,46,0.0,1.0,12.633828476413498,14.132554587797559,946->374|946->384|946->394|946->631|946->641|946->652|946->668|946->678|946->689|946->824|946->844|946->859|946->878|946->915|946->959|946->1443|946->1450|946->1517|946->1524|946->1559|946->1585|946->3914|946->3924|946->3934|946->3951
2472,x = (x ◇ ((y ◇ y) ◇ z)) ◇ y,45,45,4644,0.010651896037494673,10,5,3,V=((V*((V*V)*V))*V),a=((a*((b*b)*c))*b),residue_zero|mixed_residual_geometry|source_ultra_specific|target_mid|near_equal,31,1.1276592979037443,needs_new_semantic_universe_or_higher_carrier,45,0.0,1.0,12.446358779526374,14.11180270253024,2472->1630|2472->1632|2472->1654|2472->1655|2472->1659|2472->1660|2472->1662|2472->1832|2472->1836|2472->1838|2472->1850|2472->1851|2472->1859|2472->1861|2472->1870|2472->1871|2472->1873|2472->2445|2472->2451|2472->2459|2472->2462|2472->2476|2472->2480|2472->2488|2472->3055
2480,x = (x ◇ ((y ◇ z) ◇ y)) ◇ y,45,45,4644,0.010651896037494673,10,5,3,V=((V*((V*V)*V))*V),a=((a*((b*c)*b))*b),residue_zero|mixed_residual_geometry|source_ultra_specific|target_mid|near_equal,33,1.0529815751302694,needs_new_semantic_universe_or_higher_carrier,45,0.0,1.0,12.41897845013618,14.11180270253024,2480->1629|2480->1632|2480->1655|2480->1656|2480->1658|2480->1659|2480->1662|2480->1832|2480->1836|2480->1838|2480->1850|2480->1851|2480->1859|2480->1861|2480->1870|2480->1871|2480->1873|2480->2442|2480->2451|2480->2462|2480->2466|2480->2472|2480->2476|2480->2488|2480->3055
1132,x = y ◇ ((y ◇ (z ◇ y)) ◇ x),45,45,4644,0.010651896037494673,10,5,3,V=(V*((V*(V*V))*V)),a=(b*((b*(c*b))*a)),residue_zero|mixed_residual_geometry|source_ultra_specific|target_mid|near_equal,33,1.0529815751302694,needs_new_semantic_universe_or_higher_carrier,45,0.0,1.0,12.432325665026854,14.036767516587325,1132->428|1132->472|1132->561|1132->1034|1132->1054|1132->1084|1132->1095|1132->1149|1132->1166|1132->1201|1132->1633|1132->1656|1132->1667|1132->1680|1132->1700|1132->1720|1132->1741|1132->1762|1132->1796|1132->1815|1132->1859|1132->1874|1132->1883|1132->1911|1132->1957
1166,x = y ◇ ((z ◇ (y ◇ y)) ◇ x),45,45,4644,0.010651896037494673,10,5,3,V=(V*((V*(V*V))*V)),a=(b*((c*(b*b))*a)),residue_zero|mixed_residual_geometry|source_ultra_specific|target_mid|near_equal,31,1.1276592979037443,needs_new_semantic_universe_or_higher_carrier,45,0.0,1.0,12.446536584966212,14.036767516587325,1166->428|1166->472|1166->561|1166->1024|1166->1054|1166->1095|1166->1111|1166->1132|1166->1149|1166->1201|1166->1633|1166->1656|1166->1667|1166->1680|1166->1700|1166->1720|1166->1741|1166->1762|1166->1796|1166->1815|1166->1846|1166->1874|1166->1896|1166->1911|1166->1957
1658,x = (x ◇ y) ◇ ((y ◇ y) ◇ z),45,45,4644,0.010651896037494673,10,4,3,V=((V*V)*((V*V)*V)),a=((a*b)*((b*b)*c)),residue_zero|mixed_residual_geometry|source_ultra_specific|target_mid|near_equal,31,1.1276592979037443,needs_new_semantic_universe_or_higher_carrier,45,0.0,1.0,12.251914335081928,13.76180270253024,1658->1630|1658->1632|1658->1654|1658->1655|1658->1659|1658->1660|1658->1662|1658->1832|1658->1836|1658->1838|1658->1850|1658->1851|1658->1859|1658->1861|1658->1870|1658->1871|1658->1873|1658->2445|1658->2451|1658->2459|1658->2462|1658->2476|1658->2480|1658->2488|1658->3055
1660,x = (x ◇ y) ◇ ((y ◇ z) ◇ y),45,45,4644,0.010651896037494673,10,4,3,V=((V*V)*((V*V)*V)),a=((a*b)*((b*c)*b)),residue_zero|mixed_residual_geometry|source_ultra_specific|target_mid|near_equal,33,1.0529815751302694,needs_new_semantic_universe_or_higher_carrier,45,0.0,1.0,12.224534005691734,13.76180270253024,1660->1629|1660->1632|1660->1655|1660->1656|1660->1658|1660->1659|1660->1662|1660->1832|1660->1836|1660->1838|1660->1850|1660->1851|1660->1859|1660->1861|1660->1870|1660->1871|1660->1873|1660->2442|1660->2451|1660->2462|1660->2466|1660->2472|1660->2476|1660->2488|1660->3055
1978,x = (y ◇ (z ◇ y)) ◇ (y ◇ x),45,45,4644,0.010651896037494673,10,4,3,V=((V*(V*V))*(V*V)),a=((b*(c*b))*(b*a)),residue_zero|mixed_residual_geometry|source_ultra_specific|target_mid|near_equal,33,1.0529815751302694,needs_new_semantic_universe_or_higher_carrier,45,0.0,1.0,12.237881220582409,13.686767516587325,1978->428|1978->472|1978->561|1978->1034|1978->1054|1978->1084|1978->1095|1978->1149|1978->1166|1978->1201|1978->1633|1978->1656|1978->1667|1978->1680|1978->1700|1978->1720|1978->1741|1978->1762|1978->1796|1978->1815|1978->1859|1978->1874|1978->1883|1978->1911|1978->1957
1999,x = (y ◇ (z ◇ z)) ◇ (z ◇ x),45,45,4644,0.010651896037494673,10,4,3,V=((V*(V*V))*(V*V)),a=((b*(c*c))*(c*a)),residue_zero|mixed_residual_geometry|source_ultra_specific|target_mid|near_equal,31,1.1276592979037443,needs_new_semantic_universe_or_higher_carrier,45,0.0,1.0,12.252092140521768,13.686767516587325,1999->428|1999->472|1999->561|1999->1024|1999->1054|1999->1095|1999->1111|1999->1132|1999->1149|1999->1201|1999->1633|1999->1656|1999->1667|1999->1680|1999->1700|1999->1720|1999->1741|1999->1762|1999->1796|1999->1815|1999->1846|1999->1874|1999->1896|1999->1911|1999->1957
1445,x = (x ◇ y) ◇ (x ◇ (y ◇ z)),44,44,4677,0.003621644652748189,10,4,3,V=((V*V)*(V*(V*V))),a=((a*b)*(a*(b*c))),residue_zero|mixed_residual_geometry|source_ultra_specific|target_mid|near_equal,24,1.5652936884983384,needs_new_semantic_universe_or_higher_carrier,44,0.0,1.0,12.598745439881418,14.213940040600939,1445->150|1445->151|1445->152|1445->155|1445->1427|1445->1428|1445->1429|1445->1434|1445->1447|1445->1628|1445->1630|1445->1633|1445->1636|1445->1637|1445->1639|1445->1646|1445->1653|1445->1656|1445->1659|1445->1846|1445->1849|1445->1856|1445->1859|1445->1866|1445->1868
1867,x = (x ◇ (y ◇ z)) ◇ (x ◇ y),44,44,4677,0.003621644652748189,10,4,3,V=((V*(V*V))*(V*V)),a=((a*(b*c))*(a*b)),residue_zero|mixed_residual_geometry|source_ultra_specific|target_mid|near_equal,24,1.5652936884983384,needs_new_semantic_universe_or_higher_carrier,44,0.0,1.0,12.598745439881418,14.213940040600939,1867->150|1867->151|1867->152|1867->155|1867->1427|1867->1428|1867->1429|1867->1434|1867->1447|1867->1628|1867->1630|1867->1633|1867->1636|1867->1637|1867->1639|1867->1646|1867->1653|1867->1656|1867->1659|1867->1846|1867->1849|1867->1856|1867->1859|1867->1866|1867->1868
1285,x = y ◇ (((x ◇ y) ◇ x) ◇ y),42,42,4691,0.0006391137622496804,10,5,2,V=(V*(((V*V)*V)*V)),a=(b*(((a*b)*a)*b)),residue_zero|mixed_residual_geometry|source_ultra_specific|target_mid|near_equal,20,1.884952487040091,needs_new_semantic_universe_or_higher_carrier,42,0.0,1.0,13.467727391726122,15.464388895780125,1285->2|1285->7|1285->22|1285->46|1285->98|1285->150|1285->202|1285->254|1285->306|1285->325|1285->358|1285->374|1285->410|1285->613|1285->816|1285->1019|1285->1082|1285->1425|1285->1628|1285->1831|1285->2034|1285->2237|1285->2300|1285->2440|1285->2503
2300,x = (y ◇ (x ◇ (y ◇ x))) ◇ y,42,42,4691,0.0006391137622496804,10,5,2,V=((V*(V*(V*V)))*V),a=((b*(a*(b*a)))*b),residue_zero|mixed_residual_geometry|source_ultra_specific|target_mid|near_equal,20,1.884952487040091,needs_new_semantic_universe_or_higher_carrier,42,0.0,1.0,13.465894985984784,15.464388895780125,2300->2|2300->7|2300->22|2300->46|2300->98|2300->150|2300->202|2300->254|2300->306|2300->325|2300->358|2300->374|2300->410|2300->613|2300->816|2300->1019|2300->1082|2300->1222|2300->1285|2300->1425|2300->1628|2300->1831|2300->2034|2300->2440|2300->2503
1311,x = y ◇ (((y ◇ x) ◇ x) ◇ x),39,39,4680,0.002982530890498509,10,5,2,V=(V*(((V*V)*V)*V)),a=(b*(((b*a)*a)*a)),residue_zero|mixed_residual_geometry|source_ultra_specific|target_mid|near_equal,22,1.4964051960553861,needs_new_semantic_universe_or_higher_carrier,39,0.0,1.0,12.776109398750307,14.759679705787065,1311->15|1311->418|1311->435|1311->465|1311->499|1311->512|1311->527|1311->574|1311->1044|1311->1074|1311->1081|1311->1121|1311->1183|1311->1324|1311->1646|1311->1690|1311->1730|1311->1779|1311->1839|1311->1849|1311->1920|1311->1933|1311->1948|1311->2089|1311->2136
2240,x = (x ◇ (x ◇ (x ◇ y))) ◇ y,39,39,4680,0.002982530890498509,10,5,2,V=((V*(V*(V*V)))*V),a=((a*(a*(a*b)))*b),residue_zero|mixed_residual_geometry|source_ultra_specific|target_mid|near_equal,22,1.4964051960553861,needs_new_semantic_universe_or_higher_carrier,39,0.0,1.0,12.773182743219463,14.759679705787065,2240->25|2240->1441|2240->1454|2240->1631|2240->1646|2240->1653|2240->1657|2240->1661|2240->1837|2240->1849|2240->1860|2240->1872|2240->2266|2240->2446|2240->2448|2240->2456|2240->2469|2240->2484|2240->3052|2240->3057|2240->3065|2240->3074|2240->3078|2240->3082|2240->3093
2886,x = ((x ◇ (y ◇ z)) ◇ y) ◇ y,39,39,4672,0.004686834256497656,10,5,3,V=(((V*(V*V))*V)*V),a=(((a*(b*c))*b)*b),residue_zero|mixed_residual_geometry|source_ultra_specific|target_general|near_equal,18,1.8575088724762918,needs_new_semantic_universe_or_higher_carrier,39,0.0,1.0,13.047726474372228,14.387265487116364,2886->254|2886->263|2886->306|2886->307|2886->324|2886->325|2886->326|2886->3252|2886->3253|2886->3254|2886->3255|2886->3256|2886->3314|2886->3315|2886->3316|2886->3317|2886->3318|2886->3319|2886->3320|2886->3321|2886->3322|2886->3323|2886->3455|2886->3456|2886->3457
2064,x = ((x ◇ y) ◇ y) ◇ (y ◇ z),39,39,4672,0.004686834256497656,10,4,3,V=(((V*V)*V)*(V*V)),a=(((a*b)*b)*(b*c)),residue_zero|mixed_residual_geometry|source_ultra_specific|target_general|near_equal,18,1.8575088724762918,needs_new_semantic_universe_or_higher_carrier,39,0.0,1.0,12.697726474372226,14.037265487116365,2064->254|2064->263|2064->306|2064->307|2064->324|2064->325|2064->326|2064->3252|2064->3253|2064->3254|2064->3255|2064->3256|2064->3314|2064->3315|2064->3316|2064->3317|2064->3318|2064->3319|2064->3320|2064->3321|2064->3322|2064->3323|2064->3455|2064->3456|2064->3457
2675,x = ((x ◇ y) ◇ (y ◇ z)) ◇ y,39,39,4672,0.004686834256497656,10,4,3,V=(((V*V)*(V*V))*V),a=(((a*b)*(b*c))*b),residue_zero|mixed_residual_geometry|source_ultra_specific|target_general|near_equal,18,1.8575088724762918,needs_new_semantic_universe_or_higher_carrier,39,0.0,1.0,12.697726474372226,14.037265487116365,2675->254|2675->263|2675->306|2675->307|2675->324|2675->325|2675->326|2675->3252|2675->3253|2675->3254|2675->3255|2675->3256|2675->3314|2675->3315|2675->3316|2675->3317|2675->3318|2675->3319|2675->3320|2675->3321|2675->3322|2675->3323|2675->3455|2675->3456|2675->3457
2890,x = ((x ◇ (y ◇ z)) ◇ z) ◇ y,38,38,4668,0.005538985939497231,10,5,3,V=(((V*(V*V))*V)*V),a=(((a*(b*c))*c)*b),residue_zero|diagonal_pressure_gain|source_ultra_specific|target_mid|near_equal,12,1.9440097497163569,needs_new_semantic_universe_or_higher_carrier,38,0.0,1.0,12.818540967565426,13.864183076991067,2890->2037|2890->2040|2890->2052|2890->2059|2890->2067|2890->2075|2890->2649|2890->2651|2890->2659|2890->2661|2890->2684|2890->2687|2890->2849|2890->2852|2890->2864|2890->2871|2890->2879|2890->2887|2890->3255|2890->3260|2890->3305|2890->3314|2890->3322|2890->3333|2890->3458
777,x = y ◇ (z ◇ ((z ◇ y) ◇ x)),38,38,4668,0.005538985939497231,10,5,3,V=(V*(V*((V*V)*V))),a=(b*(c*((c*b)*a))),residue_zero|diagonal_pressure_gain|source_ultra_specific|target_mid|near_equal,12,1.9440097497163569,needs_new_semantic_universe_or_higher_carrier,38,0.0,1.0,12.89552611362394,13.82736910386835,777->621|777->631|777->675|777->702|777->730|777->764|777->834|777->841|777->871|777->878|777->967|777->980|777->1433|777->1443|777->1487|777->1514|777->1542|777->1576|777->3869|777->3886|777->3927|777->3942|777->3961|777->4022|777->4072
2078,x = ((x ◇ y) ◇ z) ◇ (z ◇ y),38,38,4668,0.005538985939497231,10,4,3,V=(((V*V)*V)*(V*V)),a=(((a*b)*c)*(c*b)),residue_zero|diagonal_pressure_gain|source_ultra_specific|target_mid|near_equal,12,1.9440097497163569,needs_new_semantic_universe_or_higher_carrier,38,0.0,1.0,12.579067283354902,13.514183076991067,2078->2037|2078->2040|2078->2052|2078->2059|2078->2067|2078->2075|2078->2649|2078->2651|2078->2659|2078->2661|2078->2684|2078->2687|2078->2849|2078->2852|2078->2864|2078->2871|2078->2879|2078->2887|2078->3255|2078->3260|2078->3305|2078->3314|2078->3322|2078->3333|2078->3458
2676,x = ((x ◇ y) ◇ (y ◇ z)) ◇ z,38,38,4668,0.005538985939497231,10,4,3,V=(((V*V)*(V*V))*V),a=(((a*b)*(b*c))*c),residue_zero|diagonal_pressure_gain|source_ultra_specific|target_mid|near_equal,12,1.9440097497163569,needs_new_semantic_universe_or_higher_carrier,38,0.0,1.0,12.579067283354902,13.514183076991067,2676->2037|2676->2040|2676->2052|2676->2059|2676->2067|2676->2075|2676->2649|2676->2651|2676->2659|2676->2661|2676->2684|2676->2687|2676->2849|2676->2852|2676->2864|2676->2871|2676->2879|2676->2887|2676->3255|2676->3260|2676->3305|2676->3314|2676->3322|2676->3333|2676->3458
933,x = y ◇ ((y ◇ z) ◇ (z ◇ x)),38,38,4668,0.005538985939497231,10,4,3,V=(V*((V*V)*(V*V))),a=(b*((b*c)*(c*a))),residue_zero|diagonal_pressure_gain|source_ultra_specific|target_mid|near_equal,12,1.9440097497163569,needs_new_semantic_universe_or_higher_carrier,38,0.0,1.0,12.656052429413412,13.47736910386835,933->621|933->631|933->675|933->702|933->730|933->764|933->834|933->841|933->871|933->878|933->967|933->980|933->1433|933->1443|933->1487|933->1514|933->1542|933->1576|933->3869|933->3886|933->3927|933->3942|933->3961|933->4022|933->4072
1589,x = (y ◇ z) ◇ (z ◇ (y ◇ x)),38,38,4668,0.005538985939497231,10,4,3,V=((V*V)*(V*(V*V))),a=((b*c)*(c*(b*a))),residue_zero|diagonal_pressure_gain|source_ultra_specific|target_mid|near_equal,12,1.9440097497163569,needs_new_semantic_universe_or_higher_carrier,38,0.0,1.0,12.656052429413412,13.47736910386835,1589->621|1589->631|1589->675|1589->702|1589->730|1589->764|1589->834|1589->841|1589->871|1589->878|1589->967|1589->980|1589->1433|1589->1443|1589->1487|1589->1514|1589->1542|1589->1576|1589->3869|1589->3886|1589->3927|1589->3942|1589->3961|1589->4022|1589->4072
2997,x = ((y ◇ (z ◇ y)) ◇ z) ◇ x,36,36,4643,0.010864933958244567,10,5,3,V=(((V*(V*V))*V)*V),a=(((b*(c*b))*c)*a),residue_zero|diagonal_pressure_gain|source_ultra_specific|target_mid|near_equal,19,1.7574364391410415,needs_new_semantic_universe_or_higher_carrier,36,0.0,1.0,12.416810141388067,14.270323174911796,2997->2237|2997->2245|2997->2255|2997->2262|2997->2292|2997->2299|2997->2326|2997->2339|2997->2354|2997->2388|2997->2401|2997->2448|2997->2458|2997->2502|2997->2529|2997->2557|2997->2591|2997->2668|2997->2698|2997->2807|2997->2854|2997->2935|2997->2963|2997->3067|2997->3074
2682,x = ((x ◇ y) ◇ (z ◇ y)) ◇ x,36,36,4683,0.002343417128248828,10,4,3,V=(((V*V)*(V*V))*V),a=(((a*b)*(c*b))*a),residue_zero|mixed_residual_geometry|source_ultra_specific|target_mid|near_equal,19,1.75980359698569,needs_new_semantic_universe_or_higher_carrier,36,0.0,1.0,12.42857305096255,13.909511595357868,2682->256|2682->259|2682->322|2682->325|2682->2034|2682->2039|2682->2049|2682->2059|2682->2645|2682->2651|2682->2654|2682->2658|2682->2664|2682->2668|2682->2848|2682->2851|2682->2854|2682->2861|2682->2864|2682->2867|2682->2871|2682->2874|2682->2881|2682->2889|2682->3305
510,x = y ◇ (y ◇ (y ◇ (x ◇ y))),35,35,4691,0.0006391137622496804,10,5,2,V=(V*(V*(V*(V*V)))),a=(b*(b*(b*(a*b)))),residue_zero|mixed_residual_geometry|source_ultra_specific|target_mid|near_equal,29,0.7723947502839262,needs_new_semantic_universe_or_higher_carrier,35,0.0,1.0,12.651355107570058,15.231940897454486,510->42|510->512|510->613|510->706|510->713|510->1019|510->1112|510->1119|510->1222|510->1288|510->1315|510->2237|510->2330|510->2337|510->2440|510->2506|510->2533|510->2846|510->2912|510->2939|510->3049|510->3078|510->3115|510->4282|510->4357
3115,x = (((y ◇ x) ◇ y) ◇ y) ◇ y,35,35,4691,0.0006391137622496804,10,5,2,V=((((V*V)*V)*V)*V),a=((((b*a)*b)*b)*b),residue_zero|mixed_residual_geometry|source_ultra_specific|target_mid|near_equal,29,0.7723947502839262,needs_new_semantic_universe_or_higher_carrier,35,0.0,1.0,12.651355107570057,15.231940897454486,3115->42|3115->410|3115->510|3115->512|3115->613|3115->706|3115->713|3115->1019|3115->1112|3115->1119|3115->1222|3115->1288|3115->1315|3115->2237|3115->2330|3115->2337|3115->2440|3115->2506|3115->2533|3115->2846|3115->2912|3115->2939|3115->3078|3115->4282|3115->4357
2889,x = ((x ◇ (y ◇ z)) ◇ z) ◇ x,35,35,4682,0.0025564550489987218,10,5,3,V=(((V*(V*V))*V)*V),a=(((a*(b*c))*c)*a),residue_zero|mixed_residual_geometry|source_ultra_specific|target_mid|near_equal,18,1.7832145074886268,needs_new_semantic_universe_or_higher_carrier,35,0.0,1.0,12.613335678468678,14.218413134075696,2889->256|2889->259|2889->322|2889->325|2889->2034|2889->2039|2889->2049|2889->2059|2889->2645|2889->2651|2889->2654|2889->2658|2889->2661|2889->2664|2889->2668|2889->2671|2889->2682|2889->2848|2889->2851|2889->2864|2889->2867|2889->2871|2889->2881|2889->3305|2889->3308
2936,x = ((y ◇ (y ◇ x)) ◇ x) ◇ y,35,35,4691,0.0006391137622496804,10,5,2,V=(((V*(V*V))*V)*V),a=(((b*(b*a))*a)*b),residue_zero|mixed_residual_geometry|source_ultra_specific|target_mid|near_equal,27,1.1183698009902907,needs_new_semantic_universe_or_higher_carrier,35,0.0,1.0,12.038775997216897,13.836137914201014,2936->98|2936->107|2936->114|2936->116|2936->410|2936->416|2936->428|2936->439|2936->451|2936->466|2936->472|2936->512|2936->561|2936->2034|2936->2063|2936->2087|2936->2099|2936->2126|2936->2133|2936->2643|2936->2672|2936->2698|2936->2706|2936->2733|2936->2742
669,x = y ◇ (x ◇ ((x ◇ y) ◇ y)),35,35,4691,0.0006391137622496804,10,5,2,V=(V*(V*((V*V)*V))),a=(b*(a*((a*b)*b))),residue_zero|mixed_residual_geometry|source_ultra_specific|target_mid|near_equal,27,1.1183698009902907,needs_new_semantic_universe_or_higher_carrier,35,0.0,1.0,12.04911983208396,13.813914777416304,669->202|669->208|669->218|669->230|669->619|669->632|669->703|669->715|669->816|669->825|669->832|669->872|669->879|669->918|669->1425|669->1434|669->1444|669->1451|669->1478|669->1527|669->3049|669->3055|669->3067|669->3078|669->3090
1647,x = (x ◇ y) ◇ ((x ◇ y) ◇ y),34,34,4691,0.0006391137622496804,10,4,2,V=((V*V)*((V*V)*V)),a=((a*b)*((a*b)*b)),residue_zero|mixed_residual_geometry|source_ultra_specific|target_mid|near_equal,18,1.7736895912386208,needs_new_semantic_universe_or_higher_carrier,34,0.0,1.0,12.60672054015546,14.595045097662267,1647->22|1647->150|1647->202|1647->205|1647->208|1647->306|1647->325|1647->1425|1647->1451|1647->1453|1647->1654|1647->1831|1647->1840|1647->1850|1647->2237|1647->2246|1647->2253|1647->2440|1647->2443|1647->2466|1647->3049|1647->3055|1647->3067|1647->3078|1647->3090
1923,x = (y ◇ (y ◇ x)) ◇ (y ◇ x),34,34,4691,0.0006391137622496804,10,4,2,V=((V*(V*V))*(V*V)),a=((b*(b*a))*(b*a)),residue_zero|mixed_residual_geometry|source_ultra_specific|target_mid|near_equal,18,1.7736895912386208,needs_new_semantic_universe_or_higher_carrier,34,0.0,1.0,12.60322976125947,14.595045097662267,1923->7|1923->98|1923->116|1923->123|1923->150|1923->358|1923->374|1923->410|1923->428|1923->472|1923->512|1923->561|1923->1019|1923->1084|1923->1108|1923->1222|1923->1277|1923->1321|1923->1628|1923->1720|1923->1727|1923->1896|1923->2034|1923->2062|1923->2099
473,x = y ◇ (x ◇ (y ◇ (x ◇ y))),34,34,4684,0.0021303792074989347,10,5,2,V=(V*(V*(V*(V*V)))),a=(b*(a*(b*(a*b)))),residue_zero|mixed_residual_geometry|source_ultra_specific|target_mid|near_equal,20,1.4978098303037495,needs_new_semantic_universe_or_higher_carrier,34,0.0,1.0,12.56121395050398,14.559382616850282,473->15|473->418|473->435|473->465|473->499|473->512|473->527|473->574|473->1044|473->1074|473->1121|473->1183|473->1628|473->1646|473->1690|473->1730|473->1779|473->1839|473->1920|473->1933|473->1948|473->3260|473->3277|473->3305|473->3333
3112,x = (((y ◇ x) ◇ y) ◇ x) ◇ y,34,34,4684,0.0021303792074989347,10,5,2,V=((((V*V)*V)*V)*V),a=((((b*a)*b)*a)*b),residue_zero|mixed_residual_geometry|source_ultra_specific|target_mid|near_equal,20,1.4978098303037495,needs_new_semantic_universe_or_higher_carrier,34,0.0,1.0,12.570703509933074,14.559382616850282,3112->25|3112->1631|3112->1653|3112->1657|3112->1661|3112->1831|3112->1837|3112->1849|3112->1860|3112->1872|3112->2448|3112->2456|3112->2469|3112->2484|3112->3052|3112->3057|3112->3065|3112->3074|3112->3078|3112->3082|3112->3093|3112->3458|3112->3517|3112->3525|3112->4067
1232,x = x ◇ (((x ◇ y) ◇ y) ◇ z),34,34,4566,0.027268853855986364,10,5,3,V=(V*(((V*V)*V)*V)),a=(a*(((a*b)*b)*c)),residue_zero|mixed_residual_geometry|source_ultra_specific|target_mid|near_equal,28,0.92979150831574,needs_new_semantic_universe_or_higher_carrier,34,0.0,1.0,11.583391929185769,12.922006138798395,1232->100|1232->102|1232->821|1232->823|1232->824|1232->826|1232->827|1232->828|1232->829|1232->830|1232->1024|1232->1025|1232->1026|1232->1027|1232->1029|1232->1030|1232->1031|1232->1032|1232->1033|1232->1224|1232->1226|1232->1227|1232->1228|1232->1229|1232->1233
2848,x = ((x ◇ (x ◇ x)) ◇ y) ◇ x,33,33,4691,0.0006391137622496804,10,5,2,V=(((V*(V*V))*V)*V),a=(((a*(a*a))*b)*a),residue_zero|mixed_residual_geometry|source_ultra_specific|target_general|near_equal,13,1.9342413512125445,needs_new_semantic_universe_or_higher_carrier,33,0.0,1.0,12.62112374198166,14.132675513315775,2848->254|2848->256|2848->259|2848->306|2848->322|2848->325|2848->2034|2848->2039|2848->2049|2848->2643|2848->2645|2848->2648|2848->2651|2848->2654|2848->2658|2848->2661|2848->2851|2848->2861|2848->2871|2848->2881|2848->3252|2848->3305|2848->3308|2848->3318|2848->3455
1032,x = x ◇ ((x ◇ (y ◇ z)) ◇ z),33,33,4565,0.02748189177673626,10,5,3,V=(V*((V*(V*V))*V)),a=(a*((a*(b*c))*c)),residue_zero|mixed_residual_geometry|source_ultra_specific|target_mid|near_equal,27,0.9493380569167226,needs_new_semantic_universe_or_higher_carrier,33,0.0,1.0,11.553147072497302,12.878524833488516,1032->100|1032->102|1032->821|1032->823|1032->827|1032->828|1032->829|1032->830|1032->1025|1032->1026|1032->1027|1032->1029|1032->1030|1032->1031|1032->1033|1032->1224|1032->1226|1032->1227|1032->1228|1032->1229|1032->1230|1032->1231|1032->1232|1032->1233|1032->1234
161,x = (x ◇ y) ◇ (z ◇ x),32,32,4648,0.0097997443544951,8,3,3,V=((V*V)*(V*V)),a=((a*b)*(c*a)),residue_zero|mixed_residual_geometry|source_ultra_specific|target_general|target_larger,20,0.954434002924965,needs_new_semantic_universe_or_higher_carrier,32,0.0,1.0,13.62898953446995,14.93894842865831,161->3254|161->3260|161->3263|161->3308|161->3311|161->3318|161->3321|161->3329|161->3333|161->3337|161->4069|161->4072|161->4075|161->4117|161->4120|161->4123|161->4137|161->4141|161->4145|161->4149|161->4268|161->4283|161->4286|161->4315|161->4339
463,x = y ◇ (x ◇ (x ◇ (x ◇ y))),32,32,4682,0.0025564550489987218,10,5,2,V=(V*(V*(V*(V*V)))),a=(b*(a*(a*(a*b)))),residue_zero|mixed_residual_geometry|source_ultra_specific|target_mid|near_equal,18,1.541615921862549,needs_new_semantic_universe_or_higher_carrier,32,0.0,1.0,12.521186455947177,14.471121866815881,463->25|463->512|463->1631|463->1653|463->1657|463->1661|463->1837|463->1849|463->1860|463->1872|463->2448|463->2456|463->2469|463->2484|463->3052|463->3057|463->3065|463->3074|463->3078|463->3082|463->3093|463->3458|463->3517|463->3525|463->4067
3102,x = (((y ◇ x) ◇ x) ◇ x) ◇ y,32,32,4682,0.0025564550489987218,10,5,2,V=((((V*V)*V)*V)*V),a=((((b*a)*a)*a)*b),residue_zero|mixed_residual_geometry|source_ultra_specific|target_mid|near_equal,18,1.541615921862549,needs_new_semantic_universe_or_higher_carrier,32,0.0,1.0,12.519160958719453,14.471121866815881,3102->15|3102->418|3102->435|3102->465|3102->499|3102->512|3102->527|3102->574|3102->1044|3102->1074|3102->1121|3102->1183|3102->1646|3102->1690|3102->1730|3102->1779|3102->1839|3102->1920|3102->1933|3102->1948|3102->3078|3102->3260|3102->3277|3102->3305|3102->3333
2867,x = ((x ◇ (y ◇ x)) ◇ z) ◇ x,32,32,4679,0.0031955688112484024,10,5,3,V=(((V*(V*V))*V)*V),a=(((a*(b*a))*c)*a),residue_zero|mixed_residual_geometry|source_ultra_specific|target_mid|near_equal,15,1.8544654144019361,needs_new_semantic_universe_or_higher_carrier,32,0.0,1.0,12.57410918084253,14.087896068591252,2867->259|2867->262|2867->322|2867->325|2867->2034|2867->2039|2867->2049|2867->2059|2867->2658|2867->2661|2867->2664|2867->2668|2867->2671|2867->2682|2867->2851|2867->2854|2867->2871|2867->2874|2867->2881|2867->2889|2867->3305|2867->3308|2867->3318|2867->3455|2867->3457
1675,x = (x ◇ y) ◇ ((z ◇ w) ◇ x),32,32,4648,0.0097997443544951,10,4,4,V=((V*V)*((V*V)*V)),a=((a*b)*((c*d)*a)),residue_zero|mixed_residual_geometry|source_ultra_specific|target_general|near_equal,20,0.954434002924965,needs_new_semantic_universe_or_higher_carrier,32,0.0,1.0,12.51023953446995,13.58894842865831,1675->3254|1675->3260|1675->3263|1675->3308|1675->3311|1675->3318|1675->3321|1675->3329|1675->3333|1675->3337|1675->4069|1675->4072|1675->4075|1675->4117|1675->4120|1675->4123|1675->4137|1675->4141|1675->4145|1675->4149|1675->4268|1675->4283|1675->4286|1675->4315|1675->4339
1878,x = (x ◇ (y ◇ z)) ◇ (w ◇ x),32,32,4648,0.0097997443544951,10,4,4,V=((V*(V*V))*(V*V)),a=((a*(b*c))*(d*a)),residue_zero|mixed_residual_geometry|source_ultra_specific|target_general|near_equal,20,0.954434002924965,needs_new_semantic_universe_or_higher_carrier,32,0.0,1.0,12.51023953446995,13.58894842865831,1878->3254|1878->3260|1878->3263|1878->3308|1878->3311|1878->3318|1878->3321|1878->3329|1878->3333|1878->3337|1878->4069|1878->4072|1878->4075|1878->4117|1878->4120|1878->4123|1878->4137|1878->4141|1878->4145|1878->4149|1878->4268|1878->4283|1878->4286|1878->4315|1878->4339
2065,x = ((x ◇ y) ◇ y) ◇ (z ◇ x),32,32,4683,0.002343417128248828,10,4,3,V=(((V*V)*V)*(V*V)),a=(((a*b)*b)*(c*a)),residue_zero|mixed_residual_geometry|source_ultra_specific|target_general|near_equal,22,1.0425993555312076,needs_new_semantic_universe_or_higher_carrier,32,0.0,1.0,12.049576085950248,13.33894842865831,2065->2039|2065->2042|2065->2045|2065->2049|2065->2052|2065->2055|2065->2069|2065->2073|2065->2077|2065->2081|2065->3254|2065->3260|2065->3263|2065->3308|2065->3311|2065->3318|2065->3321|2065->3329|2065->3333|2065->3337|2065->4268|2065->4283|2065->4286|2065->4315|2065->4339
1468,x = (x ◇ y) ◇ (z ◇ (z ◇ x)),32,32,4683,0.002343417128248828,10,4,3,V=((V*V)*(V*(V*V))),a=((a*b)*(c*(c*a))),residue_zero|mixed_residual_geometry|source_ultra_specific|target_general|near_equal,22,1.0425993555312076,needs_new_semantic_universe_or_higher_carrier,32,0.0,1.0,12.121423675684786,13.265445966665386,1468->1427|1468->1430|1468->1436|1468->1443|1468->1446|1468->1450|1468->1456|1468->1460|1468->1464|1468->1472|1468->4069|1468->4072|1468->4075|1468->4117|1468->4120|1468->4123|1468->4137|1468->4141|1468->4145|1468->4149|1468->4268|1468->4283|1468->4286|1468->4315|1468->4339
2397,x = (y ◇ (z ◇ (z ◇ x))) ◇ x,32,32,4566,0.027268853855986364,10,5,3,V=((V*(V*(V*V)))*V),a=((b*(c*(c*a)))*a),residue_zero|mixed_residual_geometry|source_ultra_specific|target_mid|near_equal,27,0.8630636700495734,needs_new_semantic_universe_or_higher_carrier,32,0.0,1.0,11.500068443095726,12.833745388763994,2397->207|2397->237|2397->1024|2397->1054|2397->1846|2397->1957|2397->2242|2397->2252|2397->2272|2397->2299|2397->2346|2397->2363|2397->2380|2397->2445|2397->2465|2397->2475|2397->2502|2397->2512|2397->2549|2397->2583|2397->2600|2397->2617|2397->2648|2397->2668|2397->2678
654,x = x ◇ (y ◇ ((z ◇ y) ◇ z)),31,31,4643,0.010864933958244567,10,5,3,V=(V*(V*((V*V)*V))),a=(a*(b*((c*b)*c))),residue_zero|diagonal_pressure_gain|source_ultra_specific|target_mid|near_equal,19,1.365810898502716,needs_new_semantic_universe_or_higher_carrier,31,0.0,1.0,12.089971056556255,14.059239148295845,654->416|654->418|654->426|654->428|654->451|654->454|654->616|654->638|654->646|654->824|654->832|654->860|654->1022|654->1025|654->1037|654->1044|654->1052|654->1060|654->1222|654->1225|654->1228|654->1230|654->1238|654->1240|654->1247
2549,x = (y ◇ ((y ◇ z) ◇ x)) ◇ x,31,31,4565,0.02748189177673626,10,5,3,V=((V*((V*V)*V))*V),a=((b*((b*c)*a))*a),residue_zero|mixed_residual_geometry|source_ultra_specific|target_mid|near_equal,26,0.8828597725911205,needs_new_semantic_universe_or_higher_carrier,31,0.0,1.0,11.467310289136998,12.787587900763864,2549->207|2549->237|2549->1024|2549->1054|2549->1846|2549->1957|2549->2242|2549->2252|2549->2262|2549->2272|2549->2299|2549->2336|2549->2346|2549->2363|2549->2380|2549->2397|2549->2465|2549->2475|2549->2502|2549->2512|2549->2583|2549->2600|2549->2617|2549->2648|2549->2678
1183,x = y ◇ ((z ◇ (z ◇ y)) ◇ x),30,30,4683,0.002343417128248828,10,5,3,V=(V*((V*(V*V))*V)),a=(b*((c*(c*b))*a)),residue_zero|diagonal_pressure_gain|source_ultra_specific|target_mid|near_equal,10,2.519368832093841,needs_new_semantic_universe_or_higher_carrier,30,0.0,1.0,12.91162667886334,14.763003812155866,1183->7|1183->15|1183->410|1183->418|1183->435|1183->465|1183->499|1183->512|1183->527|1183->574|1183->1628|1183->1646|1183->1690|1183->1730|1183->1779|1183->3252|1183->3260|1183->3277|1183->3305|1183->3318|1183->3333|1183->3352|1183->3413|1183->3861|1183->3886
2484,x = (x ◇ ((y ◇ z) ◇ z)) ◇ y,30,30,4683,0.002343417128248828,10,5,3,V=((V*((V*V)*V))*V),a=((a*((b*c)*c))*b),residue_zero|diagonal_pressure_gain|source_ultra_specific|target_mid|near_equal,10,2.519368832093841,needs_new_semantic_universe_or_higher_carrier,30,0.0,1.0,12.912230405643207,14.763003812155866,2484->22|2484->25|2484->1831|2484->1837|2484->1849|2484->1860|2484->1872|2484->3049|2484->3052|2484->3057|2484->3065|2484->3074|2484->3078|2484->3082|2484->3093|2484->3455|2484->3458|2484->3517|2484->3521|2484->3525|2484->4064|2484->4067|2484->4072|2484->4117|2484->4126
1661,x = (x ◇ y) ◇ ((y ◇ z) ◇ z),30,30,4683,0.002343417128248828,10,4,3,V=((V*V)*((V*V)*V)),a=((a*b)*((b*c)*c)),residue_zero|diagonal_pressure_gain|source_ultra_specific|target_mid|near_equal,10,2.519368832093841,needs_new_semantic_universe_or_higher_carrier,30,0.0,1.0,12.748897072309875,14.413003812155866,1661->22|1661->25|1661->1831|1661->1837|1661->1849|1661->1860|1661->1872|1661->3049|1661->3052|1661->3057|1661->3065|1661->3074|1661->3078|1661->3082|1661->3093|1661->3455|1661->3458|1661->3517|1661->3521|1661->3525|1661->4064|1661->4067|1661->4072|1661->4117|1661->4126
1948,x = (y ◇ (y ◇ z)) ◇ (z ◇ x),30,30,4683,0.002343417128248828,10,4,3,V=((V*(V*V))*(V*V)),a=((b*(b*c))*(c*a)),residue_zero|diagonal_pressure_gain|source_ultra_specific|target_mid|near_equal,10,2.519368832093841,needs_new_semantic_universe_or_higher_carrier,30,0.0,1.0,12.748293345530007,14.413003812155866,1948->7|1948->15|1948->410|1948->418|1948->435|1948->465|1948->499|1948->512|1948->527|1948->574|1948->1628|1948->1646|1948->1690|1948->1730|1948->1779|1948->3252|1948->3260|1948->3277|1948->3305|1948->3318|1948->3333|1948->3352|1948->3413|1948->3861|1948->3886
4556,x ◇ (y ◇ z) = (w ◇ x) ◇ x,30,30,4649,0.009586706433745207,10,3,4,(V*(V*V))=((V*V)*V),(a*(b*c))=((d*a)*a),residue_zero|mixed_residual_geometry|source_ultra_specific|target_mid|near_equal,12,1.8989295636909351,needs_new_semantic_universe_or_higher_carrier,30,0.0,1.0,11.971851708975814,13.033007441401601,4556->4381|4556->4387|4556->4397|4556->4400|4556->4407|4556->4422|4556->4434|4556->4437|4556->4444|4556->4459|4556->4471|4556->4474|4556->4481|4556->4496|4556->4509|4556->4513|4556->4517|4556->4526|4556->4547|4556->4571|4556->4583|4556->4589|4556->4598|4556->4605|4556->4610
4568,x ◇ (y ◇ z) = (w ◇ z) ◇ z,30,30,4649,0.009586706433745207,10,3,4,(V*(V*V))=((V*V)*V),(a*(b*c))=((d*c)*c),residue_zero|mixed_residual_geometry|source_ultra_specific|target_mid|near_equal,12,1.8989295636909351,needs_new_semantic_universe_or_higher_carrier,30,0.0,1.0,11.938625245764692,13.033007441401601,4568->4381|4568->4387|4568->4395|4568->4405|4568->4411|4568->4423|4568->4434|4568->4437|4568->4444|4568->4459|4568->4469|4568->4479|4568->4485|4568->4497|4568->4507|4568->4528|4568->4541|4568->4545|4568->4553|4568->4573|4568->4583|4568->4589|4568->4598|4568->4605|4568->4610
4522,x ◇ (y ◇ z) = (y ◇ x) ◇ x,30,30,4649,0.009586706433745207,10,3,3,(V*(V*V))=((V*V)*V),(a*(b*c))=((b*a)*a),residue_zero|new_rhs_variable_pressure|source_ultra_specific|target_mid|near_equal,10,1.8787261337980539,needs_new_semantic_universe_or_higher_carrier,30,0.0,1.0,11.755185042309147,12.783007441401601,4522->4381|4522->4387|4522->4397|4522->4400|4522->4407|4522->4422|4522->4434|4522->4437|4522->4444|4522->4459|4522->4471|4522->4474|4522->4481|4522->4496|4522->4509|4522->4513|4522->4517|4522->4526|4522->4547|4522->4571|4522->4583|4522->4589|4522->4598|4522->4605|4522->4610
4539,x ◇ (y ◇ z) = (z ◇ x) ◇ x,30,30,4649,0.009586706433745207,10,3,3,(V*(V*V))=((V*V)*V),(a*(b*c))=((c*a)*a),residue_zero|new_rhs_variable_pressure|source_ultra_specific|target_mid|near_equal,10,1.8787261337980539,needs_new_semantic_universe_or_higher_carrier,30,0.0,1.0,11.755185042309147,12.783007441401601,4539->4381|4539->4387|4539->4397|4539->4400|4539->4407|4539->4422|4539->4434|4539->4437|4539->4444|4539->4459|4539->4471|4539->4474|4539->4481|4539->4496|4539->4509|4539->4513|4539->4517|4539->4526|4539->4547|4539->4571|4539->4583|4539->4589|4539->4598|4539->4605|4539->4610
3925,x ◇ y = (x ◇ (y ◇ x)) ◇ z,29,29,4633,0.012995313165743502,10,4,3,(V*V)=((V*(V*V))*V),(a*b)=((a*(b*a))*c),residue_zero|mixed_residual_geometry|source_ultra_specific|target_mid|near_equal,14,1.2921642625537564,needs_new_semantic_universe_or_higher_carrier,29,0.0,1.0,12.025709695943046,13.594930798884766,3925->322|3925->325|3925->3305|3925->3307|3925->3308|3925->3314|3925->3317|3925->3318|3925->3510|3925->3511|3925->3512|3925->3520|3925->3521|3925->3522|3925->3916|3925->3917|3925->3918|3925->3926|3925->3927|3925->3928|3925->4282|3925->4283|3925->4313|3925->4397|3925->4398
3599,x ◇ y = z ◇ ((y ◇ x) ◇ y),29,29,4633,0.012995313165743502,10,4,3,(V*V)=(V*((V*V)*V)),(a*b)=(c*((b*a)*b)),residue_zero|mixed_residual_geometry|source_ultra_specific|target_mid|near_equal,14,1.2921642625537564,needs_new_semantic_universe_or_higher_carrier,29,0.0,1.0,12.036772554109895,13.459129257725705,3599->374|3599->377|3599->3508|3599->3511|3599->3545|3599->3548|3599->3582|3599->3586|3599->3914|3599->3917|3599->3951|3599->3954|3599->3988|3599->3992|3599->4117|3599->4120|3599->4130|3599->4154|3599->4157|3599->4164|3599->4395|3599->4398|3599->4441|3599->4444|3599->4528
3582,x ◇ y = z ◇ ((x ◇ x) ◇ y),29,29,4633,0.012995313165743502,10,4,3,(V*V)=(V*((V*V)*V)),(a*b)=(c*((a*a)*b)),residue_zero|mixed_residual_geometry|source_ultra_specific|target_general|near_equal,14,1.3611297797951358,needs_new_semantic_universe_or_higher_carrier,29,0.0,1.0,12.022319369512314,13.083822707167114,3582->377|3582->384|3582->3511|3582->3518|3582->3548|3582->3555|3582->3586|3582->3599|3582->3917|3582->3924|3582->3954|3582->3961|3582->3992|3582->4005|3582->4120|3582->4127|3582->4130|3582->4154|3582->4157|3582->4164|3582->4398|3582->4405|3582->4434|3582->4441|3582->4532
3928,x ◇ y = (x ◇ (y ◇ y)) ◇ z,29,29,4633,0.012995313165743502,10,4,3,(V*V)=((V*(V*V))*V),(a*b)=((a*(b*b))*c),residue_zero|mixed_residual_geometry|source_ultra_specific|target_general|near_equal,14,1.3611297797951358,needs_new_semantic_universe_or_higher_carrier,29,0.0,1.0,11.957048608826824,13.071243924960255,3928->322|3928->324|3928->3305|3928->3307|3928->3308|3928->3314|3928->3315|3928->3317|3928->3510|3928->3511|3928->3512|3928->3517|3928->3518|3928->3519|3928->3916|3928->3917|3928->3918|3928->3923|3928->3924|3928->3925|3928->4282|3928->4283|3928->4313|3928->4397|3928->4398
3107,x = (((y ◇ x) ◇ x) ◇ z) ◇ x,29,29,4455,0.05091606305922454,10,5,3,V=((((V*V)*V)*V)*V),a=((((b*a)*a)*c)*a),residue_zero|mixed_residual_geometry|source_specific|target_mid|near_equal,25,0.6906950555920002,needs_new_semantic_universe_or_higher_carrier,29,0.0,1.0,11.159091236624358,12.462996188186795,3107->237|3107->1054|3107->1957|3107->2305|3107->2309|3107->2313|3107->2346|3107->2363|3107->2380|3107->2397|3107->2414|3107->2549|3107->2583|3107->2600|3107->2617|3107->2668|3107->2678|3107->2698|3107->2701|3107->2715|3107->2752|3107->2773|3107->2777|3107->2786|3107->2803
836,x = x ◇ ((y ◇ x) ◇ (y ◇ z)),28,28,4685,0.0019173412867490413,10,4,3,V=(V*((V*V)*(V*V))),a=(a*((b*a)*(b*c))),residue_zero|mixed_residual_geometry|source_ultra_specific|target_mid|near_equal,23,1.0201433152964865,needs_new_semantic_universe_or_higher_carrier,28,0.0,1.0,11.7732553186753,13.55489005092517,836->103|836->1019|836->1021|836->1044|836->1047|836->1050|836->1222|836->1223|836->1224|836->1227|836->1237|836->1238|836->1239|836->1240|836->1241|836->1242|836->1243|836->1244|836->1247|836->1248|836->1249|836->1250|836->1253|836->1257|836->1258
1635,x = (x ◇ x) ◇ ((y ◇ x) ◇ z),28,28,4624,0.014912654452492544,10,4,3,V=((V*V)*((V*V)*V)),a=((a*a)*((b*a)*c)),residue_zero|mixed_residual_geometry|source_ultra_specific|target_mid|near_equal,15,1.3553153956598167,needs_new_semantic_universe_or_higher_carrier,28,0.0,1.0,11.917617914939441,13.544078471371245,1635->152|1635->325|1635->1636|1635->1639|1635->1833|1635->1839|1635->1842|1635->1849|1635->1852|1635->2252|1635->2458|1635->2461|1635->3257|1635->3315|1635->3317|1635->3318|1635->3319|1635->3321|1635->3461|1635->3462|1635->4119|1635->4120|1635->4129|1635->4130|1635->4597
1903,x = (y ◇ (x ◇ z)) ◇ (x ◇ x),28,28,4624,0.014912654452492544,10,4,3,V=((V*(V*V))*(V*V)),a=((b*(a*c))*(a*a)),residue_zero|mixed_residual_geometry|source_ultra_specific|target_mid|near_equal,15,1.3553153956598167,needs_new_semantic_universe_or_higher_carrier,28,0.0,1.0,11.909445815025476,13.408276930212184,1903->155|1903->374|1903->1037|1903->1040|1903->1224|1903->1643|1903->1646|1903->1649|1903->1653|1903->1663|1903->1856|1903->1866|1903->3305|1903->3308|1903->3342|1903->3345|1903->3879|1903->3882|1903->4066|1903->4117|1903->4127|1903->4137|1903->4154|1903->4191|1903->4283
679,x = y ◇ (x ◇ ((y ◇ y) ◇ y)),28,28,4691,0.0006391137622496804,10,5,2,V=(V*(V*((V*V)*V))),a=(b*(a*((b*b)*b))),residue_zero|mixed_residual_geometry|source_ultra_specific|target_mid|near_equal,27,0.222284830685688,needs_new_semantic_universe_or_higher_carrier,28,0.0,1.0,12.090031582323396,13.190598487006136,679->410|679->476|679->706|679->1019|679->1112|679->1222|679->1315|679->1425|679->1491|679->1518|679->1628|679->1694|679->1831|679->1931|679->2034|679->2127|679->2134|679->2237|679->2330|679->2440|679->2533|679->2846|679->2939|679->2946|679->3049
2946,x = ((y ◇ (y ◇ y)) ◇ x) ◇ y,28,28,4691,0.0006391137622496804,10,5,2,V=(((V*(V*V))*V)*V),a=(((b*(b*b))*a)*b),residue_zero|mixed_residual_geometry|source_ultra_specific|target_mid|near_equal,27,0.222284830685688,needs_new_semantic_universe_or_higher_carrier,28,0.0,1.0,12.090031582323396,13.190598487006136,2946->410|2946->476|2946->613|2946->679|2946->706|2946->1019|2946->1112|2946->1222|2946->1315|2946->1425|2946->1491|2946->1518|2946->1628|2946->1694|2946->1831|2946->1931|2946->2034|2946->2127|2946->2134|2946->2237|2946->2330|2946->2440|2946->2533|2946->2939|2946->3049
1288,x = y ◇ (((x ◇ y) ◇ y) ◇ y),27,27,4683,0.002343417128248828,10,5,2,V=(V*(((V*V)*V)*V)),a=(b*(((a*b)*b)*b)),residue_zero|mixed_residual_geometry|source_ultra_specific|target_mid|near_equal,22,0.824980257347893,needs_new_semantic_universe_or_higher_carrier,27,0.0,1.0,12.218540926979783,14.854969255033126,1288->42|1288->510|1288->512|1288->706|1288->713|1288->1112|1288->1119|1288->1315|1288->2330|1288->2337|1288->2506|1288->2533|1288->2912|1288->2939|1288->3078|1288->3115|1288->4282|1288->4357|1288->4397|1288->4404|1288->4434|1288->4441|1288->4481|1288->4530|1288->4543
2337,x = (y ◇ (y ◇ (y ◇ x))) ◇ y,27,27,4683,0.002343417128248828,10,5,2,V=((V*(V*(V*V)))*V),a=((b*(b*(b*a)))*b),residue_zero|mixed_residual_geometry|source_ultra_specific|target_mid|near_equal,22,0.824980257347893,needs_new_semantic_universe_or_higher_carrier,27,0.0,1.0,12.218540926979783,14.854969255033126,2337->42|2337->510|2337->512|2337->706|2337->713|2337->1112|2337->1119|2337->1288|2337->1315|2337->2330|2337->2506|2337->2533|2337->2912|2337->2939|2337->3078|2337->3115|2337->4282|2337->4357|2337->4397|2337->4404|2337->4434|2337->4441|2337->4481|2337->4530|2337->4543
432,x = x ◇ (y ◇ (x ◇ (z ◇ y))),27,27,4622,0.01533873029399233,10,5,3,V=(V*(V*(V*(V*V)))),a=(a*(b*(a*(c*b)))),residue_zero|mixed_residual_geometry|source_ultra_specific|target_mid|near_equal,16,1.3278754646456608,needs_new_semantic_universe_or_higher_carrier,27,0.0,1.0,11.842161063847504,13.265794878799115,432->99|432->360|432->438|432->817|432->818|432->819|432->820|432->832|432->833|432->835|432->838|432->1022|432->1223|432->1225|432->1228|432->1229|432->1248|432->1259|432->3305|432->3314|432->3863|432->3869|432->3872|432->4069|432->4072
3179,x = (((y ◇ z) ◇ x) ◇ y) ◇ x,27,27,4622,0.01533873029399233,10,5,3,V=((((V*V)*V)*V)*V),a=((((b*c)*a)*b)*a),residue_zero|mixed_residual_geometry|source_ultra_specific|target_mid|near_equal,16,1.3278754646456608,needs_new_semantic_universe_or_higher_carrier,27,0.0,1.0,11.833670588415862,13.203476951250897,3179->217|3179->308|3179->2289|3179->2299|3179->2302|3179->2305|3179->2309|3179->2326|3179->2529|3179->2658|3179->2695|3179->2698|3179->2701|3179->2732|3179->2735|3179->2769|3179->2773|3179->3077|3179->3254|3179->3260|3179->3460|3179->3463|3179->3466|3179->4130|3179->4164
2045,x = ((x ◇ x) ◇ y) ◇ (z ◇ x),27,27,4678,0.0034086067319982955,10,4,3,V=(((V*V)*V)*(V*V)),a=(((a*a)*b)*(c*a)),residue_zero|mixed_residual_geometry|source_ultra_specific|target_general|near_equal,20,0.9790231724570173,needs_new_semantic_universe_or_higher_carrier,27,0.0,1.0,11.782789333823972,13.092493851721397,2045->2059|2045->2062|2045->2065|2045->2069|2045->2073|2045->2077|2045->2081|2045->3254|2045->3260|2045->3263|2045->3308|2045->3311|2045->3318|2045->3321|2045->3329|2045->3333|2045->3337|2045->4268|2045->4283|2045->4286|2045->4315|2045->4339|2045->4359|2045->4598|2045->4601
1460,x = (x ◇ y) ◇ (z ◇ (x ◇ x)),27,27,4678,0.0034086067319982955,10,4,3,V=((V*V)*(V*(V*V))),a=((a*b)*(c*(a*a))),residue_zero|mixed_residual_geometry|source_ultra_specific|target_general|near_equal,20,0.9790231724570173,needs_new_semantic_universe_or_higher_carrier,27,0.0,1.0,11.872943903452088,13.01899138972847,1460->1433|1460->1436|1460->1453|1460->1456|1460->1464|1460->1468|1460->1472|1460->4069|1460->4072|1460->4075|1460->4117|1460->4120|1460->4123|1460->4137|1460->4141|1460->4145|1460->4149|1460->4283|1460->4286|1460->4339|1460->4359|1460->4583|1460->4598|1460->4601|1460->4630
3354,x ◇ y = y ◇ (y ◇ (y ◇ x)),26,26,4686,0.0017043033659991478,10,4,2,(V*V)=(V*(V*(V*V))),(a*b)=(b*(b*(b*a))),residue_zero|mixed_residual_geometry|source_ultra_specific|target_mid|near_equal,13,1.1956217818146277,needs_new_semantic_universe_or_higher_carrier,26,0.0,1.0,12.185254475946662,14.450417788776813,3354->42|3354->3305|3354->3307|3354->3352|3354->3510|3354->3517|3354->3548|3354->3555|3354->3916|3354->3923|3354->3954|3354->3961|3354->4126|3354->4130|3354->4153|3354->4157|3354->4282|3354->4357|3354->4397|3354->4404|3354->4441|3354->4481|3354->4530|3354->4543|3354->4634
4153,x ◇ y = ((y ◇ x) ◇ x) ◇ x,26,26,4686,0.0017043033659991478,10,4,2,(V*V)=(((V*V)*V)*V),(a*b)=(((b*a)*a)*a),residue_zero|mixed_residual_geometry|source_ultra_specific|target_mid|near_equal,13,1.1956217818146277,needs_new_semantic_universe_or_higher_carrier,26,0.0,1.0,12.185254475946662,14.450417788776813,4153->42|4153->3305|4153->3307|4153->3352|4153->3354|4153->3510|4153->3517|4153->3548|4153->3555|4153->3916|4153->3923|4153->3954|4153->3961|4153->4126|4153->4130|4153->4157|4153->4282|4153->4357|4153->4397|4153->4404|4153->4441|4153->4481|4153->4530|4153->4543|4153->4634
1049,x = x ◇ ((y ◇ (y ◇ y)) ◇ z),25,25,4686,0.0017043033659991478,10,5,3,V=(V*((V*(V*V))*V)),a=(a*((b*(b*b))*c)),residue_zero|mixed_residual_geometry|source_ultra_specific|target_mid|near_equal,18,1.1771245697587873,needs_new_semantic_universe_or_higher_carrier,25,0.0,1.0,11.626627863503904,13.392492868521636,1049->98|1049->103|1049->104|1049->107|1049->150|1049->1035|1049->1037|1049->1044|1049->1222|1049->1223|1049->1227|1049->1237|1049->1238|1049->1239|1049->1240|1049->1241|1049->1242|1049->1247|1049->1250|1049->1251|1049->1252|1049->1257|1049->1262|1049->4379|1049->4395
4540,x ◇ (y ◇ z) = (z ◇ x) ◇ y,25,25,4688,0.0012782275244993609,10,3,3,(V*(V*V))=((V*V)*V),(a*(b*c))=((c*a)*b),residue_zero|mixed_residual_geometry|source_ultra_specific|target_mid|near_equal,9,1.9026831892554923,needs_new_semantic_universe_or_higher_carrier,25,0.0,1.0,11.916294816761217,12.555985414828822,4540->4282|4540->4289|4540->4319|4540->4357|4540->4361|4540->4363|4540->4368|4540->4395|4540->4397|4540->4434|4540->4441|4540->4472|4540->4481|4540->4511|4540->4514|4540->4524|4540->4530|4540->4543|4540->4597|4540->4604|4540->4634|4540->4672|4540->4676|4540->4678|4540->4683
256,x = ((x ◇ x) ◇ y) ◇ x,24,24,4682,0.0025564550489987218,8,4,2,V=(((V*V)*V)*V),a=(((a*a)*b)*a),residue_zero|mixed_residual_geometry|source_ultra_specific|target_general|target_larger,11,2.0972444899122604,needs_new_semantic_universe_or_higher_carrier,24,0.0,1.0,12.915587626722191,14.195848187757882,256->259|256->322|256->325|256->2034|256->2039|256->2049|256->2658|256->2661|256->2851|256->2861|256->2871|256->2881|256->3305|256->3308|256->3318|256->3455|256->3457|256->3508|256->3518|256->3521|256->3524|256->4283|256->4583|256->4630
2777,x = ((y ◇ z) ◇ (x ◇ z)) ◇ x,24,24,4685,0.0019173412867490413,10,4,3,V=(((V*V)*(V*V))*V),a=(((b*c)*(a*c))*a),residue_zero|mixed_residual_geometry|source_ultra_specific|target_mid|near_equal,19,1.1386865525783176,needs_new_semantic_universe_or_higher_carrier,24,0.0,1.0,11.697015131821233,13.338949031398556,2777->204|2777->2237|2777->2239|2777->2242|2777->2245|2777->2248|2777->2252|2777->2255|2777->2258|2777->2265|2777->2276|2777->2280|2777->2289|2777->2292|2777->2302|2777->2313|2777->2329|2777->2440|2777->2448|2777->2455|2777->2468|2777->2483|2777->4064|2777->4117
2654,x = ((x ◇ x) ◇ (y ◇ z)) ◇ x,24,24,4682,0.0025564550489987218,10,4,3,V=(((V*V)*(V*V))*V),a=(((a*a)*(b*c))*a),residue_zero|mixed_residual_geometry|source_ultra_specific|target_general|near_equal,11,1.9160563421790617,needs_new_semantic_universe_or_higher_carrier,24,0.0,1.0,12.134337626722191,13.321448463693832,2654->259|2654->322|2654->325|2654->2034|2654->2039|2654->2049|2654->2658|2654->2661|2654->2851|2654->2861|2654->2871|2654->2881|2654->3305|2654->3308|2654->3318|2654->3455|2654->3457|2654->3508|2654->3518|2654->3521|2654->3524|2654->4283|2654->4583|2654->4630
1026,x = x ◇ ((x ◇ (y ◇ x)) ◇ z),24,24,4573,0.02577758841073711,10,5,3,V=(V*((V*(V*V))*V)),a=(a*((a*(b*a))*c)),residue_zero|mixed_residual_geometry|source_ultra_specific|target_mid|near_equal,20,0.8166890883150209,needs_new_semantic_universe_or_higher_carrier,24,0.0,1.0,11.42450621373555,12.718773178450691,1026->100|1026->101|1026->821|1026->823|1026->824|1026->825|1026->826|1026->1027|1026->1028|1026->1030|1026->1031|1026->1224|1026->1225|1026->1227|1026->1228|1026->1230|1026->1231|1026->1233|1026->1630|1026->1631|1026->2445|1026->2448|1026->3457|1026->3458
2512,x = (y ◇ ((x ◇ z) ◇ x)) ◇ x,24,24,4573,0.02577758841073711,10,5,3,V=((V*((V*V)*V))*V),a=((b*((a*c)*a))*a),residue_zero|mixed_residual_geometry|source_ultra_specific|target_mid|near_equal,20,0.8166890883150209,needs_new_semantic_universe_or_higher_carrier,24,0.0,1.0,11.428800499546147,12.718773178450691,2512->207|2512->227|2512->1024|2512->1044|2512->1846|2512->1920|2512->2242|2512->2252|2512->2262|2512->2272|2512->2299|2512->2326|2512->2336|2512->2465|2512->2475|2512->2539|2512->2583|2512->2648|2512->2668|2512->2715|2512->2742|2512->2803|2512->3866|2512->3886
1234,x = x ◇ (((x ◇ y) ◇ z) ◇ y),24,24,4556,0.0293992330634853,10,5,3,V=(V*(((V*V)*V)*V)),a=(a*(((a*b)*c)*b)),residue_zero|mixed_residual_geometry|source_ultra_specific|target_mid|near_equal,20,0.785235442391543,needs_new_semantic_universe_or_higher_carrier,24,0.0,1.0,10.99324900794057,12.212503371220562,1234->102|1234->824|1234->826|1234->827|1234->828|1234->829|1234->830|1234->1025|1234->1026|1234->1029|1234->1031|1234->1032|1234->1033|1234->1226|1234->1227|1234->1229|1234->1230|1234->1232|1234->1233|1234->1235|1234->1236|1234->1632|1234->2451|1234->3459
713,x = y ◇ (y ◇ ((y ◇ x) ◇ y)),23,23,4679,0.0031955688112484024,10,5,2,V=(V*(V*((V*V)*V))),a=(b*(b*((b*a)*b))),residue_zero|mixed_residual_geometry|source_ultra_specific|target_mid|near_equal,18,0.9123163027543337,needs_new_semantic_universe_or_higher_carrier,23,0.0,1.0,12.05869743772107,14.623743235292238,713->42|713->512|713->706|713->1112|713->1288|713->1315|713->2330|713->2506|713->2533|713->2912|713->2939|713->3078|713->3115|713->4282|713->4357|713->4397|713->4404|713->4441|713->4481|713->4530|713->4543|713->4634|713->4676
1119,x = y ◇ ((y ◇ (y ◇ x)) ◇ y),23,23,4679,0.0031955688112484024,10,5,2,V=(V*((V*(V*V))*V)),a=(b*((b*(b*a))*b)),residue_zero|mixed_residual_geometry|source_ultra_specific|target_mid|near_equal,18,0.9123163027543337,needs_new_semantic_universe_or_higher_carrier,23,0.0,1.0,12.05869743772107,14.623743235292238,1119->42|1119->512|1119->706|1119->1112|1119->1288|1119->1315|1119->2330|1119->2506|1119->2533|1119->2912|1119->2939|1119->3078|1119->3115|1119->4282|1119->4357|1119->4397|1119->4404|1119->4441|1119->4481|1119->4530|1119->4543|1119->4634|1119->4676
2506,x = (y ◇ ((x ◇ y) ◇ y)) ◇ y,23,23,4679,0.0031955688112484024,10,5,2,V=((V*((V*V)*V))*V),a=((b*((a*b)*b))*b),residue_zero|mixed_residual_geometry|source_ultra_specific|target_mid|near_equal,18,0.9123163027543337,needs_new_semantic_universe_or_higher_carrier,23,0.0,1.0,12.05869743772107,14.623743235292238,2506->42|2506->510|2506->512|2506->706|2506->713|2506->1112|2506->1119|2506->1315|2506->2330|2506->2337|2506->2533|2506->2939|2506->3078|2506->4282|2506->4357|2506->4397|2506->4404|2506->4441|2506->4481|2506->4530|2506->4543|2506->4634|2506->4676
2912,x = ((y ◇ (x ◇ y)) ◇ y) ◇ y,23,23,4679,0.0031955688112484024,10,5,2,V=(((V*(V*V))*V)*V),a=(((b*(a*b))*b)*b),residue_zero|mixed_residual_geometry|source_ultra_specific|target_mid|near_equal,18,0.9123163027543337,needs_new_semantic_universe_or_higher_carrier,23,0.0,1.0,12.05869743772107,14.623743235292238,2912->42|2912->510|2912->512|2912->706|2912->713|2912->1112|2912->1119|2912->1315|2912->2330|2912->2337|2912->2533|2912->2939|2912->3078|2912->4282|2912->4357|2912->4397|2912->4404|2912->4441|2912->4481|2912->4530|2912->4543|2912->4634|2912->4676
3341,x ◇ y = y ◇ (x ◇ (x ◇ x)),23,23,4691,0.0006391137622496804,10,4,2,(V*V)=(V*(V*(V*V))),(a*b)=(b*(a*(a*a))),residue_zero|mixed_residual_geometry|source_ultra_specific|target_general|near_equal,12,1.208830175294948,needs_new_semantic_universe_or_higher_carrier,23,0.0,1.0,12.373444465024845,14.273743235292237,3341->42|3341->3318|3341->3455|3341->3521|3341->3544|3341->3861|3341->3914|3341->3963|3341->4064|3341->4117|3341->4166|3341->4282|3341->4357|3341->4379|3341->4397|3341->4404|3341->4434|3341->4441|3341->4481|3341->4530|3341->4543|3341->4634|3341->4676
3544,x ◇ y = y ◇ ((x ◇ x) ◇ x),23,23,4691,0.0006391137622496804,10,4,2,(V*V)=(V*((V*V)*V)),(a*b)=(b*((a*a)*a)),residue_zero|mixed_residual_geometry|source_ultra_specific|target_general|near_equal,12,1.208830175294948,needs_new_semantic_universe_or_higher_carrier,23,0.0,1.0,12.379375415263533,14.273743235292237,3544->42|3544->3252|3544->3318|3544->3341|3544->3521|3544->3861|3544->3914|3544->3963|3544->4064|3544->4117|3544->4166|3544->4282|3544->4357|3544->4379|3544->4397|3544->4404|3544->4434|3544->4441|3544->4481|3544->4530|3544->4543|3544->4634|3544->4676
3963,x ◇ y = (y ◇ (y ◇ y)) ◇ x,23,23,4691,0.0006391137622496804,10,4,2,(V*V)=((V*(V*V))*V),(a*b)=((b*(b*b))*a),residue_zero|mixed_residual_geometry|source_ultra_specific|target_general|near_equal,12,1.208830175294948,needs_new_semantic_universe_or_higher_carrier,23,0.0,1.0,12.379375415263533,14.273743235292237,3963->42|3963->3252|3963->3318|3963->3341|3963->3455|3963->3521|3963->3544|3963->3914|3963->4064|3963->4117|3963->4166|3963->4282|3963->4357|3963->4379|3963->4397|3963->4404|3963->4434|3963->4441|3963->4481|3963->4530|3963->4543|3963->4634|3963->4676
4166,x ◇ y = ((y ◇ y) ◇ y) ◇ x,23,23,4691,0.0006391137622496804,10,4,2,(V*V)=(((V*V)*V)*V),(a*b)=(((b*b)*b)*a),residue_zero|mixed_residual_geometry|source_ultra_specific|target_general|near_equal,12,1.208830175294948,needs_new_semantic_universe_or_higher_carrier,23,0.0,1.0,12.37315363945307,14.273743235292237,4166->42|4166->3252|4166->3318|4166->3341|4166->3455|4166->3521|4166->3544|4166->3861|4166->3914|4166->3963|4166->4117|4166->4282|4166->4357|4166->4379|4166->4397|4166->4404|4166->4434|4166->4441|4166->4481|4166->4530|4166->4543|4166->4634|4166->4676
1704,x = (y ◇ x) ◇ ((z ◇ y) ◇ x),23,23,4677,0.003621644652748189,10,4,3,V=((V*V)*((V*V)*V)),a=((b*a)*((c*b)*a)),residue_zero|mixed_residual_geometry|source_ultra_specific|target_mid|near_equal,11,1.8468870513032214,needs_new_semantic_universe_or_higher_carrier,23,0.0,1.0,11.728188942561536,13.277716039618173,1704->150|1704->152|1704->155|1704->165|1704->1630|1704->1636|1704->1639|1704->1831|1704->1836|1704->1846|1704->1856|1704->1866|1704->2049|1704->2123|1704->2160|1704->3257|1704->3876|1704->3951|1704->3961|1704->4064|1704->4066|1704->4082|1704->4605
2168,x = ((y ◇ z) ◇ x) ◇ (z ◇ x),23,23,4677,0.003621644652748189,10,4,3,V=(((V*V)*V)*(V*V)),a=(((b*c)*a)*(c*a)),residue_zero|mixed_residual_geometry|source_ultra_specific|target_mid|near_equal,11,1.8468870513032214,needs_new_semantic_universe_or_higher_carrier,23,0.0,1.0,11.728188942561536,13.277716039618173,2168->150|2168->152|2168->155|2168->165|2168->1630|2168->1636|2168->1639|2168->1831|2168->1836|2168->1846|2168->1856|2168->1866|2168->2049|2168->2123|2168->2160|2168->3257|2168->3876|2168->3951|2168->3961|2168->4064|2168->4066|2168->4082|2168->4605
1287,x = y ◇ (((x ◇ y) ◇ y) ◇ x),23,23,4691,0.0006391137622496804,10,5,2,V=(V*(((V*V)*V)*V)),a=(b*(((a*b)*b)*a)),residue_zero|mixed_residual_geometry|source_ultra_specific|target_mid|near_equal,10,1.7900504167841065,needs_new_semantic_universe_or_higher_carrier,23,0.0,1.0,12.186224556333787,13.2346151959775,1287->98|1287->126|1287->150|1287->178|1287->410|1287->418|1287->435|1287->465|1287->499|1287->512|1287->527|1287->574|1287->1324|1287->2034|1287->2062|1287->2136|1287->3861|1287->3886|1287->3914|1287->3961|1287->4022|1287->4274|1287->4306
2263,x = (x ◇ (y ◇ (y ◇ x))) ◇ y,23,23,4691,0.0006391137622496804,10,5,2,V=((V*(V*(V*V)))*V),a=((a*(b*(b*a)))*b),residue_zero|mixed_residual_geometry|source_ultra_specific|target_mid|near_equal,10,1.7900504167841065,needs_new_semantic_universe_or_higher_carrier,23,0.0,1.0,12.186612546577125,13.2346151959775,2263->150|2263->159|2263->202|2263->211|2263->1425|2263->1453|2263->1454|2263->2266|2263->3049|2263->3052|2263->3057|2263->3065|2263->3074|2263->3078|2263->3082|2263->3093|2263->3455|2263->3458|2263->3517|2263->3521|2263->3525|2263->4584|2263->4655
882,x = y ◇ ((x ◇ y) ◇ (y ◇ y)),23,23,4691,0.0006391137622496804,10,4,2,V=(V*((V*V)*(V*V))),a=(b*((a*b)*(b*b))),residue_zero|mixed_residual_geometry|source_ultra_specific|target_mid|near_equal,22,0.2580186686648155,needs_new_semantic_universe_or_higher_carrier,23,0.0,1.0,11.973178294573913,12.88886932257096,882->410|882->613|882->1019|882->1085|882->1222|882->1425|882->1628|882->1721|882->1831|882->1897|882->2034|882->2100|882->2237|882->2303|882->2440|882->2643|882->2709|882->2736|882->2846|882->3049|882->3142|882->4379|882->4434
2743,x = ((y ◇ y) ◇ (y ◇ x)) ◇ y,23,23,4691,0.0006391137622496804,10,4,2,V=(((V*V)*(V*V))*V),a=(((b*b)*(b*a))*b),residue_zero|mixed_residual_geometry|source_ultra_specific|target_mid|near_equal,22,0.2580186686648155,needs_new_semantic_universe_or_higher_carrier,23,0.0,1.0,11.973178294573914,12.88886932257096,2743->410|2743->503|2743->613|2743->816|2743->909|2743->916|2743->1019|2743->1222|2743->1322|2743->1425|2743->1525|2743->1628|2743->1728|2743->1831|2743->1924|2743->2034|2743->2237|2743->2440|2743->2540|2743->2846|2743->3049|2743->4379|2743->4434
1525,x = (y ◇ y) ◇ (y ◇ (x ◇ y)),22,22,4690,0.0008521516829995739,10,4,2,V=((V*V)*(V*(V*V))),a=((b*b)*(b*(a*b))),residue_zero|mixed_residual_geometry|source_ultra_specific|target_mid|near_equal,21,0.26676498780302604,needs_new_semantic_universe_or_higher_carrier,22,0.0,1.0,11.899963793750983,12.825029900942765,1525->410|1525->503|1525->613|1525->816|1525->909|1525->916|1525->1019|1525->1222|1525->1322|1525->1628|1525->1728|1525->1831|1525->1924|1525->2034|1525->2237|1525->2440|1525->2540|1525->2743|1525->2846|1525->3049|1525->4379|1525->4434
1694,x = (y ◇ x) ◇ ((y ◇ y) ◇ y),22,22,4685,0.0019173412867490413,10,4,2,V=((V*V)*((V*V)*V)),a=((b*a)*((b*b)*b)),residue_zero|mixed_residual_geometry|source_ultra_specific|target_mid|near_equal,21,0.26676498780302604,needs_new_semantic_universe_or_higher_carrier,22,0.0,1.0,11.90397737174665,12.825029900942765,1694->410|1694->476|1694->706|1694->1019|1694->1112|1694->1222|1694->1315|1694->1425|1694->1491|1694->1518|1694->2034|1694->2127|1694->2134|1694->2237|1694->2330|1694->2440|1694->2533|1694->2939|1694->3049|1694->3149|1694->4379|1694->4434
1931,x = (y ◇ (y ◇ y)) ◇ (x ◇ y),22,22,4685,0.0019173412867490413,10,4,2,V=((V*(V*V))*(V*V)),a=((b*(b*b))*(a*b)),residue_zero|mixed_residual_geometry|source_ultra_specific|target_mid|near_equal,21,0.26676498780302604,needs_new_semantic_universe_or_higher_carrier,22,0.0,1.0,11.90397737174665,12.825029900942765,1931->410|1931->476|1931->706|1931->1019|1931->1112|1931->1222|1931->1315|1931->1425|1931->1491|1931->1518|1931->2034|1931->2127|1931->2134|1931->2237|1931->2330|1931->2440|1931->2533|1931->2939|1931->3049|1931->3149|1931->4379|1931->4434
2100,x = ((y ◇ x) ◇ y) ◇ (y ◇ y),22,22,4690,0.0008521516829995739,10,4,2,V=(((V*V)*V)*(V*V)),a=(((b*a)*b)*(b*b)),residue_zero|mixed_residual_geometry|source_ultra_specific|target_mid|near_equal,21,0.26676498780302604,needs_new_semantic_universe_or_higher_carrier,22,0.0,1.0,11.899963793750983,12.825029900942765,2100->410|2100->613|2100->882|2100->1019|2100->1085|2100->1222|2100->1425|2100->1628|2100->1721|2100->1831|2100->1897|2100->2237|2100->2303|2100->2440|2100->2643|2100->2709|2100->2736|2100->2846|2100->3049|2100->3142|2100->4379|2100->4434
480,x = y ◇ (x ◇ (y ◇ (z ◇ z))),22,22,4670,0.0051129100979974435,10,5,3,V=(V*(V*(V*(V*V)))),a=(b*(a*(b*(c*c)))),residue_zero|diagonal_pressure_gain|source_ultra_specific|target_mid|near_equal,14,1.2406705316766884,needs_new_semantic_universe_or_higher_carrier,22,0.0,1.0,11.601805430982768,12.77274902906983,480->428|480->512|480->561|480->1487|480->1491|480->1495|480->2034|480->2037|480->2040|480->2123|480->2127|480->2131|480->2134|480->2145|480->3049|480->3055|480->3067|480->3078|480->3090|480->3138|480->3149|480->3160
3160,x = (((y ◇ y) ◇ z) ◇ x) ◇ z,22,22,4670,0.0051129100979974435,10,5,3,V=((((V*V)*V)*V)*V),a=((((b*b)*c)*a)*c),residue_zero|diagonal_pressure_gain|source_ultra_specific|target_mid|near_equal,14,1.2406705316766884,needs_new_semantic_universe_or_higher_carrier,22,0.0,1.0,11.606594545330854,12.77274902906983,3160->410|3160->413|3160->428|3160->472|3160->476|3160->480|3160->512|3160->561|3160->1425|3160->1428|3160->1487|3160->1491|3160->1495|3160->1514|3160->1518|3160->1522|3160->2040|3160->2134|3160->2145|3160->3067|3160->3078|3160->3090
2380,x = (y ◇ (z ◇ (y ◇ x))) ◇ x,22,22,4556,0.0293992330634853,10,5,3,V=((V*(V*(V*V)))*V),a=((b*(c*(b*a)))*a),residue_zero|mixed_residual_geometry|source_ultra_specific|target_mid|near_equal,19,0.6998578570269279,needs_new_semantic_universe_or_higher_carrier,22,0.0,1.0,10.8621562086714,12.064441439587286,2380->237|2380->1054|2380->1957|2380->2242|2380->2262|2380->2272|2380->2346|2380->2363|2380->2397|2380->2502|2380->2512|2380->2549|2380->2583|2380->2600|2380->2617|2380->2668|2380->2678|2380->2752|2380->2786|2380->2803|2380->2820|2380->3896
1447,x = (x ◇ y) ◇ (x ◇ (z ◇ y)),21,21,4654,0.008521516829995739,10,4,3,V=((V*V)*(V*(V*V))),a=((a*b)*(a*(c*b))),residue_zero|mixed_residual_geometry|source_ultra_specific|target_mid|near_equal,12,0.9852281360342515,needs_new_semantic_universe_or_higher_carrier,21,0.0,1.0,11.631359857238111,12.491733866025566,1447->1434|1447->1637|1447->1646|1447->1653|1447->1656|1447->1659|1447->1849|1447->1859|1447->1870|1447->3260|1447->3261|1447->3305|1447->3461|1447->3464|1447->3517|1447->3520|1447->4072|1447->4120|1447->4130|1447->4313|1447->4598
1696,x = (y ◇ x) ◇ ((y ◇ z) ◇ x),21,21,4654,0.008521516829995739,10,4,3,V=((V*V)*((V*V)*V)),a=((b*a)*((b*c)*a)),residue_zero|mixed_residual_geometry|source_ultra_specific|target_mid|near_equal,12,0.9852281360342515,needs_new_semantic_universe_or_higher_carrier,21,0.0,1.0,11.632402813927522,12.491733866025566,1696->1646|1696->1656|1696->1667|1696->1839|1696->1849|1696->1859|1696->1874|1696->1930|1696->2133|1696->3260|1696->3305|1696->3308|1696->3879|1696->3889|1696->3951|1696->3961|1696->4072|1696->4092|1696->4130|1696->4283|1696->4605
1868,x = (x ◇ (y ◇ z)) ◇ (x ◇ z),21,21,4654,0.008521516829995739,10,4,3,V=((V*(V*V))*(V*V)),a=((a*(b*c))*(a*c)),residue_zero|mixed_residual_geometry|source_ultra_specific|target_mid|near_equal,12,0.9852281360342515,needs_new_semantic_universe_or_higher_carrier,21,0.0,1.0,11.631359857238111,12.491733866025566,1868->1434|1868->1637|1868->1646|1868->1653|1868->1656|1868->1659|1868->1849|1868->1859|1868->1870|1868->3260|1868->3261|1868->3305|1868->3461|1868->3464|1868->3517|1868->3520|1868->4072|1868->4120|1868->4130|1868->4313|1868->4598
2164,x = ((y ◇ z) ◇ x) ◇ (y ◇ x),21,21,4654,0.008521516829995739,10,4,3,V=(((V*V)*V)*(V*V)),a=(((b*c)*a)*(b*a)),residue_zero|mixed_residual_geometry|source_ultra_specific|target_mid|near_equal,12,0.9852281360342515,needs_new_semantic_universe_or_higher_carrier,21,0.0,1.0,11.632402813927522,12.491733866025566,2164->1646|2164->1656|2164->1667|2164->1839|2164->1849|2164->1859|2164->1874|2164->1930|2164->2133|2164->3260|2164->3305|2164->3308|2164->3879|2164->3889|2164->3951|2164->3961|2164->4072|2164->4092|2164->4130|2164->4283|2164->4605
205,x = (x ◇ (x ◇ y)) ◇ y,20,20,4677,0.003621644652748189,8,4,2,V=((V*(V*V))*V),a=((a*(a*b))*b),residue_zero|mixed_residual_geometry|source_ultra_specific|target_mid|target_larger,14,1.419035274338866,needs_new_semantic_universe_or_higher_carrier,20,0.0,1.0,12.282900315036471,13.660970743043727,205->208|205->325|205->1451|205->1453|205->1647|205->1654|205->1840|205->1850|205->2246|205->2253|205->2443|205->2466|205->3055|205->3067|205->3078|205->3090|205->3318|205->4070|205->4282|205->4357
123,x = y ◇ ((y ◇ x) ◇ x),20,20,4677,0.003621644652748189,8,4,2,V=(V*((V*V)*V)),a=(b*((b*a)*a)),residue_zero|mixed_residual_geometry|source_ultra_specific|target_mid|target_larger,14,1.419035274338866,needs_new_semantic_universe_or_higher_carrier,20,0.0,1.0,12.284287777378097,13.5874682810508,123->116|123->374|123->428|123->472|123->512|123->561|123->1084|123->1108|123->1277|123->1321|123->1720|123->1727|123->1896|123->1923|123->2062|123->2099|123->3270|123->4117|123->4634|123->4676
1322,x = y ◇ (((y ◇ y) ◇ x) ◇ y),20,20,4688,0.0012782275244993609,10,5,2,V=(V*(((V*V)*V)*V)),a=(b*(((b*b)*a)*b)),residue_zero|mixed_residual_geometry|source_ultra_specific|target_mid|near_equal,19,0.28639695711595625,needs_new_semantic_universe_or_higher_carrier,20,0.0,1.0,11.830558635261905,12.70643839861156,1322->410|1322->503|1322->613|1322->816|1322->909|1322->916|1322->1019|1322->1628|1322->1728|1322->1831|1322->1924|1322->2034|1322->2237|1322->2440|1322->2540|1322->2743|1322->2846|1322->3049|1322->4379|1322->4434
2303,x = (y ◇ (x ◇ (y ◇ y))) ◇ y,20,20,4688,0.0012782275244993609,10,5,2,V=((V*(V*(V*V)))*V),a=((b*(a*(b*b)))*b),residue_zero|mixed_residual_geometry|source_ultra_specific|target_mid|near_equal,19,0.28639695711595625,needs_new_semantic_universe_or_higher_carrier,20,0.0,1.0,11.826710583205099,12.70643839861156,2303->410|2303->613|2303->882|2303->1019|2303->1085|2303->1222|2303->1425|2303->1628|2303->1721|2303->1831|2303->1897|2303->2440|2303->2643|2303->2709|2303->2736|2303->2846|2303->3049|2303->3142|2303->4379|2303->4434
1483,x = (y ◇ x) ◇ (x ◇ (z ◇ x)),19,19,4683,0.002343417128248828,10,4,3,V=((V*V)*(V*(V*V))),a=((b*a)*(a*(c*a))),residue_zero|mixed_residual_geometry|source_ultra_specific|target_general|near_equal,12,1.562688039303908,needs_new_semantic_universe_or_higher_carrier,19,0.0,1.0,11.512469131302288,13.004233704427243,1483->358|1483->363|1483->3863|1483->3869|1483->3879|1483->3882|1483->3889|1483->3904|1483->4064|1483->4069|1483->4079|1483->4089|1483->4099|1483->4586|1483->4605|1483->4614|1483->4644|1483->4665|1483->4688
2051,x = ((x ◇ y) ◇ x) ◇ (x ◇ z),19,19,4683,0.002343417128248828,10,4,3,V=(((V*V)*V)*(V*V)),a=(((a*b)*a)*(a*c)),residue_zero|mixed_residual_geometry|source_ultra_specific|target_general|near_equal,12,1.562688039303908,needs_new_semantic_universe_or_higher_carrier,19,0.0,1.0,11.443966330224328,12.997544716276446,2051->306|2051->307|2051->3252|2051->3253|2051->3254|2051->3255|2051->3256|2051->3460|2051->3461|2051->3462|2051->3463|2051->3464|2051->3465|2051->4267|2051->4281|2051->4313|2051->4314|2051->4338|2051->4356
2885,x = ((x ◇ (y ◇ z)) ◇ y) ◇ x,18,18,4688,0.0012782275244993609,10,5,3,V=(((V*(V*V))*V)*V),a=(((a*(b*c))*b)*a),residue_zero|mixed_residual_geometry|source_ultra_specific|target_general|near_equal,5,2.4355205042826666,needs_new_semantic_universe_or_higher_carrier,18,0.0,1.0,12.224713918656455,13.27060477469512,2885->254|2885->262|2885->306|2885->325|2885->2034|2885->2059|2885->2643|2885->2645|2885->2668|2885->2671|2885->2674|2885->3252|2885->3318|2885->3455|2885->3457|2885->3518|2885->3521|2885->3524
628,x = x ◇ (y ◇ ((x ◇ x) ◇ x)),18,18,4691,0.0006391137622496804,10,5,2,V=(V*(V*((V*V)*V))),a=(a*(b*((a*a)*a))),residue_zero|mixed_residual_geometry|source_ultra_specific|target_mid|near_equal,7,1.994299475957303,needs_new_semantic_universe_or_higher_carrier,18,0.0,1.0,11.819687624600672,13.027293762845916,628->46|628->51|628->358|628->377|628->615|628->816|628->821|628->831|628->834|628->841|628->851|628->1425|628->3861|628->3866|628->3924|628->3927|628->4064|628->4130
1723,x = (y ◇ y) ◇ ((x ◇ z) ◇ x),18,18,4672,0.004686834256497656,10,4,3,V=((V*V)*((V*V)*V)),a=((b*b)*((a*c)*a)),residue_zero|mixed_residual_geometry|source_ultra_specific|target_general|near_equal,10,1.2326602568158205,needs_new_semantic_universe_or_higher_carrier,18,0.0,1.0,11.39996890412582,12.927293762845917,1723->1643|1723->1646|1723->1649|1723->1656|1723->1671|1723->3260|1723->3305|1723->4064|1723->4069|1723->4089|1723->4117|1723->4127|1723->4130|1723->4137|1723->4154|1723->4164|1723->4174|1723->4225
1854,x = (x ◇ (y ◇ x)) ◇ (z ◇ z),18,18,4672,0.004686834256497656,10,4,3,V=((V*(V*V))*(V*V)),a=((a*(b*a))*(c*c)),residue_zero|mixed_residual_geometry|source_ultra_specific|target_general|near_equal,10,1.2326602568158205,needs_new_semantic_universe_or_higher_carrier,18,0.0,1.0,11.398033809203199,12.92060477469512,1854->1833|1854->1849|1854->1852|1854->1859|1854->1862|1854->3252|1854->3254|1854->3255|1854->3305|1854->3314|1854->3315|1854->3317|1854->3318|1854->3320|1854->3321|1854->3322|1854->4072|1854->4130
2674,x = ((x ◇ y) ◇ (y ◇ z)) ◇ x,18,18,4688,0.0012782275244993609,10,4,3,V=(((V*V)*(V*V))*V),a=(((a*b)*(b*c))*a),residue_zero|mixed_residual_geometry|source_ultra_specific|target_general|near_equal,5,2.4355205042826666,needs_new_semantic_universe_or_higher_carrier,18,0.0,1.0,11.95351615297901,12.92060477469512,2674->254|2674->262|2674->306|2674->325|2674->2034|2674->2059|2674->2846|2674->2851|2674->2864|2674->2874|2674->2885|2674->3252|2674->3318|2674->3455|2674->3457|2674->3518|2674->3521|2674->3524
855,x = x ◇ ((y ◇ z) ◇ (y ◇ x)),18,18,4683,0.002343417128248828,10,4,3,V=(V*((V*V)*(V*V))),a=(a*((b*c)*(b*a))),residue_zero|mixed_residual_geometry|source_ultra_specific|target_mid|near_equal,10,1.879964948727111,needs_new_semantic_universe_or_higher_carrier,18,0.0,1.0,11.425158458654906,12.784192919205243,855->51|855->377|855->615|855->628|855->631|855->634|855->638|855->641|855->644|855->831|855->841|855->851|855->1425|855->3861|855->3866|855->3924|855->3927|855->4130
57,x = x ◇ (y ◇ (z ◇ x)),17,17,4654,0.008521516829995739,8,4,3,V=(V*(V*(V*V))),a=(a*(b*(c*a))),residue_zero|repeat_pressure|source_ultra_specific|target_general|target_larger,9,1.8210319581338212,needs_new_semantic_universe_or_higher_carrier,17,0.0,1.0,12.833489538560324,13.95309208729983,57->374|57->1425|57->1427|57->1430|57->1433|57->1436|57->3861|57->3866|57->3914|57->3924|57->3927|57->3934|57->4117|57->4120|57->4268|57->4315|57->4598
265,x = ((x ◇ y) ◇ z) ◇ x,17,17,4654,0.008521516829995739,8,4,3,V=(((V*V)*V)*V),a=(((a*b)*c)*a),residue_zero|repeat_pressure|source_ultra_specific|target_general|target_larger,9,1.8210319581338212,needs_new_semantic_universe_or_higher_carrier,17,0.0,1.0,12.889264938871506,13.95309208729983,265->325|265->2034|265->2039|265->2049|265->2059|265->2069|265->3308|265->3318|265->3455|265->3457|265->3508|265->3518|265->3521|265->3524|265->4283|265->4583|265->4630
2893,x = ((x ◇ (y ◇ z)) ◇ w) ◇ x,17,17,4654,0.008521516829995739,10,5,4,V=(((V*(V*V))*V)*V),a=(((a*(b*c))*d)*a),residue_zero|repeat_pressure|source_ultra_specific|target_general|near_equal,9,1.8210319581338212,needs_new_semantic_universe_or_higher_carrier,17,0.0,1.0,12.356911997695034,13.428692363235779,2893->325|2893->2034|2893->2039|2893->2049|2893->2059|2893->2069|2893->3308|2893->3318|2893->3455|2893->3457|2893->3508|2893->3518|2893->3521|2893->3524|2893->4283|2893->4583|2893->4630
660,x = x ◇ (y ◇ ((z ◇ w) ◇ x)),17,17,4654,0.008521516829995739,10,5,4,V=(V*(V*((V*V)*V))),a=(a*(b*((c*d)*a))),residue_zero|repeat_pressure|source_ultra_specific|target_general|near_equal,9,1.8210319581338212,needs_new_semantic_universe_or_higher_carrier,17,0.0,1.0,12.30113659738385,13.303092087299829,660->374|660->1425|660->1427|660->1430|660->1433|660->1436|660->3861|660->3866|660->3914|660->3924|660->3927|660->3934|660->4117|660->4120|660->4268|660->4315|660->4598
730,x = y ◇ (y ◇ ((z ◇ z) ◇ x)),17,17,4674,0.004260758414997869,10,5,3,V=(V*(V*((V*V)*V))),a=(b*(b*((c*c)*a))),residue_zero|diagonal_pressure_gain|source_ultra_specific|target_general|near_equal,9,1.7033848993102918,needs_new_semantic_universe_or_higher_carrier,17,0.0,1.0,12.089099143483239,13.196192930940501,730->675|730->834|730->905|730->1480|730->3861|730->3886|730->3914|730->3927|730->3954|730->3961|730->4022|730->4064|730->4089|730->4117|730->4130|730->4164|730->4225
2857,x = ((x ◇ (x ◇ y)) ◇ z) ◇ x,17,17,4654,0.008521516829995739,10,5,3,V=(((V*(V*V))*V)*V),a=(((a*(a*b))*c)*a),residue_zero|mixed_residual_geometry|source_ultra_specific|target_general|near_equal,10,1.6627992560224794,needs_new_semantic_universe_or_higher_carrier,17,0.0,1.0,12.106911997695034,13.178692363235779,2857->325|2857->2034|2857->2039|2857->2049|2857->2059|2857->2069|2857->3308|2857->3318|2857->3455|2857->3457|2857->3508|2857->3518|2857->3521|2857->3524|2857->4283|2857->4583|2857->4630
2690,x = ((x ◇ y) ◇ (z ◇ w)) ◇ x,17,17,4654,0.008521516829995739,10,4,4,V=(((V*V)*(V*V))*V),a=(((a*b)*(c*d))*a),residue_zero|repeat_pressure|source_ultra_specific|target_general|near_equal,9,1.8210319581338212,needs_new_semantic_universe_or_higher_carrier,17,0.0,1.0,12.006911997695036,13.07869236323578,2690->325|2690->2034|2690->2039|2690->2049|2690->2059|2690->2069|2690->3308|2690->3318|2690->3455|2690->3457|2690->3508|2690->3518|2690->3521|2690->3524|2690->4283|2690->4583|2690->4630
644,x = x ◇ (y ◇ ((y ◇ z) ◇ x)),17,17,4682,0.0025564550489987218,10,5,3,V=(V*(V*((V*V)*V))),a=(a*(b*((b*c)*a))),residue_zero|mixed_residual_geometry|source_ultra_specific|target_mid|near_equal,9,1.9386790169573507,needs_new_semantic_universe_or_higher_carrier,17,0.0,1.0,11.54688596811924,13.053092087299829,644->51|644->377|644->628|644->631|644->634|644->831|644->834|644->841|644->844|644->851|644->855|644->1425|644->3861|644->3866|644->3924|644->3927|644->4130
648,x = x ◇ (y ◇ ((z ◇ x) ◇ x)),17,17,4654,0.008521516829995739,10,5,3,V=(V*(V*((V*V)*V))),a=(a*(b*((c*a)*a))),residue_zero|mixed_residual_geometry|source_ultra_specific|target_general|near_equal,10,1.6627992560224794,needs_new_semantic_universe_or_higher_carrier,17,0.0,1.0,12.05113659738385,13.053092087299829,648->374|648->1425|648->1427|648->1430|648->1433|648->1436|648->3861|648->3866|648->3914|648->3924|648->3927|648->3934|648->4117|648->4120|648->4268|648->4315|648->4598
863,x = x ◇ ((y ◇ z) ◇ (w ◇ x)),17,17,4654,0.008521516829995739,10,4,4,V=(V*((V*V)*(V*V))),a=(a*((b*c)*(d*a))),residue_zero|repeat_pressure|source_ultra_specific|target_general|near_equal,9,1.8210319581338212,needs_new_semantic_universe_or_higher_carrier,17,0.0,1.0,11.951136597383853,12.95309208729983,863->374|863->1425|863->1427|863->1430|863->1433|863->1436|863->3861|863->3866|863->3914|863->3924|863->3927|863->3934|863->4117|863->4120|863->4268|863->4315|863->4598
980,x = y ◇ ((z ◇ z) ◇ (y ◇ x)),17,17,4674,0.004260758414997869,10,4,3,V=(V*((V*V)*(V*V))),a=(b*((c*c)*(b*a))),residue_zero|diagonal_pressure_gain|source_ultra_specific|target_general|near_equal,9,1.7033848993102918,needs_new_semantic_universe_or_higher_carrier,17,0.0,1.0,11.780275614071474,12.846192930940502,980->675|980->834|980->905|980->1480|980->3861|980->3886|980->3914|980->3927|980->3954|980->3961|980->4022|980->4064|980->4089|980->4117|980->4130|980->4164|980->4225
1542,x = (y ◇ y) ◇ (z ◇ (z ◇ x)),17,17,4674,0.004260758414997869,10,4,3,V=((V*V)*(V*(V*V))),a=((b*b)*(c*(c*a))),residue_zero|diagonal_pressure_gain|source_ultra_specific|target_general|near_equal,9,1.7033848993102918,needs_new_semantic_universe_or_higher_carrier,17,0.0,1.0,11.780275614071474,12.846192930940502,1542->675|1542->834|1542->905|1542->1480|1542->3861|1542->3886|1542->3914|1542->3927|1542->3954|1542->3961|1542->4022|1542->4064|1542->4089|1542->4117|1542->4130|1542->4164|1542->4225
1442,x = (x ◇ y) ◇ (x ◇ (x ◇ z)),16,16,4686,0.0017043033659991478,10,4,3,V=((V*V)*(V*(V*V))),a=((a*b)*(a*(a*c))),residue_zero|mixed_residual_geometry|source_ultra_specific|target_general|near_equal,6,2.007856063692049,needs_new_semantic_universe_or_higher_carrier,16,0.0,1.0,11.71507651585914,13.51184302151247,1442->22|1442->1431|1442->1628|1442->1629|1442->1634|1442->2440|1442->3049|1442->3054|1442->3520|1442->3521|1442->4064|1442->4066|1442->4117|1442->4130|1442->4267|1442->4281
652,x = x ◇ (y ◇ ((z ◇ y) ◇ x)),16,16,4688,0.0012782275244993609,10,5,3,V=(V*(V*((V*V)*V))),a=(a*(b*((c*b)*a))),residue_zero|mixed_residual_geometry|source_ultra_specific|target_mid|near_equal,5,2.4772170014624826,needs_new_semantic_universe_or_higher_carrier,16,0.0,1.0,12.114283086773652,13.11045531018058,652->46|652->54|652->358|652->374|652->816|652->824|652->831|652->844|652->859|652->1425|652->1433|652->3861|652->3866|652->3914|652->4064|652->4117
859,x = x ◇ ((y ◇ z) ◇ (z ◇ x)),16,16,4688,0.0012782275244993609,10,4,3,V=(V*((V*V)*(V*V))),a=(a*((b*c)*(c*a))),residue_zero|mixed_residual_geometry|source_ultra_specific|target_mid|near_equal,5,2.4772170014624826,needs_new_semantic_universe_or_higher_carrier,16,0.0,1.0,11.837717132756094,12.76045531018058,859->46|859->54|859->358|859->374|859->613|859->618|859->631|859->641|859->652|859->1425|859->1433|859->3861|859->3866|859->3914|859->4064|859->4117
2081,x = ((x ◇ y) ◇ z) ◇ (w ◇ x),16,16,4667,0.005752023860247124,10,4,4,V=(((V*V)*V)*(V*V)),a=(((a*b)*c)*(d*a)),residue_zero|mixed_residual_geometry|source_ultra_specific|target_general|near_equal,10,0.954434002924965,needs_new_semantic_universe_or_higher_carrier,16,0.0,1.0,11.481686837446277,12.594007102542916,2081->3254|2081->3260|2081->3263|2081->3308|2081->3311|2081->3318|2081->3321|2081->3329|2081->3333|2081->3337|2081->4268|2081->4283|2081->4286|2081->4315|2081->4339|2081->4359
1472,x = (x ◇ y) ◇ (z ◇ (w ◇ x)),16,16,4667,0.005752023860247124,10,4,4,V=((V*V)*(V*(V*V))),a=((a*b)*(c*(d*a))),residue_zero|mixed_residual_geometry|source_ultra_specific|target_general|near_equal,10,0.954434002924965,needs_new_semantic_universe_or_higher_carrier,16,0.0,1.0,11.54890957926283,12.52050464054999,1472->4069|1472->4072|1472->4075|1472->4117|1472->4120|1472->4123|1472->4137|1472->4141|1472->4145|1472->4149|1472->4583|1472->4598|1472->4601|1472->4630|1472->4654|1472->4674
2073,x = ((x ◇ y) ◇ z) ◇ (y ◇ x),16,16,4667,0.005752023860247124,10,4,3,V=(((V*V)*V)*(V*V)),a=(((a*b)*c)*(b*a)),residue_zero|mixed_residual_geometry|source_ultra_specific|target_general|near_equal,16,0.0,needs_new_semantic_universe_or_higher_carrier,16,0.0,1.0,11.294186837446277,12.344007102542916,2073->3254|2073->3260|2073->3263|2073->3308|2073->3311|2073->3318|2073->3321|2073->3329|2073->3333|2073->3337|2073->4268|2073->4283|2073->4286|2073->4315|2073->4339|2073->4359
1464,x = (x ◇ y) ◇ (z ◇ (y ◇ x)),16,16,4667,0.005752023860247124,10,4,3,V=((V*V)*(V*(V*V))),a=((a*b)*(c*(b*a))),residue_zero|mixed_residual_geometry|source_ultra_specific|target_general|near_equal,16,0.0,needs_new_semantic_universe_or_higher_carrier,16,0.0,1.0,11.36140957926283,12.27050464054999,1464->4069|1464->4072|1464->4075|1464->4117|1464->4120|1464->4123|1464->4137|1464->4141|1464->4145|1464->4149|1464->4583|1464->4598|1464->4601|1464->4630|1464->4654|1464->4674
2738,x = ((y ◇ y) ◇ (x ◇ z)) ◇ x,16,16,4625,0.01469961653174265,10,4,3,V=(((V*V)*(V*V))*V),a=(((b*b)*(a*c))*a),residue_zero|mixed_residual_geometry|source_ultra_specific|target_mid|near_equal,14,0.6685644431995964,needs_new_semantic_universe_or_higher_carrier,16,0.0,1.0,10.55390340456266,11.433338954540433,2738->217|2738->2289|2738->2299|2738->2302|2738->2305|2738->2309|2738->2317|2738->2326|2738->2363|2738->2658|2738->2695|2738->2698|2738->2701|2738->2769|2738->2773|2738->3460
839,x = x ◇ ((y ◇ x) ◇ (z ◇ z)),16,16,4625,0.01469961653174265,10,4,3,V=(V*((V*V)*(V*V))),a=(a*((b*a)*(c*c))),residue_zero|mixed_residual_geometry|source_ultra_specific|target_mid|near_equal,14,0.6685644431995964,needs_new_semantic_universe_or_higher_carrier,16,0.0,1.0,10.522120605612162,11.405168077573737,839->99|839->817|839->818|839->820|839->832|839->833|839->838|839->1223|839->1225|839->1226|839->1228|839->1229|839->1248|839->1249|839->1259|839->3863
160,x = (x ◇ y) ◇ (y ◇ z),15,15,4632,0.013208351086493396,8,3,3,V=((V*V)*(V*V)),a=((a*b)*(b*c)),residue_zero|target_deepening|source_ultra_specific|target_mid|target_larger,11,1.103307408607834,needs_new_semantic_universe_or_higher_carrier,15,0.0,1.0,13.20516635631634,14.074791202014254,160->3049|160->3052|160->3055|160->3057|160->3065|160->3067|160->3074|160->3078|160->3082|160->3090|160->3093|160->4584|160->4597|160->4655|160->4672
193,x = (y ◇ z) ◇ (z ◇ x),15,15,4632,0.013208351086493396,8,3,3,V=((V*V)*(V*V)),a=((b*c)*(c*a)),residue_zero|target_deepening|source_ultra_specific|target_mid|target_larger,11,1.103307408607834,needs_new_semantic_universe_or_higher_carrier,15,0.0,1.0,13.205457008054697,14.074791202014254,193->410|193->418|193->428|193->435|193->465|193->472|193->499|193->512|193->527|193->561|193->574|193->4274|193->4306|193->4319|193->4361
137,x = y ◇ ((z ◇ y) ◇ x),15,15,4632,0.013208351086493396,8,4,3,V=(V*((V*V)*V)),a=(b*((c*b)*a)),residue_zero|repeat_pressure|source_ultra_specific|target_mid|target_larger,8,1.7232314287976207,needs_new_semantic_universe_or_higher_carrier,15,0.0,1.0,13.042123674721369,13.724791202014254,137->410|137->418|137->428|137->435|137->465|137->472|137->499|137->512|137->527|137->561|137->574|137->4274|137->4306|137->4319|137->4361
214,x = (x ◇ (y ◇ z)) ◇ y,15,15,4632,0.013208351086493396,8,4,3,V=((V*(V*V))*V),a=((a*(b*c))*b),residue_zero|repeat_pressure|source_ultra_specific|target_mid|target_larger,8,1.7232314287976207,needs_new_semantic_universe_or_higher_carrier,15,0.0,1.0,13.041833022983008,13.724791202014254,214->3049|214->3052|214->3055|214->3057|214->3065|214->3067|214->3074|214->3078|214->3082|214->3090|214->3093|214->4584|214->4597|214->4655|214->4672
64,x = y ◇ (x ◇ (y ◇ x)),15,15,4691,0.0006391137622496804,8,4,2,V=(V*(V*(V*V))),a=(b*(a*(b*a))),residue_zero|mixed_residual_geometry|source_ultra_specific|target_mid|target_larger,6,2.155913095175825,needs_new_semantic_universe_or_higher_carrier,15,0.0,1.0,12.406083902419919,13.669518377455926,64->358|64->374|64->613|64->631|64->678|64->816|64->871|64->878|64->1425|64->1490|64->1517|64->3861|64->3914|64->4064|64->4117
260,x = ((x ◇ y) ◇ x) ◇ y,15,15,4691,0.0006391137622496804,8,4,2,V=(((V*V)*V)*V),a=(((a*b)*a)*b),residue_zero|mixed_residual_geometry|source_ultra_specific|target_mid|target_larger,6,2.155913095175825,needs_new_semantic_universe_or_higher_carrier,15,0.0,1.0,12.363097487760378,13.66282938930513,260->306|260->325|260->2034|260->2053|260->2060|260->2643|260->2649|260->2659|260->2846|260->2864|260->2872|260->3252|260->3318|260->3455|260->3521
2285,x = (x ◇ (y ◇ (z ◇ w))) ◇ y,15,15,4632,0.013208351086493396,10,5,4,V=((V*(V*(V*V)))*V),a=((a*(b*(c*d)))*b),residue_zero|repeat_pressure|source_ultra_specific|target_mid|near_equal,8,1.7232314287976207,needs_new_semantic_universe_or_higher_carrier,15,0.0,1.0,11.878499689649674,12.777723691156268,2285->3049|2285->3052|2285->3055|2285->3057|2285->3065|2285->3067|2285->3074|2285->3078|2285->3082|2285->3090|2285->3093|2285->4584|2285->4597|2285->4655|2285->4672
675,x = y ◇ (x ◇ ((y ◇ x) ◇ x)),15,15,4691,0.0006391137622496804,10,5,2,V=(V*(V*((V*V)*V))),a=(b*(a*((b*a)*a))),residue_zero|mixed_residual_geometry|source_ultra_specific|target_general|near_equal,11,0.8366407419411672,needs_new_semantic_universe_or_higher_carrier,15,0.0,1.0,11.93460400040283,12.769518377455926,675->702|675->1425|675->1433|675->1480|675->3861|675->3886|675->3914|675->3954|675->3961|675->4022|675->4064|675->4117|675->4130|675->4274|675->4306
2852,x = ((x ◇ (x ◇ y)) ◇ x) ◇ y,15,15,4691,0.0006391137622496804,10,5,2,V=(((V*(V*V))*V)*V),a=(((a*(a*b))*a)*b),residue_zero|mixed_residual_geometry|source_ultra_specific|target_general|near_equal,11,0.8366407419411672,needs_new_semantic_universe_or_higher_carrier,15,0.0,1.0,11.897172278216221,12.76282938930513,2852->2034|2852->2050|2852->2059|2852->2849|2852->3252|2852->3305|2852->3318|2852->3455|2852->3458|2852->3510|2852->3517|2852->3521|2852->3525|2852->4584|2852->4655
1459,x = (x ◇ y) ◇ (y ◇ (z ◇ w)),15,15,4632,0.013208351086493396,10,4,4,V=((V*V)*(V*(V*V))),a=((a*b)*(b*(c*d))),residue_zero|repeat_pressure|source_ultra_specific|target_mid|near_equal,8,1.7232314287976207,needs_new_semantic_universe_or_higher_carrier,15,0.0,1.0,12.041833022983006,12.724791202014254,1459->3049|1459->3052|1459->3055|1459->3057|1459->3065|1459->3067|1459->3074|1459->3078|1459->3082|1459->3090|1459->3093|1459->4584|1459->4597|1459->4655|1459->4672
2226,x = ((y ◇ z) ◇ w) ◇ (w ◇ x),15,15,4632,0.013208351086493396,10,4,4,V=(((V*V)*V)*(V*V)),a=(((b*c)*d)*(d*a)),residue_zero|repeat_pressure|source_ultra_specific|target_mid|near_equal,8,1.7232314287976207,needs_new_semantic_universe_or_higher_carrier,15,0.0,1.0,12.042123674721365,12.724791202014254,2226->410|2226->418|2226->428|2226->435|2226->465|2226->472|2226->499|2226->512|2226->527|2226->561|2226->574|2226->4274|2226->4306|2226->4319|2226->4361
1404,x = y ◇ (((z ◇ w) ◇ y) ◇ x),15,15,4632,0.013208351086493396,10,5,4,V=(V*(((V*V)*V)*V)),a=(b*(((c*d)*b)*a)),residue_zero|repeat_pressure|source_ultra_specific|target_mid|near_equal,8,1.7232314287976207,needs_new_semantic_universe_or_higher_carrier,15,0.0,1.0,11.878790341388033,12.702688505213356,1404->410|1404->418|1404->428|1404->435|1404->465|1404->472|1404->499|1404->512|1404->527|1404->561|1404->574|1404->4274|1404->4306|1404->4319|1404->4361
1792,x = (y ◇ z) ◇ ((z ◇ y) ◇ x),15,15,4688,0.0012782275244993609,10,4,3,V=((V*V)*((V*V)*V)),a=((b*c)*((c*b)*a)),residue_zero|diagonal_pressure_gain|source_ultra_specific|target_mid|near_equal,6,2.289246428509158,needs_new_semantic_universe_or_higher_carrier,15,0.0,1.0,11.51036968983057,12.669518377455926,1792->1019|1792->1037|1792->1081|1792->1121|1792->1170|1792->1831|1792->1849|1792->1893|1792->1933|1792->1982|1792->4064|1792->4072|1792->4117|1792->4130|1792->4145
3893,x ◇ x = (y ◇ (y ◇ z)) ◇ y,15,15,4672,0.004686834256497656,10,4,3,(V*V)=((V*(V*V))*V),(a*a)=((b*(b*c))*b),residue_zero|mixed_residual_geometry|source_ultra_specific|target_mid|near_equal,12,1.0389205950315936,needs_new_semantic_universe_or_higher_carrier,15,0.0,1.0,10.395647482779014,12.669518377455926,3893->3659|3893->3660|3893->3662|3893->3684|3893->3685|3893->3686|3893->3688|3893->3689|3893->3690|3893->3692|3893->4064|3893->4067|3893->4089|3893->4093|3893->4097
1875,x = (x ◇ (y ◇ z)) ◇ (z ◇ y),15,15,4688,0.0012782275244993609,10,4,3,V=((V*(V*V))*(V*V)),a=((a*(b*c))*(c*b)),residue_zero|diagonal_pressure_gain|source_ultra_specific|target_mid|near_equal,6,2.289246428509158,needs_new_semantic_universe_or_higher_carrier,15,0.0,1.0,11.50686902189961,12.66282938930513,1875->1628|1875->1634|1875->1646|1875->1657|1875->1669|1875->2440|1875->2446|1875->2458|1875->2469|1875->2481|1875->3252|1875->3260|1875->3305|1875->3318|1875->3333
3495,x ◇ x = y ◇ ((z ◇ y) ◇ y),15,15,4672,0.004686834256497656,10,4,3,(V*V)=(V*((V*V)*V)),(a*a)=(b*((c*b)*b)),residue_zero|mixed_residual_geometry|source_ultra_specific|target_mid|near_equal,12,1.0389205950315936,needs_new_semantic_universe_or_higher_carrier,15,0.0,1.0,10.401539224355407,12.66282938930513,3495->3252|3495->3255|3495->3277|3495->3281|3495->3285|3495->3663|3495->3667|3495->3671|3495->3673|3495->3677|3495->3681|3495->3693|3495->3698|3495->3703|3495->3708
2652,x = ((x ◇ x) ◇ (y ◇ y)) ◇ y,15,15,4684,0.0021303792074989347,10,4,2,V=(((V*V)*(V*V))*V),a=(((a*a)*(b*b))*b),residue_zero|mixed_residual_geometry|source_ultra_specific|target_general|near_equal,7,1.6894822670191825,needs_new_semantic_universe_or_higher_carrier,15,0.0,1.0,11.317108490413807,12.652017809751204,2652->257|2652->262|2652->325|2652->2043|2652->2059|2652->2662|2652->2671|2652->2849|2652->3318|2652->3458|2652->3517|2652->3521|2652->3525|2652->4584|2652->4655
2273,x = (x ◇ (y ◇ (z ◇ x))) ◇ y,15,15,4632,0.013208351086493396,10,5,3,V=((V*(V*(V*V)))*V),a=((a*(b*(c*a)))*b),residue_zero|mixed_residual_geometry|source_ultra_specific|target_mid|near_equal,10,1.158938532350277,needs_new_semantic_universe_or_higher_carrier,15,0.0,1.0,11.628499689649674,12.527723691156268,2273->3049|2273->3052|2273->3055|2273->3057|2273->3065|2273->3067|2273->3074|2273->3078|2273->3082|2273->3090|2273->3093|2273->4584|2273->4597|2273->4655|2273->4672
2277,x = (x ◇ (y ◇ (z ◇ y))) ◇ y,15,15,4632,0.013208351086493396,10,5,3,V=((V*(V*(V*V)))*V),a=((a*(b*(c*b)))*b),residue_zero|mixed_residual_geometry|source_ultra_specific|target_mid|near_equal,10,1.158938532350277,needs_new_semantic_universe_or_higher_carrier,15,0.0,1.0,11.628499689649674,12.527723691156268,2277->3049|2277->3052|2277->3055|2277->3057|2277->3065|2277->3067|2277->3074|2277->3078|2277->3082|2277->3090|2277->3093|2277->4584|2277->4597|2277->4655|2277->4672
915,x = y ◇ ((y ◇ y) ◇ (x ◇ x)),15,15,4684,0.0021303792074989347,10,4,2,V=(V*((V*V)*(V*V))),a=(b*((b*b)*(a*a))),residue_zero|mixed_residual_geometry|source_ultra_specific|target_general|near_equal,7,1.6894822670191825,needs_new_semantic_universe_or_higher_carrier,15,0.0,1.0,11.37846238335117,12.516216268592142,915->54|915->71|915->374|915->702|915->844|915->908|915->1433|915->1524|915->3886|915->3914|915->3961|915->4022|915->4117|915->4274|915->4306
1457,x = (x ◇ y) ◇ (y ◇ (z ◇ y)),15,15,4632,0.013208351086493396,10,4,3,V=((V*V)*(V*(V*V))),a=((a*b)*(b*(c*b))),residue_zero|mixed_residual_geometry|source_ultra_specific|target_mid|near_equal,10,1.158938532350277,needs_new_semantic_universe_or_higher_carrier,15,0.0,1.0,11.791833022983006,12.474791202014254,1457->3049|1457->3052|1457->3055|1457->3057|1457->3065|1457->3067|1457->3074|1457->3078|1457->3082|1457->3090|1457->3093|1457->4584|1457->4597|1457->4655|1457->4672
2181,x = ((y ◇ z) ◇ y) ◇ (y ◇ x),15,15,4632,0.013208351086493396,10,4,3,V=(((V*V)*V)*(V*V)),a=(((b*c)*b)*(b*a)),residue_zero|mixed_residual_geometry|source_ultra_specific|target_mid|near_equal,10,1.158938532350277,needs_new_semantic_universe_or_higher_carrier,15,0.0,1.0,11.792123674721365,12.474791202014254,2181->410|2181->418|2181->428|2181->435|2181->465|2181->472|2181->499|2181->512|2181->527|2181->561|2181->574|2181->4274|2181->4306|2181->4319|2181->4361
1298,x = y ◇ (((x ◇ z) ◇ y) ◇ x),15,15,4632,0.013208351086493396,10,5,3,V=(V*(((V*V)*V)*V)),a=(b*(((a*c)*b)*a)),residue_zero|mixed_residual_geometry|source_ultra_specific|target_mid|near_equal,10,1.158938532350277,needs_new_semantic_universe_or_higher_carrier,15,0.0,1.0,11.628790341388033,12.452688505213356,1298->410|1298->418|1298->428|1298->435|1298->465|1298->472|1298->499|1298->512|1298->527|1298->561|1298->574|1298->4274|1298->4306|1298->4319|1298->4361
1335,x = y ◇ (((y ◇ z) ◇ y) ◇ x),15,15,4632,0.013208351086493396,10,5,3,V=(V*(((V*V)*V)*V)),a=(b*(((b*c)*b)*a)),residue_zero|mixed_residual_geometry|source_ultra_specific|target_mid|near_equal,10,1.158938532350277,needs_new_semantic_universe_or_higher_carrier,15,0.0,1.0,11.628790341388033,12.452688505213356,1335->410|1335->418|1335->428|1335->435|1335->465|1335->472|1335->499|1335->512|1335->527|1335->561|1335->574|1335->4274|1335->4306|1335->4319|1335->4361
2570,x = (y ◇ ((z ◇ x) ◇ y)) ◇ x,15,15,4642,0.011077971878994461,10,5,3,V=((V*((V*V)*V))*V),a=((b*((c*a)*b))*a),residue_zero|mixed_residual_geometry|source_ultra_specific|target_mid|near_equal,13,0.6998428398862386,needs_new_semantic_universe_or_higher_carrier,15,0.0,1.0,10.77499874714392,11.647867129923945,2570->207|2570->2237|2570->2242|2570->2245|2570->2252|2570->2255|2570->2262|2570->2265|2570->2272|2570->2276|2570->2280|2570->2292|2570->2445|2570->2448|2570->2475
449,x = x ◇ (y ◇ (z ◇ (y ◇ x))),14,14,4681,0.0027694929697486153,10,5,3,V=(V*(V*(V*(V*V)))),a=(a*(b*(c*(b*a)))),residue_zero|mixed_residual_geometry|source_ultra_specific|target_mid|near_equal,6,1.5916727785823275,needs_new_semantic_universe_or_higher_carrier,14,0.0,1.0,11.05457566423016,12.779609752108897,449->418|449->421|449->435|449->441|449->445|449->453|449->457|449->3861|449->3866|449->3914|449->3924|449->3934|449->4268|449->4315
634,x = x ◇ (y ◇ ((x ◇ z) ◇ x)),14,14,4679,0.0031955688112484024,10,5,3,V=(V*(V*((V*V)*V))),a=(a*(b*((a*c)*a))),residue_zero|mixed_residual_geometry|source_ultra_specific|target_mid|near_equal,6,2.1280852788913944,needs_new_semantic_universe_or_higher_carrier,14,0.0,1.0,11.43032731525285,12.779609752108897,634->54|634->377|634->638|634->641|634->644|634->834|634->844|634->855|634->1425|634->3861|634->3866|634->3924|634->3927|634->4130
3088,x = (((x ◇ y) ◇ z) ◇ y) ◇ x,14,14,4681,0.0027694929697486153,10,5,3,V=((((V*V)*V)*V)*V),a=((((a*b)*c)*b)*a),residue_zero|mixed_residual_geometry|source_ultra_specific|target_mid|near_equal,6,1.5916727785823275,needs_new_semantic_universe_or_higher_carrier,14,0.0,1.0,11.117316775903932,12.779609752108897,3088->3057|3088->3060|3088->3074|3088->3080|3088->3084|3088->3092|3088->3096|3088->3455|3088->3457|3088->3518|3088->3521|3088->3524|3088->4583|3088->4630
425,x = x ◇ (y ◇ (x ◇ (x ◇ x))),14,14,4691,0.0006391137622496804,10,5,2,V=(V*(V*(V*(V*V)))),a=(a*(b*(a*(a*a)))),residue_zero|mixed_residual_geometry|source_ultra_specific|target_general|near_equal,9,1.4838317068446891,needs_new_semantic_universe_or_higher_carrier,14,0.0,1.0,11.680381221463213,12.67271059574957,425->358|425->377|425->412|425->428|425->431|425->3861|425->3866|425->3914|425->3924|425->3934|425->4064|425->4130|425->4268|425->4315
3051,x = (((x ◇ x) ◇ x) ◇ y) ◇ x,14,14,4691,0.0006391137622496804,10,5,2,V=((((V*V)*V)*V)*V),a=((((a*a)*a)*b)*a),residue_zero|mixed_residual_geometry|source_ultra_specific|target_general|near_equal,9,1.4838317068446891,needs_new_semantic_universe_or_higher_carrier,14,0.0,1.0,11.7168190818888,12.666021607598774,3051->306|3051->322|3051->3064|3051->3067|3051->3070|3051->3252|3051->3305|3051->3455|3051->3457|3051->3518|3051->3521|3051->3524|3051->4583|3051->4630
1339,x = y ◇ (((y ◇ z) ◇ z) ◇ x),14,14,4629,0.013847464848743076,10,5,3,V=(V*(((V*V)*V)*V)),a=(b*(((b*c)*c)*a)),residue_zero|diagonal_pressure_gain|source_ultra_specific|target_mid|near_equal,6,1.877387064296613,needs_new_semantic_universe_or_higher_carrier,14,0.0,1.0,11.197965857830159,12.394101936327196,1339->1240|1339->1284|1339->1373|1339->1653|1339->1683|1339->1792|1339->2052|1339->2096|1339->2185|1339->4082|1339->4157|1339->4199|1339->4634|1339->4676
2270,x = (x ◇ (y ◇ (y ◇ z))) ◇ z,14,14,4629,0.013847464848743076,10,5,3,V=((V*(V*(V*V)))*V),a=((a*(b*(b*c)))*c),residue_zero|diagonal_pressure_gain|source_ultra_specific|target_mid|near_equal,6,1.877387064296613,needs_new_semantic_universe_or_higher_carrier,14,0.0,1.0,11.161266054474476,12.21676792104428,2270->1431|2270->1443|2270->1466|2270->1839|2270->1847|2270->1875|2270->2243|2270->2255|2270->2278|2270->3258|2270->3307|2270->3330|2270->4282|2270->4357
706,x = y ◇ (y ◇ ((x ◇ y) ◇ y)),14,14,4691,0.0006391137622496804,10,5,2,V=(V*(V*((V*V)*V))),a=(b*(b*((a*b)*b))),residue_zero|mixed_residual_geometry|source_ultra_specific|target_mid|near_equal,13,0.37123232664087563,needs_new_semantic_universe_or_higher_carrier,14,0.0,1.0,11.31007418108091,12.201730043679738,706->410|706->1019|706->1112|706->1222|706->1315|706->2237|706->2330|706->2440|706->2533|706->2846|706->2939|706->3049|706->4379|706->4434
2939,x = ((y ◇ (y ◇ x)) ◇ y) ◇ y,14,14,4691,0.0006391137622496804,10,5,2,V=(((V*(V*V))*V)*V),a=(((b*(b*a))*b)*b),residue_zero|mixed_residual_geometry|source_ultra_specific|target_mid|near_equal,13,0.37123232664087563,needs_new_semantic_universe_or_higher_carrier,14,0.0,1.0,11.31007418108091,12.201730043679738,2939->410|2939->613|2939->706|2939->1019|2939->1112|2939->1222|2939->1315|2939->2237|2939->2330|2939->2440|2939->2533|2939->3049|2939->4379|2939->4434
2198,x = ((y ◇ z) ◇ z) ◇ (y ◇ x),14,14,4629,0.013847464848743076,10,4,3,V=(((V*V)*V)*(V*V)),a=(((b*c)*c)*(b*a)),residue_zero|diagonal_pressure_gain|source_ultra_specific|target_mid|near_equal,6,1.877387064296613,needs_new_semantic_universe_or_higher_carrier,14,0.0,1.0,10.997965857830158,12.044101936327197,2198->1240|2198->1284|2198->1373|2198->1653|2198->1683|2198->1792|2198->2052|2198->2096|2198->2185|2198->4082|2198->4157|2198->4199|2198->4634|2198->4676
1469,x = (x ◇ y) ◇ (z ◇ (z ◇ y)),14,14,4629,0.013847464848743076,10,4,3,V=((V*V)*(V*(V*V))),a=((a*b)*(c*(c*b))),residue_zero|diagonal_pressure_gain|source_ultra_specific|target_mid|near_equal,6,1.877387064296613,needs_new_semantic_universe_or_higher_carrier,14,0.0,1.0,10.961266054474475,11.86676792104428,1469->1431|1469->1443|1469->1466|1469->1839|1469->1847|1469->1875|1469->2243|1469->2255|1469->2278|1469->3258|1469->3307|1469->3330|1469->4282|1469->4357
4403,x ◇ (x ◇ y) = (x ◇ z) ◇ w,14,14,4649,0.009586706433745207,10,3,4,(V*(V*V))=((V*V)*V),(a*(a*b))=((a*c)*d),residue_zero|mixed_residual_geometry|source_ultra_specific|target_mid|near_equal,6,1.8423709931771088,needs_new_semantic_universe_or_higher_carrier,14,0.0,1.0,10.847593710135703,11.810570543702674,4403->4269|4403->4283|4403->4287|4403->4340|4403->4468|4403->4469|4403->4470|4403->4471|4403->4472|4403->4473|4403->4474|4403->4475|4403->4476|4403->4477
4426,x ◇ (x ◇ y) = (z ◇ w) ◇ x,14,14,4649,0.009586706433745207,10,3,4,(V*(V*V))=((V*V)*V),(a*(a*b))=((c*d)*a),residue_zero|mixed_residual_geometry|source_ultra_specific|target_mid|near_equal,6,1.8423709931771088,needs_new_semantic_universe_or_higher_carrier,14,0.0,1.0,10.79157759966717,11.810570543702674,4426->4269|4426->4283|4426->4287|4426->4340|4426->4468|4426->4471|4426->4474|4426->4478|4426->4481|4426->4484|4426->4488|4426->4492|4426->4496|4426->4500
4410,x ◇ (x ◇ y) = (y ◇ z) ◇ x,14,14,4649,0.009586706433745207,10,3,3,(V*(V*V))=((V*V)*V),(a*(a*b))=((b*c)*a),residue_zero|mixed_residual_geometry|source_ultra_specific|target_mid|near_equal,9,1.1981174211304033,needs_new_semantic_universe_or_higher_carrier,14,0.0,1.0,10.577291885381458,11.560570543702674,4410->4269|4410->4283|4410->4287|4410->4340|4410->4468|4410->4471|4410->4474|4410->4478|4410->4481|4410->4484|4410->4488|4410->4492|4410->4496|4410->4500
4418,x ◇ (x ◇ y) = (z ◇ y) ◇ x,14,14,4649,0.009586706433745207,10,3,3,(V*(V*V))=((V*V)*V),(a*(a*b))=((c*b)*a),residue_zero|mixed_residual_geometry|source_ultra_specific|target_mid|near_equal,9,1.1981174211304033,needs_new_semantic_universe_or_higher_carrier,14,0.0,1.0,10.577291885381458,11.560570543702674,4418->4269|4418->4283|4418->4287|4418->4340|4418->4468|4418->4471|4418->4474|4418->4478|4418->4481|4418->4484|4418->4488|4418->4492|4418->4496|4418->4500
869,x = y ◇ ((x ◇ x) ◇ (x ◇ y)),13,13,4691,0.0006391137622496804,10,4,2,V=(V*((V*V)*(V*V))),a=(b*((a*a)*(a*b))),residue_zero|mixed_residual_geometry|source_ultra_specific|target_mid|near_equal,7,1.2957378005380122,needs_new_semantic_universe_or_higher_carrier,13,0.0,1.0,11.769247576243554,13.220608999851034,869->7|869->410|869->426|869->1019|869->1628|869->1831|869->2440|869->3252|869->3268|869->3318|869->3658|869->3861|869->3914
1700,x = (y ◇ x) ◇ ((z ◇ x) ◇ x),13,13,4688,0.0012782275244993609,10,4,3,V=((V*V)*((V*V)*V)),a=((b*a)*((c*a)*a)),residue_zero|mixed_residual_geometry|source_ultra_specific|target_general|near_equal,5,2.1339375660949167,needs_new_semantic_universe_or_higher_carrier,13,0.0,1.0,11.687259601934075,13.220608999851034,1700->7|1700->410|1700->1019|1700->1034|1700->1831|1700->1883|1700->3252|1700->3318|1700->3861|1700->3876|1700->3914|1700->4586|1700->4665
1838,x = (x ◇ (x ◇ y)) ◇ (x ◇ z),13,13,4688,0.0012782275244993609,10,4,3,V=((V*(V*V))*(V*V)),a=((a*(a*b))*(a*c)),residue_zero|mixed_residual_geometry|source_ultra_specific|target_general|near_equal,5,2.1339375660949167,needs_new_semantic_universe_or_higher_carrier,13,0.0,1.0,11.658643295258802,13.220608999851034,1838->22|1838->1628|1838->1629|1838->2440|1838->2442|1838->3049|1838->3455|1838->3456|1838->3521|1838->4064|1838->4117|1838->4267|1838->4281
2092,x = ((y ◇ x) ◇ x) ◇ (z ◇ x),13,13,4686,0.0017043033659991478,10,4,3,V=(((V*V)*V)*(V*V)),a=(((b*a)*a)*(c*a)),residue_zero|mixed_residual_geometry|source_ultra_specific|target_general|near_equal,5,2.075869296697727,needs_new_semantic_universe_or_higher_carrier,13,0.0,1.0,11.541233471381453,13.220608999851034,2092->7|2092->410|2092->415|2092->1019|2092->1831|2092->1883|2092->3252|2092->3257|2092->3318|2092->3914|2092->3951|2092->4586|2092->4665
2696,x = ((y ◇ x) ◇ (x ◇ x)) ◇ y,13,13,4691,0.0006391137622496804,10,4,2,V=(((V*V)*(V*V))*V),a=(((b*a)*(a*a))*b),residue_zero|mixed_residual_geometry|source_ultra_specific|target_mid|near_equal,7,1.2957378005380122,needs_new_semantic_universe_or_higher_carrier,13,0.0,1.0,11.762616190001332,13.220608999851034,2696->22|2696->1019|2696->1628|2696->1831|2696->2440|2696->3049|2696->3104|2696->3455|2696->3521|2696->3658|2696->4064|2696->4080|2696->4117
2483,x = (x ◇ ((y ◇ z) ◇ z)) ◇ x,13,13,4686,0.0017043033659991478,10,5,3,V=((V*((V*V)*V))*V),a=((a*((b*c)*c))*a),residue_zero|mixed_residual_geometry|source_ultra_specific|target_mid|near_equal,10,1.1451104143815827,needs_new_semantic_universe_or_higher_carrier,13,0.0,1.0,10.613420666949605,12.819221288519143,2483->204|2483->2237|2483->2239|2483->2242|2483->2245|2483->2248|2483->2252|2483->2255|2483->2258|2483->2265|2483->2276|2483->2280|2483->4064
1050,x = x ◇ ((y ◇ (y ◇ z)) ◇ x),13,13,4686,0.0017043033659991478,10,5,3,V=(V*((V*(V*V))*V)),a=(a*((b*(b*c))*a)),residue_zero|mixed_residual_geometry|source_ultra_specific|target_mid|near_equal,10,1.1451104143815827,needs_new_semantic_universe_or_higher_carrier,13,0.0,1.0,10.583839284392564,12.812532300368348,1050->103|1050->1222|1050->1224|1050->1227|1050->1237|1050->1240|1050->1243|1050->1247|1050->1250|1050->1253|1050->1257|1050->1261|1050->3252
2879,x = ((x ◇ (y ◇ y)) ◇ z) ◇ z,13,13,4674,0.004260758414997869,10,5,3,V=(((V*(V*V))*V)*V),a=(((a*(b*b))*c)*c),residue_zero|diagonal_pressure_gain|source_ultra_specific|target_general|near_equal,7,1.7272486062639207,needs_new_semantic_universe_or_higher_carrier,13,0.0,1.0,11.81057997557255,12.812532300368348,2879->2646|2879->2661|2879->3252|2879->3255|2879->3314|2879->3318|2879->3322|2879->3455|2879->3458|2879->3508|2879->3517|2879->3521|2879->3525
2067,x = ((x ◇ y) ◇ y) ◇ (z ◇ z),13,13,4674,0.004260758414997869,10,4,3,V=(((V*V)*V)*(V*V)),a=(((a*b)*b)*(c*c)),residue_zero|diagonal_pressure_gain|source_ultra_specific|target_general|near_equal,7,1.7272486062639207,needs_new_semantic_universe_or_higher_carrier,13,0.0,1.0,11.46057997557255,12.462532300368348,2067->2646|2067->2661|2067->3252|2067->3255|2067->3314|2067->3318|2067->3322|2067->3455|2067->3458|2067->3508|2067->3517|2067->3521|2067->3525
2687,x = ((x ◇ y) ◇ (z ◇ z)) ◇ y,13,13,4674,0.004260758414997869,10,4,3,V=(((V*V)*(V*V))*V),a=(((a*b)*(c*c))*b),residue_zero|diagonal_pressure_gain|source_ultra_specific|target_general|near_equal,7,1.7272486062639207,needs_new_semantic_universe_or_higher_carrier,13,0.0,1.0,11.46057997557255,12.462532300368348,2687->2646|2687->2661|2687->3252|2687->3255|2687->3314|2687->3318|2687->3322|2687->3455|2687->3458|2687->3508|2687->3517|2687->3521|2687->3525
2053,x = ((x ◇ y) ◇ x) ◇ (y ◇ y),13,13,4689,0.0010651896037494673,10,4,2,V=(((V*V)*V)*(V*V)),a=(((a*b)*a)*(b*b)),residue_zero|mixed_residual_geometry|source_ultra_specific|target_mid|near_equal,7,1.6691803368667308,needs_new_semantic_universe_or_higher_carrier,13,0.0,1.0,11.115872589358446,12.45172072081442,2053->254|2053->260|2053->325|2053->2060|2053->2643|2053->2649|2053->2659|2053->2846|2053->2864|2053->2872|2053->3318|2053->3455|2053->3521
3565,x ◇ y = y ◇ ((z ◇ x) ◇ y),13,13,4633,0.012995313165743502,10,4,3,(V*V)=(V*((V*V)*V)),(a*b)=(b*((c*a)*b)),residue_zero|mixed_residual_geometry|source_ultra_specific|target_mid|near_equal,7,1.2957378005380122,needs_new_semantic_universe_or_higher_carrier,13,0.0,1.0,11.024036322088524,12.45172072081442,3565->325|3565->3318|3565->3345|3565->3511|3565->3521|3565->3532|3565->3714|3565->3751|3565->3789|3565->4319|3565->4469|3565->4479|3565->4489
1517,x = (y ◇ y) ◇ (x ◇ (y ◇ x)),13,13,4689,0.0010651896037494673,10,4,2,V=((V*V)*(V*(V*V))),a=((b*b)*(a*(b*a))),residue_zero|mixed_residual_geometry|source_ultra_specific|target_mid|near_equal,7,1.6691803368667308,needs_new_semantic_universe_or_higher_carrier,13,0.0,1.0,11.167522427405395,12.315919179655358,1517->46|1517->64|1517->374|1517->613|1517->631|1517->678|1517->816|1517->871|1517->878|1517->1490|1517->3861|1517->3914|1517->4117
3929,x ◇ y = (x ◇ (y ◇ z)) ◇ x,13,13,4633,0.012995313165743502,10,4,3,(V*V)=((V*(V*V))*V),(a*b)=((a*(b*c))*a),residue_zero|mixed_residual_geometry|source_ultra_specific|target_mid|near_equal,7,1.2957378005380122,needs_new_semantic_universe_or_higher_carrier,13,0.0,1.0,11.008506656942993,12.315919179655358,3929->374|3929->3713|3929->3714|3929->3715|3929->3914|3929->3917|3929->3920|3929->4117|3929->4119|3929->4432|3929->4469|3929->4506|3929->4597
3616,x ◇ y = z ◇ ((z ◇ x) ◇ y),13,13,4678,0.0034086067319982955,10,4,3,(V*V)=(V*((V*V)*V)),(a*b)=(c*((c*a)*b)),residue_zero|diagonal_pressure_gain|source_ultra_specific|target_general|near_equal,6,1.7381493331928664,needs_new_semantic_universe_or_higher_carrier,13,0.0,1.0,11.331810200991658,12.06839839878456,3616->3463|3616->3521|3616->3536|3616->3676|3616->3751|3616->3793|3616->4072|3616->4130|3616->4145|3616->4319|3616->4361|3616->4589|3616->4621
3931,x ◇ y = (x ◇ (y ◇ z)) ◇ z,13,13,4678,0.0034086067319982955,10,4,3,(V*V)=((V*(V*V))*V),(a*b)=((a*(b*c))*c),residue_zero|diagonal_pressure_gain|source_ultra_specific|target_general|near_equal,6,1.7381493331928664,needs_new_semantic_universe_or_higher_carrier,13,0.0,1.0,11.331771933536064,11.987709487534417,3931->3260|3931->3305|3931->3333|3931->3664|3931->3713|3931->3736|3931->3869|3931->3914|3931->3942|3931->4269|3931->4340|3931->4597|3931->4672
1691,x = (y ◇ x) ◇ ((y ◇ x) ◇ y),12,12,4691,0.0006391137622496804,10,4,2,V=((V*V)*((V*V)*V)),a=((b*a)*((b*a)*b)),residue_zero|mixed_residual_geometry|source_ultra_specific|target_mid|near_equal,5,1.5545851693377994,needs_new_semantic_universe_or_higher_carrier,12,0.0,1.0,11.471041650931198,13.10944704162045,1691->22|1691->46|1691->62|1691->1831|1691->1921|1691->2440|1691->3049|1691->3078|1691->3455|1691->3521|1691->4064|1691->4117
1894,x = (y ◇ (x ◇ y)) ◇ (x ◇ y),12,12,4691,0.0006391137622496804,10,4,2,V=((V*(V*V))*(V*V)),a=((b*(a*b))*(a*b)),residue_zero|mixed_residual_geometry|source_ultra_specific|target_mid|near_equal,5,1.5545851693377994,needs_new_semantic_universe_or_higher_carrier,12,0.0,1.0,11.468974608602847,13.10944704162045,1894->7|1894->254|1894->270|1894->410|1894->512|1894->1019|1894->1628|1894->1684|1894->3252|1894->3318|1894->3861|1894->3914
837,x = x ◇ ((y ◇ x) ◇ (z ◇ x)),12,12,4688,0.0012782275244993609,10,4,3,V=(V*((V*V)*(V*V))),a=(a*((b*a)*(c*a))),residue_zero|mixed_residual_geometry|source_ultra_specific|target_general|near_equal,8,1.2516291673878228,needs_new_semantic_universe_or_higher_carrier,12,0.0,1.0,11.581493772498993,12.358059330288562,837->358|837->377|837->3861|837->3866|837->3914|837->3924|837->3927|837->3934|837->4064|837->4130|837->4268|837->4315
1974,x = (y ◇ (z ◇ y)) ◇ (x ◇ x),12,12,4686,0.0017043033659991478,10,4,3,V=((V*(V*V))*(V*V)),a=((b*(c*b))*(a*a)),residue_zero|mixed_residual_geometry|source_ultra_specific|target_general|near_equal,5,1.7841591278514217,needs_new_semantic_universe_or_higher_carrier,12,0.0,1.0,11.220988873266522,12.358059330288562,1974->150|1974->3861|1974->3866|1974->3879|1974->3889|1974->3900|1974->3951|1974->4064|1974->4072|1974->4092|1974->4130|1974->4605
2608,x = (y ◇ ((z ◇ z) ◇ z)) ◇ x,12,12,4686,0.0017043033659991478,10,5,3,V=((V*((V*V)*V))*V),a=((b*((c*c)*c))*a),residue_zero|mixed_residual_geometry|source_ultra_specific|target_mid|near_equal,7,1.5510981710072647,needs_new_semantic_universe_or_higher_carrier,12,0.0,1.0,10.668555373666555,12.352772097681719,2608->150|2608->202|2608->230|2608->2237|2608->2242|2608->2265|2608->2289|2608->2329|2608->2339|2608->2350|2608->2405|2608->4379
1640,x = (x ◇ x) ◇ ((y ◇ z) ◇ y),12,12,4686,0.0017043033659991478,10,4,3,V=((V*V)*((V*V)*V)),a=((a*a)*((b*c)*b)),residue_zero|mixed_residual_geometry|source_ultra_specific|target_general|near_equal,5,1.7841591278514217,needs_new_semantic_universe_or_higher_carrier,12,0.0,1.0,11.157107821952566,12.351370342137765,1640->150|1640->3252|1640->3260|1640->3261|1640->3305|1640->3455|1640->3457|1640->3461|1640->3464|1640->3467|1640->3520|1640->4313
2664,x = ((x ◇ y) ◇ (x ◇ z)) ◇ x,12,12,4688,0.0012782275244993609,10,4,3,V=(((V*V)*(V*V))*V),a=(((a*b)*(a*c))*a),residue_zero|mixed_residual_geometry|source_ultra_specific|target_general|near_equal,8,1.2516291673878228,needs_new_semantic_universe_or_higher_carrier,12,0.0,1.0,11.618154254772739,12.351370342137765,2664->306|2664->322|2664->3252|2664->3305|2664->3455|2664->3457|2664->3508|2664->3518|2664->3521|2664->3524|2664->4583|2664->4630
1109,x = y ◇ ((y ◇ (x ◇ x)) ◇ y),10,10,4691,0.0006391137622496804,10,5,2,V=(V*((V*(V*V))*V)),a=(b*((b*(a*a))*b)),residue_zero|mixed_residual_geometry|source_ultra_specific|target_mid|near_equal,5,1.3609640474436813,needs_new_semantic_universe_or_higher_carrier,10,0.0,1.0,11.76971677477458,13.2088659146257,1109->7|1109->410|1109->1628|1109->1831|1109->2643|1109->3049|1109->3252|1109->3318|1109->3861|1109->3914
2496,x = (y ◇ ((x ◇ x) ◇ y)) ◇ y,10,10,4691,0.0006391137622496804,10,5,2,V=((V*((V*V)*V))*V),a=((b*((a*a)*b))*b),residue_zero|mixed_residual_geometry|source_ultra_specific|target_mid|near_equal,5,1.3609640474436813,needs_new_semantic_universe_or_higher_carrier,10,0.0,1.0,11.77110431851538,13.2088659146257,2496->22|2496->410|2496->816|2496->1628|2496->1831|2496->3049|2496->3455|2496->3521|2496->4064|2496->4117
334,x ◇ y = y ◇ (y ◇ x),10,10,4682,0.0025564550489987218,8,3,2,(V*V)=(V*(V*V)),(a*b)=(b*(b*a)),residue_zero|mixed_residual_geometry|source_ultra_specific|target_mid|target_larger,8,0.7219280948873623,needs_new_semantic_universe_or_higher_carrier,10,0.0,1.0,11.35067852628067,12.802013095185648,334->3517|334->3721|334->3923|334->3953|334->4126|334->4130|334->4156|334->4320|334->4442|334->4635
383,x ◇ y = (y ◇ x) ◇ x,10,10,4682,0.0025564550489987218,8,3,2,(V*V)=((V*V)*V),(a*b)=((b*a)*a),residue_zero|mixed_residual_geometry|source_ultra_specific|target_mid|target_larger,8,0.7219280948873623,needs_new_semantic_universe_or_higher_carrier,10,0.0,1.0,11.342340365386764,12.718631486246595,383->3305|383->3344|383->3352|383->3547|383->3555|383->3721|383->3961|383->4320|383->4442|383->4635
241,x = (y ◇ (z ◇ y)) ◇ x,10,10,4598,0.020451640391989774,8,4,3,V=((V*(V*V))*V),a=((b*(c*b))*a),residue_zero|repeat_pressure|source_ultra_specific|target_mid|target_larger,4,1.8464393446710154,needs_new_semantic_universe_or_higher_carrier,10,0.0,1.0,11.735851697593038,12.524380353103275,241->2262|241->2272|241->2292|241->2313|241->2367|241->2401|241->2419|241->2448|241->2529|241->2557
110,x = x ◇ ((y ◇ z) ◇ y),10,10,4598,0.020451640391989774,8,4,3,V=(V*((V*V)*V)),a=(a*((b*c)*b)),residue_zero|repeat_pressure|source_ultra_specific|target_mid|target_larger,4,1.8464393446710154,needs_new_semantic_universe_or_higher_carrier,10,0.0,1.0,11.734065405468884,12.507285919743975,110->1022|110->1044|110->1052|110->1230|110->1233|110->1238|110->1244|110->1258|110->1266|110->1270
102,x = x ◇ ((x ◇ y) ◇ z),10,10,4542,0.03238176395398381,8,4,3,V=(V*((V*V)*V)),a=(a*((a*b)*c)),residue_zero|mixed_residual_geometry|source_ultra_specific|target_mid|target_larger,5,1.3609640474436813,needs_new_semantic_universe_or_higher_carrier,10,0.0,1.0,11.46054425091395,12.296990510907614,102->1227|102->1228|102->1229|102->1230|102->1231|102->1232|102->1233|102->1234|102->1235|102->1236
3351,x ◇ y = y ◇ (y ◇ (x ◇ x)),10,10,4691,0.0006391137622496804,10,4,2,(V*V)=(V*(V*(V*V))),(a*b)=(b*(b*(a*a))),residue_zero|mixed_residual_geometry|source_ultra_specific|target_general|near_equal,6,0.9709505944546686,needs_new_semantic_universe_or_higher_carrier,10,0.0,1.0,11.100431324050657,11.857478203293812,3351->3455|3351->3517|3351->3861|3351->3923|3351->4064|3351->4126|3351->4130|3351->4379|3351->4407|3351->4434
4163,x ◇ y = ((y ◇ y) ◇ x) ◇ x,10,10,4691,0.0006391137622496804,10,4,2,(V*V)=(((V*V)*V)*V),(a*b)=(((b*b)*a)*a),residue_zero|mixed_residual_geometry|source_ultra_specific|target_general|near_equal,6,0.9709505944546686,needs_new_semantic_universe_or_higher_carrier,10,0.0,1.0,11.09142426434167,11.850789215143015,4163->3252|4163->3305|4163->3352|4163->3455|4163->3555|4163->3861|4163->3961|4163->4379|4163->4434|4163->4478
872,x = y ◇ ((x ◇ x) ◇ (y ◇ y)),10,10,4691,0.0006391137622496804,10,4,2,V=(V*((V*V)*(V*V))),a=(b*((a*a)*(b*b))),residue_zero|mixed_residual_geometry|source_ultra_specific|target_mid|near_equal,8,0.7219280948873623,needs_new_semantic_universe_or_higher_carrier,10,0.0,1.0,10.552888847232968,11.66275102785214,872->202|872->218|872->613|872->619|872->879|872->1425|872->3049|872->3111|872->4587|872->4646
2733,x = ((y ◇ y) ◇ (x ◇ x)) ◇ y,10,10,4691,0.0006391137622496804,10,4,2,V=(((V*V)*(V*V))*V),a=(((b*b)*(a*a))*b),residue_zero|mixed_residual_geometry|source_ultra_specific|target_mid|near_equal,8,0.7219280948873623,needs_new_semantic_universe_or_higher_carrier,10,0.0,1.0,10.518737896491123,11.66275102785214,2733->98|2733->114|2733->410|2733->416|2733->2034|2733->2706|2733->2846|2733->2908|2733->4272|2733->4331
830,x = x ◇ ((x ◇ y) ◇ (z ◇ w)),10,10,4542,0.03238176395398381,10,4,4,V=(V*((V*V)*(V*V))),a=(a*((a*b)*(c*d))),residue_zero|mixed_residual_geometry|source_ultra_specific|target_mid|near_equal,6,0.9709505944546686,needs_new_semantic_universe_or_higher_carrier,10,0.0,1.0,10.43554425091395,11.296990510907614,830->1227|830->1228|830->1229|830->1230|830->1231|830->1232|830->1233|830->1234|830->1235|830->1236
2424,x = (y ◇ (z ◇ (w ◇ z))) ◇ x,10,10,4598,0.020451640391989774,10,5,4,V=((V*(V*(V*V)))*V),a=((b*(c*(d*c)))*a),residue_zero|repeat_pressure|source_ultra_specific|target_mid|near_equal,4,1.5709505944546684,needs_new_semantic_universe_or_higher_carrier,10,0.0,1.0,10.360851697593036,11.174380353103276,2424->2262|2424->2272|2424->2292|2424->2313|2424->2367|2424->2401|2424->2419|2424->2448|2424->2529|2424->2557
2622,x = (y ◇ ((z ◇ w) ◇ y)) ◇ x,10,10,4598,0.020451640391989774,10,5,4,V=((V*((V*V)*V))*V),a=((b*((c*d)*b))*a),residue_zero|repeat_pressure|source_ultra_specific|target_mid|near_equal,4,1.5709505944546684,needs_new_semantic_universe_or_higher_carrier,10,0.0,1.0,10.360851697593036,11.174380353103276,2622->2262|2622->2272|2622->2292|2622->2313|2622->2367|2622->2401|2622->2419|2622->2448|2622->2529|2622->2557
1067,x = x ◇ ((y ◇ (z ◇ w)) ◇ y),10,10,4598,0.020451640391989774,10,5,4,V=(V*((V*(V*V))*V)),a=(a*((b*(c*d))*b)),residue_zero|repeat_pressure|source_ultra_specific|target_mid|near_equal,4,1.5709505944546684,needs_new_semantic_universe_or_higher_carrier,10,0.0,1.0,10.359065405468886,11.157285919743975,1067->1022|1067->1044|1067->1052|1067->1230|1067->1233|1067->1238|1067->1244|1067->1258|1067->1266|1067->1270
1264,x = x ◇ (((y ◇ z) ◇ y) ◇ w),10,10,4598,0.020451640391989774,10,5,4,V=(V*(((V*V)*V)*V)),a=(a*(((b*c)*b)*d)),residue_zero|repeat_pressure|source_ultra_specific|target_mid|near_equal,4,1.5709505944546684,needs_new_semantic_universe_or_higher_carrier,10,0.0,1.0,10.359065405468886,11.157285919743975,1264->1022|1264->1044|1264->1052|1264->1230|1264->1233|1264->1238|1264->1244|1264->1258|1264->1266|1264->1270
829,x = x ◇ ((x ◇ y) ◇ (z ◇ z)),10,10,4542,0.03238176395398381,10,4,3,V=(V*((V*V)*(V*V))),a=(a*((a*b)*(c*c))),residue_zero|mixed_residual_geometry|source_ultra_specific|target_mid|near_equal,9,0.4689955935892812,needs_new_semantic_universe_or_higher_carrier,10,0.0,1.0,10.23554425091395,11.046990510907614,829->1227|829->1228|829->1229|829->1230|829->1231|829->1232|829->1233|829->1234|829->1235|829->1236
1033,x = x ◇ ((x ◇ (y ◇ z)) ◇ w),10,10,4542,0.03238176395398381,10,5,4,V=(V*((V*(V*V))*V)),a=(a*((a*(b*c))*d)),residue_zero|mixed_residual_geometry|source_ultra_specific|target_mid|near_equal,6,0.9709505944546686,needs_new_semantic_universe_or_higher_carrier,10,0.0,1.0,10.08554425091395,10.946990510907614,1033->1227|1033->1228|1033->1229|1033->1230|1033->1231|1033->1232|1033->1233|1033->1234|1033->1235|1033->1236
1029,x = x ◇ ((x ◇ (y ◇ y)) ◇ z),10,10,4542,0.03238176395398381,10,5,3,V=(V*((V*(V*V))*V)),a=(a*((a*(b*b))*c)),residue_zero|mixed_residual_geometry|source_ultra_specific|target_mid|near_equal,9,0.4689955935892812,needs_new_semantic_universe_or_higher_carrier,10,0.0,1.0,9.885544250913949,10.696990510907614,1029->1227|1029->1228|1029->1229|1029->1230|1029->1231|1029->1232|1029->1233|1029->1234|1029->1235|1029->1236
629,x = x ◇ (y ◇ ((x ◇ x) ◇ y)),9,9,4691,0.0006391137622496804,10,5,2,V=(V*(V*((V*V)*V))),a=(a*(b*((a*a)*b))),residue_zero|mixed_residual_geometry|source_ultra_specific|target_general|near_equal,5,1.3516441151533922,needs_new_semantic_universe_or_higher_carrier,9,0.0,1.0,11.774083168081365,13.065900644919214,629->7|629->410|629->1019|629->1831|629->3252|629->3318|629->3455|629->3861|629->3914
1082,x = y ◇ ((x ◇ (y ◇ x)) ◇ y),9,9,4691,0.0006391137622496804,10,5,2,V=(V*((V*(V*V))*V)),a=(b*((a*(b*a))*b)),residue_zero|mixed_residual_geometry|source_ultra_specific|target_general|near_equal,4,1.5304930567574824,needs_new_semantic_universe_or_higher_carrier,9,0.0,1.0,11.720535977649543,13.065900644919214,1082->7|1082->254|1082->410|1082->1628|1082->1831|1082->3252|1082->3318|1082->3861|1082->3914
2503,x = (y ◇ ((x ◇ y) ◇ x)) ◇ y,9,9,4691,0.0006391137622496804,10,5,2,V=((V*((V*V)*V))*V),a=((b*((a*b)*a))*b),residue_zero|mixed_residual_geometry|source_ultra_specific|target_general|near_equal,4,1.5304930567574824,needs_new_semantic_universe_or_higher_carrier,9,0.0,1.0,11.722077692917102,13.065900644919214,2503->22|2503->46|2503->1628|2503->1831|2503->3049|2503->3455|2503->3521|2503->4064|2503->4117
2901,x = ((y ◇ (x ◇ x)) ◇ y) ◇ x,9,9,4691,0.0006391137622496804,10,5,2,V=(((V*(V*V))*V)*V),a=(((b*(a*a))*b)*a),residue_zero|mixed_residual_geometry|source_ultra_specific|target_general|near_equal,5,1.3516441151533922,needs_new_semantic_universe_or_higher_carrier,9,0.0,1.0,11.776839224519163,13.065900644919214,2901->22|2901->1628|2901->2440|2901->3049|2901->3455|2901->3521|2901->3861|2901->4064|2901->4117
51,x = x ◇ (y ◇ (x ◇ x)),9,9,4682,0.0025564550489987218,8,4,2,V=(V*(V*(V*V))),a=(a*(b*(a*a))),residue_zero|mixed_residual_geometry|source_ultra_specific|target_general|target_larger,4,2.058813890331201,needs_new_semantic_universe_or_higher_carrier,9,0.0,1.0,11.688115229008895,12.821412089946651,51->377|51->615|51->834|51->1425|51->3861|51->3866|51->3924|51->3927|51->4130
257,x = ((x ◇ x) ◇ y) ◇ y,9,9,4678,0.0034086067319982955,8,4,2,V=(((V*V)*V)*V),a=(((a*a)*b)*b),residue_zero|mixed_residual_geometry|source_ultra_specific|target_mid|target_larger,4,1.3921472236645345,needs_new_semantic_universe_or_higher_carrier,9,0.0,1.0,11.501764665635898,12.563690043852741,257->325|257->2043|257->2652|257->2671|257->2874|257->3318|257->3517|257->3521|257->3525
71,x = y ◇ (y ◇ (x ◇ x)),9,9,4678,0.0034086067319982955,8,4,2,V=(V*(V*(V*V))),a=(b*(b*(a*a))),residue_zero|mixed_residual_geometry|source_ultra_specific|target_mid|target_larger,4,1.3921472236645345,needs_new_semantic_universe_or_higher_carrier,9,0.0,1.0,11.548161981099428,12.483001132602599,71->374|71->641|71->844|71->915|71->1524|71->3914|71->3961|71->4022|71->4117
2855,x = ((x ◇ (x ◇ y)) ◇ y) ◇ y,9,9,4690,0.0008521516829995739,10,5,2,V=(((V*(V*V))*V)*V),a=(((a*(a*b))*b)*b),residue_zero|mixed_residual_geometry|source_ultra_specific|target_general|near_equal,4,1.5304930567574824,needs_new_semantic_universe_or_higher_carrier,9,0.0,1.0,11.499738588712448,12.297012365882601,2855->306|2855->325|2855->2034|2855->2643|2855->2862|2855->3252|2855->3318|2855->3455|2855->3521
712,x = y ◇ (y ◇ ((y ◇ x) ◇ x)),9,9,4690,0.0008521516829995739,10,5,2,V=(V*(V*((V*V)*V))),a=(b*(b*((b*a)*a))),residue_zero|mixed_residual_geometry|source_ultra_specific|target_general|near_equal,4,1.5304930567574824,needs_new_semantic_universe_or_higher_carrier,9,0.0,1.0,11.481220833935618,12.16121082472354,712->358|712->374|712->668|712->816|712->1425|712->3861|712->3914|712->4064|712->4117
2060,x = ((x ◇ y) ◇ y) ◇ (x ◇ y),9,9,4685,0.0019173412867490413,10,4,2,V=(((V*V)*V)*(V*V)),a=(((a*b)*b)*(a*b)),residue_zero|mixed_residual_geometry|source_ultra_specific|target_mid|near_equal,5,1.6577427265048887,needs_new_semantic_universe_or_higher_carrier,9,0.0,1.0,10.468307254994402,11.947012365882602,2060->260|2060->325|2060->2053|2060->2649|2060->2659|2060->2864|2060->2872|2060->3318|2060->3521
2648,x = ((x ◇ x) ◇ (y ◇ x)) ◇ x,9,9,4690,0.0008521516829995739,10,4,2,V=(((V*V)*(V*V))*V),a=(((a*a)*(b*a))*a),residue_zero|mixed_residual_geometry|source_ultra_specific|target_general|near_equal,4,1.5304930567574824,needs_new_semantic_universe_or_higher_carrier,9,0.0,1.0,11.20221716074213,11.947012365882602,2648->306|2648->325|2648->2034|2648->2846|2648->2861|2648->3252|2648->3318|2648->3455|2648->3521
2662,x = ((x ◇ y) ◇ (x ◇ y)) ◇ y,9,9,4678,0.0034086067319982955,10,4,2,V=(((V*V)*(V*V))*V),a=(((a*b)*(a*b))*b),residue_zero|mixed_residual_geometry|source_ultra_specific|target_mid|near_equal,4,1.3921472236645345,needs_new_semantic_universe_or_higher_carrier,9,0.0,1.0,10.529542443413677,11.947012365882602,2662->325|2662->2043|2662->2652|2662->2671|2662->2874|2662->3318|2662->3517|2662->3521|2662->3525
851,x = x ◇ ((y ◇ z) ◇ (x ◇ x)),9,9,4682,0.0025564550489987218,10,4,3,V=(V*((V*V)*(V*V))),a=(a*((b*c)*(a*a))),residue_zero|mixed_residual_geometry|source_ultra_specific|target_general|near_equal,4,2.058813890331201,needs_new_semantic_universe_or_higher_carrier,9,0.0,1.0,10.910337451231118,11.821412089946651,851->377|851->615|851->834|851->1425|851->3861|851->3866|851->3924|851->3927|851->4130
908,x = y ◇ ((y ◇ x) ◇ (y ◇ x)),9,9,4678,0.0034086067319982955,10,4,2,V=(V*((V*V)*(V*V))),a=(b*((b*a)*(b*a))),residue_zero|mixed_residual_geometry|source_ultra_specific|target_mid|near_equal,4,1.3921472236645345,needs_new_semantic_universe_or_higher_carrier,9,0.0,1.0,10.575939758877205,11.81121082472354,908->374|908->641|908->844|908->915|908->1524|908->3914|908->3961|908->4022|908->4117
1490,x = (y ◇ x) ◇ (y ◇ (y ◇ x)),9,9,4685,0.0019173412867490413,10,4,2,V=((V*V)*(V*(V*V))),a=((b*a)*(b*(b*a))),residue_zero|mixed_residual_geometry|source_ultra_specific|target_mid|near_equal,5,1.6577427265048887,needs_new_semantic_universe_or_higher_carrier,9,0.0,1.0,10.541597636879212,11.81121082472354,1490->64|1490->374|1490->631|1490->678|1490->871|1490->878|1490->1517|1490->3914|1490->4117
916,x = y ◇ ((y ◇ y) ◇ (x ◇ y)),9,9,4691,0.0006391137622496804,10,4,2,V=(V*((V*V)*(V*V))),a=(b*((b*b)*(a*b))),residue_zero|mixed_residual_geometry|source_ultra_specific|target_mid|near_equal,9,0.0,needs_new_semantic_universe_or_higher_carrier,9,0.0,1.0,10.571313915489771,11.575666216540109,916->410|916->503|916->909|916->1628|916->1728|916->1831|916->1924|916->2440|916->2540
2709,x = ((y ◇ x) ◇ (y ◇ y)) ◇ y,9,9,4691,0.0006391137622496804,10,4,2,V=(((V*V)*(V*V))*V),a=(((b*a)*(b*b))*b),residue_zero|mixed_residual_geometry|source_ultra_specific|target_mid|near_equal,9,0.0,needs_new_semantic_universe_or_higher_carrier,9,0.0,1.0,10.570099574319528,11.564737146007918,2709->1019|2709->1085|2709->1628|2709->1721|2709->1831|2709->1897|2709->2736|2709->3049|2709->3142
2055,x = ((x ◇ y) ◇ x) ◇ (z ◇ x),9,9,4686,0.0017043033659991478,10,4,3,V=(((V*V)*V)*(V*V)),a=(((a*b)*a)*(c*a)),residue_zero|mixed_residual_geometry|source_ultra_specific|target_general|near_equal,7,0.7642045065086203,needs_new_semantic_universe_or_higher_carrier,9,0.0,1.0,10.938353101952424,11.54806472594966,2055->2039|2055->2059|2055->3260|2055->3305|2055->3315|2055->3318|2055->4583|2055->4598|2055->4630
1446,x = (x ◇ y) ◇ (x ◇ (z ◇ x)),9,9,4686,0.0017043033659991478,10,4,3,V=((V*V)*(V*(V*V))),a=((a*b)*(a*(c*a))),residue_zero|mixed_residual_geometry|source_ultra_specific|target_general|near_equal,7,0.7642045065086203,needs_new_semantic_universe_or_higher_carrier,9,0.0,1.0,10.884048441821026,11.474562263956734,1446->1430|1446->1433|1446->4072|1446->4117|1446->4127|1446->4130|1446->4268|1446->4283|1446->4315
1085,x = y ◇ ((x ◇ (y ◇ y)) ◇ y),9,9,4691,0.0006391137622496804,10,5,2,V=(V*((V*(V*V))*V)),a=(b*((a*(b*b))*b)),residue_zero|mixed_residual_geometry|source_ultra_specific|target_mid|near_equal,9,0.0,needs_new_semantic_universe_or_higher_carrier,9,0.0,1.0,10.61569307480742,11.384610979777399,1085->1628|1085->1721|1085->1831|1085->1897|1085->2643|1085->2709|1085->2736|1085->3049|1085->3142
2540,x = (y ◇ ((y ◇ y) ◇ x)) ◇ y,9,9,4691,0.0006391137622496804,10,5,2,V=((V*((V*V)*V))*V),a=((b*((b*b)*a))*b),residue_zero|mixed_residual_geometry|source_ultra_specific|target_mid|near_equal,9,0.0,needs_new_semantic_universe_or_higher_carrier,9,0.0,1.0,10.61569307480742,11.384610979777399,2540->410|2540->503|2540->816|2540->909|2540->916|2540->1628|2540->1728|2540->1831|2540->1924
1632,x = (x ◇ x) ◇ ((x ◇ y) ◇ z),9,9,4681,0.0027694929697486153,10,4,3,V=((V*V)*((V*V)*V)),a=((a*a)*((a*b)*c)),residue_zero|mixed_residual_geometry|source_ultra_specific|target_mid|near_equal,5,1.3516441151533922,needs_new_semantic_universe_or_higher_carrier,9,0.0,1.0,10.168557330998146,11.2846109797774,1632->1831|1632->1832|1632->1836|1632->1837|1632->1838|1632->2442|1632->3456|1632->4267|1632->4281
1957,x = (y ◇ (z ◇ x)) ◇ (x ◇ x),9,9,4681,0.0027694929697486153,10,4,3,V=((V*(V*V))*(V*V)),a=((b*(c*a))*(a*a)),residue_zero|mixed_residual_geometry|source_ultra_specific|target_mid|near_equal,5,1.3516441151533922,needs_new_semantic_universe_or_higher_carrier,9,0.0,1.0,10.238726573953706,11.2846109797774,1957->1034|1957->1628|1957->1633|1957->1680|1957->1690|1957->1700|1957->3876|1957->4586|1957->4665
2553,x = (y ◇ ((y ◇ z) ◇ y)) ◇ x,9,9,4618,0.016190881976991905,10,5,3,V=((V*((V*V)*V))*V),a=((b*((b*c)*b))*a),residue_zero|mixed_residual_geometry|source_ultra_specific|target_mid|near_equal,9,0.0,needs_new_semantic_universe_or_higher_carrier,9,0.0,1.0,10.170009480466682,10.781415083396787,2553->2242|2553->2262|2553->2292|2553->2329|2553->2350|2553->2401|2553->2448|2553->2529|2553->2557
1059,x = x ◇ ((y ◇ (z ◇ y)) ◇ y),9,9,4618,0.016190881976991905,10,5,3,V=(V*((V*(V*V))*V)),a=(a*((b*(c*b))*b)),residue_zero|mixed_residual_geometry|source_ultra_specific|target_mid|near_equal,9,0.0,needs_new_semantic_universe_or_higher_carrier,9,0.0,1.0,10.155345455132355,10.764320650037487,1059->1022|1059->1044|1059->1052|1059->1227|1059->1230|1059->1238|1059->1241|1059->1262|1059->1266
1028,x = x ◇ ((x ◇ (y ◇ y)) ◇ y),8,8,4691,0.0006391137622496804,10,5,2,V=(V*((V*(V*V))*V)),a=(a*((a*(b*b))*b)),residue_zero|mixed_residual_geometry|source_ultra_specific|target_general|near_equal,4,1.4056390622295665,needs_new_semantic_universe_or_higher_carrier,8,0.0,1.0,11.61886050858265,12.907859871432475,1028->7|1028->410|1028->1628|1028->1831|1028->3252|1028->3318|1028->3861|1028->3914
1111,x = y ◇ ((y ◇ (x ◇ y)) ◇ x),8,8,4691,0.0006391137622496804,10,5,2,V=(V*((V*(V*V))*V)),a=(b*((b*(a*b))*a)),residue_zero|mixed_residual_geometry|source_ultra_specific|target_general|near_equal,4,1.4056390622295665,needs_new_semantic_universe_or_higher_carrier,8,0.0,1.0,11.61886050858265,12.907859871432475,1111->7|1111->410|1111->1628|1111->1831|1111->3252|1111->3318|1111->3861|1111->3914
2459,x = (x ◇ ((y ◇ x) ◇ y)) ◇ y,8,8,4691,0.0006391137622496804,10,5,2,V=((V*((V*V)*V))*V),a=((a*((b*a)*b))*b),residue_zero|mixed_residual_geometry|source_ultra_specific|target_general|near_equal,4,1.4056390622295665,needs_new_semantic_universe_or_higher_carrier,8,0.0,1.0,11.62059493825865,12.907859871432475,2459->22|2459->1628|2459->1831|2459->3049|2459->3455|2459->3521|2459->4064|2459->4117
2539,x = (y ◇ ((y ◇ y) ◇ x)) ◇ x,8,8,4691,0.0006391137622496804,10,5,2,V=((V*((V*V)*V))*V),a=((b*((b*b)*a))*a),residue_zero|mixed_residual_geometry|source_ultra_specific|target_general|near_equal,4,1.4056390622295665,needs_new_semantic_universe_or_higher_carrier,8,0.0,1.0,11.62059493825865,12.907859871432475,2539->22|2539->1628|2539->1831|2539->3049|2539->3455|2539->3521|2539->4064|2539->4117
262,x = ((x ◇ y) ◇ y) ◇ x,8,8,4687,0.0014912654452492544,8,4,2,V=(((V*V)*V)*V),a=(((a*b)*b)*a),residue_zero|mixed_residual_geometry|source_ultra_specific|target_mid|target_larger,3,2.1556390622295662,needs_new_semantic_universe_or_higher_carrier,8,0.0,1.0,11.693721703208613,12.663371316459912,262->325|262->2034|262->2059|262->2671|262->2874|262->3318|262->3455|262->3521
114,x = y ◇ ((x ◇ x) ◇ y),8,8,4689,0.0010651896037494673,8,4,2,V=(V*((V*V)*V)),a=(b*((a*a)*b)),residue_zero|mixed_residual_geometry|source_ultra_specific|target_mid|target_larger,5,0.954434002924965,needs_new_semantic_universe_or_higher_carrier,8,0.0,1.0,11.442069018313722,12.611744984658912,114->410|114->416|114->2034|114->2706|114->2846|114->2908|114->4272|114->4331
218,x = (y ◇ (x ◇ x)) ◇ y,8,8,4689,0.0010651896037494673,8,4,2,V=((V*(V*V))*V),a=((b*(a*a))*b),residue_zero|mixed_residual_geometry|source_ultra_specific|target_mid|target_larger,5,0.954434002924965,needs_new_semantic_universe_or_higher_carrier,8,0.0,1.0,11.48102608634732,12.611744984658912,218->613|218->619|218->879|218->1425|218->3049|218->3111|218->4587|218->4646
237,x = (y ◇ (z ◇ x)) ◇ x,8,8,4542,0.03238176395398381,8,4,3,V=((V*(V*V))*V),a=((b*(c*a))*a),residue_zero|repeat_pressure|source_ultra_specific|target_mid|target_larger,4,1.0,needs_new_semantic_universe_or_higher_carrier,8,0.0,1.0,11.243491419966446,12.057859871432475,237->2242|237->2262|237->2272|237->2299|237->2336|237->2346|237->2380|237->2397
2488,x = (x ◇ ((y ◇ z) ◇ w)) ◇ y,8,8,4607,0.018534299105240733,10,5,4,V=((V*((V*V)*V))*V),a=((a*((b*c)*d))*b),residue_zero|repeat_pressure|source_ultra_specific|target_mid|near_equal,4,1.75,needs_new_semantic_universe_or_higher_carrier,8,0.0,1.0,11.053091821874542,11.914677473800927,2488->3055|2488->3067|2488->3090|2488->4070|2488->4119|2488->4142|2488->4597|2488->4672
1081,x = y ◇ ((x ◇ (y ◇ x)) ◇ x),8,8,4690,0.0008521516829995739,10,5,2,V=(V*((V*(V*V))*V)),a=(b*((a*(b*a))*a)),residue_zero|mixed_residual_geometry|source_ultra_specific|target_mid|near_equal,5,0.954434002924965,needs_new_semantic_universe_or_higher_carrier,8,0.0,1.0,10.819781327735845,11.906472160100584,1081->1121|1081->1628|1081->1730|1081->1849|1081->1933|1081->4064|1081->4117|1081->4130
2446,x = (x ◇ ((x ◇ y) ◇ x)) ◇ y,8,8,4690,0.0008521516829995739,10,5,2,V=((V*((V*V)*V))*V),a=((a*((a*b)*a))*b),residue_zero|mixed_residual_geometry|source_ultra_specific|target_mid|near_equal,5,0.954434002924965,needs_new_semantic_universe_or_higher_carrier,8,0.0,1.0,10.817710310848728,11.899783171949787,2446->1646|2446->1657|2446->1831|2446->1860|2446->2469|2446->3252|2446->3305|2446->3318
1201,x = y ◇ ((z ◇ (w ◇ y)) ◇ x),8,8,4607,0.018534299105240733,10,5,4,V=(V*((V*(V*V))*V)),a=(b*((c*(d*b))*a)),residue_zero|repeat_pressure|source_ultra_specific|target_mid|near_equal,4,1.75,needs_new_semantic_universe_or_higher_carrier,8,0.0,1.0,11.040934531533589,11.839642287858013,1201->428|1201->472|1201->561|1201->3270|1201->3345|1201->3387|1201->4319|1201->4361
827,x = x ◇ ((x ◇ y) ◇ (z ◇ x)),8,8,4681,0.0027694929697486153,10,4,3,V=(V*((V*V)*(V*V))),a=(a*((a*b)*(c*a))),residue_zero|target_compression|source_ultra_specific|target_general|target_smaller,2,2.25,needs_new_semantic_universe_or_higher_carrier,8,0.0,1.0,11.297794948404569,11.806472160100585,827->358|827->374|827->1425|827->1427|827->3861|827->3914|827->4064|827->4117
3587,x ◇ y = z ◇ ((x ◇ y) ◇ z),8,8,4688,0.0012782275244993609,10,4,3,(V*V)=(V*((V*V)*V)),(a*b)=(c*((a*b)*c)),residue_zero|repeat_pressure|source_ultra_specific|target_general|near_equal,4,1.75,needs_new_semantic_universe_or_higher_carrier,8,0.0,1.0,10.818464981872694,11.806472160100585,3587->3252|3587->3861|3587->3877|3587->3916|3587->3954|3587->3993|3587->4064|3587->4379
3993,x ◇ y = (z ◇ (x ◇ y)) ◇ z,8,8,4688,0.0012782275244993609,10,4,3,(V*V)=((V*(V*V))*V),(a*b)=((c*(a*b))*c),residue_zero|repeat_pressure|source_ultra_specific|target_general|near_equal,4,1.75,needs_new_semantic_universe_or_higher_carrier,8,0.0,1.0,10.797330440617204,11.806472160100585,3993->3252|3993->3455|3993->3471|3993->3510|3993->3548|3993->3587|3993->4064|3993->4379
2678,x = ((x ◇ y) ◇ (z ◇ x)) ◇ x,8,8,4681,0.0027694929697486153,10,4,3,V=(((V*V)*(V*V))*V),a=(((a*b)*(c*a))*a),residue_zero|target_compression|source_ultra_specific|target_general|target_smaller,2,2.25,needs_new_semantic_universe_or_higher_carrier,8,0.0,1.0,11.35258763891667,11.799783171949787,2678->306|2678->325|2678->2034|2678->2049|2678->3252|2678->3318|2678->3455|2678->3521
2462,x = (x ◇ ((y ◇ x) ◇ z)) ◇ y,8,8,4607,0.018534299105240733,10,5,3,V=((V*((V*V)*V))*V),a=((a*((b*a)*c))*b),residue_zero|mixed_residual_geometry|source_ultra_specific|target_mid|near_equal,6,0.8112781244591328,needs_new_semantic_universe_or_higher_carrier,8,0.0,1.0,10.803091821874542,11.664677473800927,2462->3055|2462->3067|2462->3090|2462->4070|2462->4119|2462->4142|2462->4597|2462->4672
2476,x = (x ◇ ((y ◇ z) ◇ x)) ◇ y,8,8,4607,0.018534299105240733,10,5,3,V=((V*((V*V)*V))*V),a=((a*((b*c)*a))*b),residue_zero|mixed_residual_geometry|source_ultra_specific|target_mid|near_equal,6,0.8112781244591328,needs_new_semantic_universe_or_higher_carrier,8,0.0,1.0,10.803091821874542,11.664677473800927,2476->3055|2476->3067|2476->3090|2476->4070|2476->4119|2476->4142|2476->4597|2476->4672
1095,x = y ◇ ((x ◇ (z ◇ y)) ◇ x),8,8,4607,0.018534299105240733,10,5,3,V=(V*((V*(V*V))*V)),a=(b*((a*(c*b))*a)),residue_zero|mixed_residual_geometry|source_ultra_specific|target_mid|near_equal,6,0.8112781244591328,needs_new_semantic_universe_or_higher_carrier,8,0.0,1.0,10.790934531533589,11.589642287858013,1095->428|1095->472|1095->561|1095->3270|1095->3345|1095->3387|1095->4319|1095->4361
1149,x = y ◇ ((z ◇ (x ◇ y)) ◇ x),8,8,4607,0.018534299105240733,10,5,3,V=(V*((V*(V*V))*V)),a=(b*((c*(a*b))*a)),residue_zero|mixed_residual_geometry|source_ultra_specific|target_mid|near_equal,6,0.8112781244591328,needs_new_semantic_universe_or_higher_carrier,8,0.0,1.0,10.790934531533589,11.589642287858013,1149->428|1149->472|1149->561|1149->3270|1149->3345|1149->3387|1149->4319|1149->4361
1662,x = (x ◇ y) ◇ ((y ◇ z) ◇ w),8,8,4607,0.018534299105240733,10,4,4,V=((V*V)*((V*V)*V)),a=((a*b)*((b*c)*d)),residue_zero|repeat_pressure|source_ultra_specific|target_mid|near_equal,4,1.75,needs_new_semantic_universe_or_higher_carrier,8,0.0,1.0,10.965591821874542,11.564677473800927,1662->3055|1662->3067|1662->3090|1662->4070|1662->4119|1662->4142|1662->4597|1662->4672
1873,x = (x ◇ (y ◇ z)) ◇ (y ◇ w),8,8,4607,0.018534299105240733,10,4,4,V=((V*(V*V))*(V*V)),a=((a*(b*c))*(b*d)),residue_zero|repeat_pressure|source_ultra_specific|target_mid|near_equal,4,1.75,needs_new_semantic_universe_or_higher_carrier,8,0.0,1.0,10.965591821874542,11.564677473800927,1873->3055|1873->3067|1873->3090|1873->4070|1873->4119|1873->4142|1873->4597|1873->4672
3554,x ◇ y = y ◇ ((y ◇ x) ◇ x),8,8,4691,0.0006391137622496804,10,4,2,(V*V)=(V*((V*V)*V)),(a*b)=(b*((b*a)*a)),residue_zero|mixed_residual_geometry|source_ultra_specific|target_general|near_equal,5,1.2987949406953985,needs_new_semantic_universe_or_higher_carrier,8,0.0,1.0,11.265536091368865,11.556472160100585,3554->306|3554->358|3554->3252|3554->3658|3554->3861|3554->4064|3554->4379|3554->4434
3960,x ◇ y = (y ◇ (y ◇ x)) ◇ x,8,8,4691,0.0006391137622496804,10,4,2,(V*V)=((V*(V*V))*V),(a*b)=((b*(b*a))*a),residue_zero|mixed_residual_geometry|source_ultra_specific|target_general|near_equal,5,1.2987949406953985,needs_new_semantic_universe_or_higher_carrier,8,0.0,1.0,11.265536091368865,11.556472160100585,3960->306|3960->358|3960->3252|3960->3455|3960->3658|3960->4064|3960->4379|3960->4434
1815,x = (y ◇ z) ◇ ((w ◇ z) ◇ x),8,8,4607,0.018534299105240733,10,4,4,V=((V*V)*((V*V)*V)),a=((b*c)*((d*c)*a)),residue_zero|repeat_pressure|source_ultra_specific|target_mid|near_equal,4,1.75,needs_new_semantic_universe_or_higher_carrier,8,0.0,1.0,10.953434531533588,11.489642287858013,1815->428|1815->472|1815->561|1815->3270|1815->3345|1815->3387|1815->4319|1815->4361
2023,x = (y ◇ (z ◇ w)) ◇ (w ◇ x),8,8,4607,0.018534299105240733,10,4,4,V=((V*(V*V))*(V*V)),a=((b*(c*d))*(d*a)),residue_zero|repeat_pressure|source_ultra_specific|target_mid|near_equal,4,1.75,needs_new_semantic_universe_or_higher_carrier,8,0.0,1.0,10.953434531533588,11.489642287858013,2023->428|2023->472|2023->561|2023->3270|2023->3345|2023->3387|2023->4319|2023->4361
1315,x = y ◇ (((y ◇ x) ◇ y) ◇ y),8,8,4685,0.0019173412867490413,10,5,2,V=(V*(((V*V)*V)*V)),a=(b*(((b*a)*b)*b)),residue_zero|mixed_residual_geometry|source_ultra_specific|target_mid|near_equal,7,0.5435644431995964,needs_new_semantic_universe_or_higher_carrier,8,0.0,1.0,10.888580138904956,11.435491608030754,1315->410|1315->1019|1315->1112|1315->2440|1315->2533|1315->3049|1315->4379|1315->4434
2330,x = (y ◇ (y ◇ (x ◇ y))) ◇ y,8,8,4685,0.0019173412867490413,10,5,2,V=((V*(V*(V*V)))*V),a=((b*(b*(a*b)))*b),residue_zero|mixed_residual_geometry|source_ultra_specific|target_mid|near_equal,7,0.5435644431995964,needs_new_semantic_universe_or_higher_carrier,8,0.0,1.0,10.888580138904956,11.435491608030754,2330->410|2330->1019|2330->1112|2330->2440|2330->2533|2330->3049|2330->4379|2330->4434
2384,x = (y ◇ (z ◇ (y ◇ y))) ◇ x,8,8,4683,0.002343417128248828,10,5,3,V=((V*(V*(V*V)))*V),a=((b*(c*(b*b)))*a),residue_zero|mixed_residual_geometry|source_ultra_specific|target_mid|near_equal,5,1.2987949406953985,needs_new_semantic_universe_or_higher_carrier,8,0.0,1.0,10.182007411635974,11.31762544305337,2384->210|2384->2245|2384->2280|2384->2317|2384->2440|2384->2448|2384->2643|2384->2745
1655,x = (x ◇ y) ◇ ((y ◇ x) ◇ z),8,8,4607,0.018534299105240733,10,4,3,V=((V*V)*((V*V)*V)),a=((a*b)*((b*a)*c)),residue_zero|mixed_residual_geometry|source_ultra_specific|target_mid|near_equal,6,0.8112781244591328,needs_new_semantic_universe_or_higher_carrier,8,0.0,1.0,10.715591821874542,11.314677473800927,1655->3055|1655->3067|1655->3090|1655->4070|1655->4119|1655->4142|1655->4597|1655->4672
1851,x = (x ◇ (y ◇ x)) ◇ (y ◇ z),8,8,4607,0.018534299105240733,10,4,3,V=((V*(V*V))*(V*V)),a=((a*(b*a))*(b*c)),residue_zero|mixed_residual_geometry|source_ultra_specific|target_mid|near_equal,6,0.8112781244591328,needs_new_semantic_universe_or_higher_carrier,8,0.0,1.0,10.715591821874542,11.314677473800927,1851->3055|1851->3067|1851->3090|1851->4070|1851->4119|1851->4142|1851->4597|1851->4672
1861,x = (x ◇ (y ◇ y)) ◇ (y ◇ z),8,8,4607,0.018534299105240733,10,4,3,V=((V*(V*V))*(V*V)),a=((a*(b*b))*(b*c)),residue_zero|mixed_residual_geometry|source_ultra_specific|target_mid|near_equal,6,0.8112781244591328,needs_new_semantic_universe_or_higher_carrier,8,0.0,1.0,10.715591821874542,11.314677473800927,1861->3055|1861->3067|1861->3090|1861->4070|1861->4119|1861->4142|1861->4597|1861->4672
1871,x = (x ◇ (y ◇ z)) ◇ (y ◇ y),8,8,4607,0.018534299105240733,10,4,3,V=((V*(V*V))*(V*V)),a=((a*(b*c))*(b*b)),residue_zero|mixed_residual_geometry|source_ultra_specific|target_mid|near_equal,6,0.8112781244591328,needs_new_semantic_universe_or_higher_carrier,8,0.0,1.0,10.715591821874542,11.314677473800927,1871->3055|1871->3067|1871->3090|1871->4070|1871->4119|1871->4142|1871->4597|1871->4672
1741,x = (y ◇ y) ◇ ((z ◇ y) ◇ x),8,8,4607,0.018534299105240733,10,4,3,V=((V*V)*((V*V)*V)),a=((b*b)*((c*b)*a)),residue_zero|mixed_residual_geometry|source_ultra_specific|target_mid|near_equal,6,0.8112781244591328,needs_new_semantic_universe_or_higher_carrier,8,0.0,1.0,10.703434531533588,11.239642287858013,1741->428|1741->472|1741->561|1741->3270|1741->3345|1741->3387|1741->4319|1741->4361
1762,x = (y ◇ z) ◇ ((x ◇ z) ◇ x),8,8,4607,0.018534299105240733,10,4,3,V=((V*V)*((V*V)*V)),a=((b*c)*((a*c)*a)),residue_zero|mixed_residual_geometry|source_ultra_specific|target_mid|near_equal,6,0.8112781244591328,needs_new_semantic_universe_or_higher_carrier,8,0.0,1.0,10.703434531533588,11.239642287858013,1762->428|1762->472|1762->561|1762->3270|1762->3345|1762->3387|1762->4319|1762->4361
1796,x = (y ◇ z) ◇ ((z ◇ z) ◇ x),8,8,4607,0.018534299105240733,10,4,3,V=((V*V)*((V*V)*V)),a=((b*c)*((c*c)*a)),residue_zero|mixed_residual_geometry|source_ultra_specific|target_mid|near_equal,6,0.8112781244591328,needs_new_semantic_universe_or_higher_carrier,8,0.0,1.0,10.703434531533588,11.239642287858013,1796->428|1796->472|1796->561|1796->3270|1796->3345|1796->3387|1796->4319|1796->4361
1911,x = (y ◇ (x ◇ z)) ◇ (z ◇ x),8,8,4607,0.018534299105240733,10,4,3,V=((V*(V*V))*(V*V)),a=((b*(a*c))*(c*a)),residue_zero|mixed_residual_geometry|source_ultra_specific|target_mid|near_equal,6,0.8112781244591328,needs_new_semantic_universe_or_higher_carrier,8,0.0,1.0,10.703434531533588,11.239642287858013,1911->428|1911->472|1911->561|1911->3270|1911->3345|1911->3387|1911->4319|1911->4361
2723,x = ((y ◇ x) ◇ (z ◇ z)) ◇ x,8,8,4646,0.010225820195994887,10,4,3,V=(((V*V)*(V*V))*V),a=(((b*a)*(c*c))*a),residue_zero|mixed_residual_geometry|source_ultra_specific|target_mid|near_equal,7,0.5435644431995964,needs_new_semantic_universe_or_higher_carrier,8,0.0,1.0,10.474503971684406,11.134820912568603,2723->2237|2723->2245|2723->2252|2723->2262|2723->2265|2723->2280|2723->2292|2723->2448
476,x = y ◇ (x ◇ (y ◇ (y ◇ y))),8,8,4691,0.0006391137622496804,10,5,2,V=(V*(V*(V*(V*V)))),a=(b*(a*(b*(b*b)))),residue_zero|mixed_residual_geometry|source_ultra_specific|target_mid|near_equal,8,0.0,needs_new_semantic_universe_or_higher_carrier,8,0.0,1.0,10.390524017438905,11.115344571180435,476->1425|476->1491|476->1518|476->2034|476->2127|476->2134|476->3049|476->3149
3149,x = (((y ◇ y) ◇ y) ◇ x) ◇ y,8,8,4691,0.0006391137622496804,10,5,2,V=((((V*V)*V)*V)*V),a=((((b*b)*b)*a)*b),residue_zero|mixed_residual_geometry|source_ultra_specific|target_mid|near_equal,8,0.0,needs_new_semantic_universe_or_higher_carrier,8,0.0,1.0,10.390524017438903,11.115344571180435,3149->410|3149->476|3149->1425|3149->1491|3149->1518|3149->2034|3149->2127|3149->2134
2820,x = ((y ◇ z) ◇ (w ◇ x)) ◇ x,8,8,4542,0.03238176395398381,10,4,4,V=(((V*V)*(V*V))*V),a=(((b*c)*(d*a))*a),residue_zero|repeat_pressure|source_ultra_specific|target_mid|near_equal,4,1.0,needs_new_semantic_universe_or_higher_carrier,8,0.0,1.0,10.243491419966446,11.057859871432475,2820->2242|2820->2262|2820->2272|2820->2299|2820->2336|2820->2346|2820->2380|2820->2397
2752,x = ((y ◇ y) ◇ (z ◇ x)) ◇ x,8,8,4542,0.03238176395398381,10,4,3,V=(((V*V)*(V*V))*V),a=(((b*b)*(c*a))*a),residue_zero|mixed_residual_geometry|source_ultra_specific|target_mid|near_equal,8,0.0,needs_new_semantic_universe_or_higher_carrier,8,0.0,1.0,9.993491419966446,10.807859871432475,2752->2242|2752->2262|2752->2272|2752->2299|2752->2336|2752->2346|2752->2380|2752->2397
2617,x = (y ◇ ((z ◇ w) ◇ x)) ◇ x,8,8,4542,0.03238176395398381,10,5,4,V=((V*((V*V)*V))*V),a=((b*((c*d)*a))*a),residue_zero|repeat_pressure|source_ultra_specific|target_mid|near_equal,4,1.0,needs_new_semantic_universe_or_higher_carrier,8,0.0,1.0,9.893491419966447,10.707859871432476,2617->2242|2617->2262|2617->2272|2617->2299|2617->2336|2617->2346|2617->2380|2617->2397
2600,x = (y ◇ ((z ◇ z) ◇ x)) ◇ x,8,8,4542,0.03238176395398381,10,5,3,V=((V*((V*V)*V))*V),a=((b*((c*c)*a))*a),residue_zero|mixed_residual_geometry|source_ultra_specific|target_mid|near_equal,8,0.0,needs_new_semantic_universe_or_higher_carrier,8,0.0,1.0,9.643491419966447,10.457859871432476,2600->2242|2600->2262|2600->2272|2600->2299|2600->2336|2600->2346|2600->2380|2600->2397
1631,x = (x ◇ x) ◇ ((x ◇ y) ◇ y),7,7,4691,0.0006391137622496804,10,4,2,V=((V*V)*((V*V)*V)),a=((a*a)*((a*b)*b)),residue_zero|mixed_residual_geometry|source_ultra_specific|target_general|near_equal,4,1.3787834934861753,needs_new_semantic_universe_or_higher_carrier,7,0.0,1.0,11.327503237449887,12.3811853179479,1631->22|1631->2440|1631->3049|1631->3455|1631->3521|1631->4064|1631->4117
1920,x = (y ◇ (y ◇ x)) ◇ (x ◇ x),7,7,4691,0.0006391137622496804,10,4,2,V=((V*(V*V))*(V*V)),a=((b*(b*a))*(a*a)),residue_zero|mixed_residual_geometry|source_ultra_specific|target_general|near_equal,4,1.3787834934861753,needs_new_semantic_universe_or_higher_carrier,7,0.0,1.0,11.323959736315572,12.3811853179479,1920->7|1920->410|1920->1019|1920->3252|1920->3318|1920->3861|1920->3914
72,x = y ◇ (y ◇ (x ◇ y)),7,7,4691,0.0006391137622496804,8,4,2,V=(V*(V*(V*V))),a=(b*(b*(a*b))),residue_zero|mixed_residual_geometry|source_ultra_specific|target_mid|near_equal,5,1.1488348542809166,needs_new_semantic_universe_or_higher_carrier,7,0.0,1.0,10.111760448115215,12.158817054546178,72->98|72->124|72->202|72->228|72->254|72->4379|72->4434
273,x = ((y ◇ x) ◇ y) ◇ y,7,7,4691,0.0006391137622496804,8,4,2,V=(((V*V)*V)*V),a=(((b*a)*b)*b),residue_zero|mixed_residual_geometry|source_ultra_specific|target_mid|near_equal,5,1.1488348542809166,needs_new_semantic_universe_or_higher_carrier,7,0.0,1.0,10.111760448115215,12.158817054546178,273->46|273->98|273->117|273->202|273->221|273->4379|273->4434
457,x = x ◇ (y ◇ (z ◇ (w ◇ x))),7,7,4674,0.004260758414997869,10,5,4,V=(V*(V*(V*(V*V)))),a=(a*(b*(c*(d*a)))),residue_zero|repeat_pressure|source_ultra_specific|target_general|near_equal,5,0.863120568566631,needs_new_semantic_universe_or_higher_carrier,7,0.0,1.0,11.27671449976489,12.086696762975334,457->3861|457->3866|457->3914|457->3924|457->3934|457->4268|457->4315
3096,x = (((x ◇ y) ◇ z) ◇ w) ◇ x,7,7,4674,0.004260758414997869,10,5,4,V=((((V*V)*V)*V)*V),a=((((a*b)*c)*d)*a),residue_zero|repeat_pressure|source_ultra_specific|target_general|near_equal,5,0.863120568566631,needs_new_semantic_universe_or_higher_carrier,7,0.0,1.0,11.379120896380304,12.086696762975334,3096->3455|3096->3457|3096->3518|3096->3521|3096->3524|3096->4583|3096->4630
431,x = x ◇ (y ◇ (x ◇ (z ◇ x))),7,7,4684,0.0021303792074989347,10,5,3,V=(V*(V*(V*(V*V)))),a=(a*(b*(a*(c*a)))),residue_zero|mixed_residual_geometry|source_ultra_specific|target_general|near_equal,6,0.5916727785823275,needs_new_semantic_universe_or_higher_carrier,7,0.0,1.0,11.02671449976489,11.836696762975334,431->3861|431->3866|431->3914|431->3924|431->3934|431->4268|431->4315
441,x = x ◇ (y ◇ (y ◇ (z ◇ x))),7,7,4681,0.0027694929697486153,10,5,3,V=(V*(V*(V*(V*V)))),a=(a*(b*(b*(c*a)))),residue_zero|mixed_residual_geometry|source_ultra_specific|target_general|near_equal,6,0.5916727785823275,needs_new_semantic_universe_or_higher_carrier,7,0.0,1.0,11.02671449976489,11.836696762975334,441->3861|441->3866|441->3914|441->3924|441->3934|441->4268|441->4315
445,x = x ◇ (y ◇ (z ◇ (x ◇ x))),7,7,4674,0.004260758414997869,10,5,3,V=(V*(V*(V*(V*V)))),a=(a*(b*(c*(a*a)))),residue_zero|mixed_residual_geometry|source_ultra_specific|target_general|near_equal,6,0.5916727785823275,needs_new_semantic_universe_or_higher_carrier,7,0.0,1.0,11.02671449976489,11.836696762975334,445->3861|445->3866|445->3914|445->3924|445->3934|445->4268|445->4315
453,x = x ◇ (y ◇ (z ◇ (z ◇ x))),7,7,4674,0.004260758414997869,10,5,3,V=(V*(V*(V*(V*V)))),a=(a*(b*(c*(c*a)))),residue_zero|mixed_residual_geometry|source_ultra_specific|target_general|near_equal,6,0.5916727785823275,needs_new_semantic_universe_or_higher_carrier,7,0.0,1.0,11.02671449976489,11.836696762975334,453->3861|453->3866|453->3914|453->3924|453->3934|453->4268|453->4315
3060,x = (((x ◇ x) ◇ y) ◇ z) ◇ x,7,7,4674,0.004260758414997869,10,5,3,V=((((V*V)*V)*V)*V),a=((((a*a)*b)*c)*a),residue_zero|mixed_residual_geometry|source_ultra_specific|target_general|near_equal,6,0.5916727785823275,needs_new_semantic_universe_or_higher_carrier,7,0.0,1.0,11.129120896380304,11.836696762975334,3060->3455|3060->3457|3060->3518|3060->3521|3060->3524|3060->4583|3060->4630
3070,x = (((x ◇ y) ◇ x) ◇ z) ◇ x,7,7,4684,0.0021303792074989347,10,5,3,V=((((V*V)*V)*V)*V),a=((((a*b)*a)*c)*a),residue_zero|mixed_residual_geometry|source_ultra_specific|target_general|near_equal,6,0.5916727785823275,needs_new_semantic_universe_or_higher_carrier,7,0.0,1.0,11.129120896380304,11.836696762975334,3070->3455|3070->3457|3070->3518|3070->3521|3070->3524|3070->4583|3070->4630
3080,x = (((x ◇ y) ◇ y) ◇ z) ◇ x,7,7,4674,0.004260758414997869,10,5,3,V=((((V*V)*V)*V)*V),a=((((a*b)*b)*c)*a),residue_zero|mixed_residual_geometry|source_ultra_specific|target_general|near_equal,6,0.5916727785823275,needs_new_semantic_universe_or_higher_carrier,7,0.0,1.0,11.129120896380304,11.836696762975334,3080->3455|3080->3457|3080->3518|3080->3521|3080->3524|3080->4583|3080->4630
3092,x = (((x ◇ y) ◇ z) ◇ z) ◇ x,7,7,4681,0.0027694929697486153,10,5,3,V=((((V*V)*V)*V)*V),a=((((a*b)*c)*c)*a),residue_zero|mixed_residual_geometry|source_ultra_specific|target_general|near_equal,6,0.5916727785823275,needs_new_semantic_universe_or_higher_carrier,7,0.0,1.0,11.129120896380304,11.836696762975334,3092->3455|3092->3457|3092->3518|3092->3521|3092->3524|3092->4583|3092->4630
702,x = y ◇ (y ◇ ((x ◇ x) ◇ x)),7,7,4687,0.0014912654452492544,10,5,2,V=(V*(V*((V*V)*V))),a=(b*(b*((a*a)*a))),residue_zero|mixed_residual_geometry|source_ultra_specific|target_general|near_equal,7,0.0,needs_new_semantic_universe_or_higher_carrier,7,0.0,1.0,11.21027012377458,11.729797606616009,702->3861|702->3886|702->3914|702->3961|702->4022|702->4064|702->4117
2849,x = ((x ◇ (x ◇ x)) ◇ y) ◇ y,7,7,4687,0.0014912654452492544,10,5,2,V=(((V*(V*V))*V)*V),a=(((a*(a*a))*b)*b),residue_zero|mixed_residual_geometry|source_ultra_specific|target_general|near_equal,7,0.0,needs_new_semantic_universe_or_higher_carrier,7,0.0,1.0,11.231341893073477,11.723108618465213,2849->3252|2849->3318|2849->3455|2849->3458|2849->3517|2849->3521|2849->3525
1136,x = y ◇ ((y ◇ (z ◇ z)) ◇ x),7,7,4683,0.002343417128248828,10,5,3,V=(V*((V*(V*V))*V)),a=(b*((b*(c*c))*a)),residue_zero|diagonal_pressure_gain|source_ultra_specific|target_mid|near_equal,3,2.1280852788913944,needs_new_semantic_universe_or_higher_carrier,7,0.0,1.0,10.375119786077006,11.299895652806084,1136->1628|1136->1636|1136->1717|1136->1730|1136->1745|1136->4589|1136->4621
2473,x = (x ◇ ((y ◇ y) ◇ z)) ◇ z,7,7,4683,0.002343417128248828,10,5,3,V=((V*((V*V)*V))*V),a=((a*((b*b)*c))*c),residue_zero|diagonal_pressure_gain|source_ultra_specific|target_mid|near_equal,3,2.1280852788913944,needs_new_semantic_universe_or_higher_carrier,7,0.0,1.0,10.355407537080735,11.299895652806084,2473->1831|2473->1834|2473->1856|2473->1860|2473->1864|2473->4269|2473->4340
2471,x = (x ◇ ((y ◇ y) ◇ z)) ◇ x,7,7,4688,0.0012782275244993609,10,5,3,V=((V*((V*V)*V))*V),a=((a*((b*b)*c))*a),residue_zero|mixed_residual_geometry|source_ultra_specific|target_mid|near_equal,4,1.3787834934861753,needs_new_semantic_universe_or_higher_carrier,7,0.0,1.0,10.105109874460185,11.245522837135914,2471->202|2471->204|2471->2237|2471->2239|2471->2242|2471->2245|2471->2248
881,x = y ◇ ((x ◇ y) ◇ (y ◇ x)),7,7,4691,0.0006391137622496804,10,4,2,V=(V*((V*V)*(V*V))),a=(b*((a*b)*(b*a))),residue_zero|mixed_residual_geometry|source_ultra_specific|target_general|near_equal,7,0.0,needs_new_semantic_universe_or_higher_carrier,7,0.0,1.0,10.796506739276111,11.236696762975335,881->3861|881->3886|881->3914|881->3961|881->4022|881->4274|881->4306
1062,x = x ◇ ((y ◇ (z ◇ z)) ◇ x),7,7,4688,0.0012782275244993609,10,5,3,V=(V*((V*(V*V))*V)),a=(a*((b*(c*c))*a)),residue_zero|mixed_residual_geometry|source_ultra_specific|target_mid|near_equal,4,1.3787834934861753,needs_new_semantic_universe_or_higher_carrier,7,0.0,1.0,10.142813761665625,11.215669873986233,1062->98|1062->103|1062->1222|1062->1227|1062->1237|1062->1247|1062->1257
1728,x = (y ◇ y) ◇ ((y ◇ x) ◇ y),7,7,4689,0.0010651896037494673,10,4,2,V=((V*V)*((V*V)*V)),a=((b*b)*((b*a)*b)),residue_zero|mixed_residual_geometry|source_ultra_specific|target_mid|near_equal,7,0.0,needs_new_semantic_universe_or_higher_carrier,7,0.0,1.0,10.111669704978738,11.185070431174337,1728->410|1728->503|1728->816|1728->909|1728->916|1728->1831|1728->1924
1897,x = (y ◇ (x ◇ y)) ◇ (y ◇ y),7,7,4689,0.0010651896037494673,10,4,2,V=((V*(V*V))*(V*V)),a=((b*(a*b))*(b*b)),residue_zero|mixed_residual_geometry|source_ultra_specific|target_mid|near_equal,7,0.0,needs_new_semantic_universe_or_higher_carrier,7,0.0,1.0,10.111669704978738,11.185070431174337,1897->1628|1897->1721|1897->2643|1897->2709|1897->2736|1897->3049|1897->3142
1672,x = (x ◇ y) ◇ ((z ◇ z) ◇ y),7,7,4683,0.002343417128248828,10,4,3,V=((V*V)*((V*V)*V)),a=((a*b)*((c*c)*b)),residue_zero|diagonal_pressure_gain|source_ultra_specific|target_mid|near_equal,3,2.1280852788913944,needs_new_semantic_universe_or_higher_carrier,7,0.0,1.0,10.005407537080737,10.949895652806084,1672->1831|1672->1834|1672->1856|1672->1860|1672->1864|1672->4269|1672->4340
1995,x = (y ◇ (z ◇ z)) ◇ (y ◇ x),7,7,4683,0.002343417128248828,10,4,3,V=((V*(V*V))*(V*V)),a=((b*(c*c))*(b*a)),residue_zero|diagonal_pressure_gain|source_ultra_specific|target_mid|near_equal,3,2.1280852788913944,needs_new_semantic_universe_or_higher_carrier,7,0.0,1.0,10.025119786077008,10.949895652806084,1995->1628|1995->1636|1995->1717|1995->1730|1995->1745|1995->4589|1995->4621
4543,x ◇ (y ◇ z) = (z ◇ y) ◇ x,7,7,4688,0.0012782275244993609,10,3,3,(V*(V*V))=((V*V)*V),(a*(b*c))=((c*b)*a),residue_zero|diagonal_pressure_gain|source_ultra_specific|target_general|near_equal,2,1.950212064914747,needs_new_semantic_universe_or_higher_carrier,7,0.0,1.0,10.389297871244228,10.751188947193635,4543->4282|4543->4357|4543->4397|4543->4441|4543->4530|4543->4634|4543->4676
826,x = x ◇ ((x ◇ y) ◇ (y ◇ z)),7,7,4634,0.01278227524499361,10,4,3,V=(V*((V*V)*(V*V))),a=(a*((a*b)*(b*c))),residue_zero|mixed_residual_geometry|source_ultra_specific|target_mid|near_equal,7,0.0,needs_new_semantic_universe_or_higher_carrier,7,0.0,1.0,9.74330820570466,10.744514003254903,826->615|826->617|826->1021|826->1022|826->1231|826->3317|826->3319
4113,x ◇ x = ((y ◇ z) ◇ w) ◇ z,7,7,4633,0.012995313165743502,10,4,4,(V*V)=(((V*V)*V)*V),(a*a)=(((b*c)*d)*c),residue_zero|diagonal_pressure_gain|source_ultra_specific|target_mid|near_equal,4,1.6644977792004614,needs_new_semantic_universe_or_higher_carrier,7,0.0,1.0,9.161936473973167,10.51098261063038,4113->4069|4113->4071|4113->4083|4113->4084|4113->4103|4113->4104|4113->4106
4101,x ◇ x = ((y ◇ z) ◇ x) ◇ z,7,7,4633,0.012995313165743502,10,4,3,(V*V)=(((V*V)*V)*V),(a*a)=(((b*c)*a)*c),residue_zero|mixed_residual_geometry|source_ultra_specific|target_mid|near_equal,5,1.1488348542809166,needs_new_semantic_universe_or_higher_carrier,7,0.0,1.0,8.983365045401738,10.26098261063038,4101->4069|4101->4071|4101->4083|4101->4084|4101->4103|4101->4104|4101->4106
245,x = (y ◇ (z ◇ z)) ◇ x,6,6,4621,0.015551768214742225,8,4,3,V=((V*(V*V))*V),a=((b*(c*c))*a),residue_zero|repeat_pressure|source_ultra_specific|target_mid|target_larger,4,0.9182958340544896,needs_new_semantic_universe_or_higher_carrier,6,0.0,1.0,11.522309114024068,11.846402667488688,245->2262|245->2292|245->2401|245->2448|245->2529|245->2557
108,x = x ◇ ((y ◇ y) ◇ z),6,6,4621,0.015551768214742225,8,4,3,V=(V*((V*V)*V)),a=(a*((b*b)*c)),residue_zero|repeat_pressure|source_ultra_specific|target_mid|target_larger,4,0.9182958340544896,needs_new_semantic_universe_or_higher_carrier,6,0.0,1.0,11.510417179658651,11.829308234129387,108->1022|108->1044|108->1052|108->1230|108->1238|108->1266
623,x = x ◇ (x ◇ ((y ◇ y) ◇ z)),6,6,4685,0.0019173412867490413,10,5,3,V=(V*(V*((V*V)*V))),a=(a*(a*((b*b)*c))),residue_zero|mixed_residual_geometry|source_ultra_specific|target_mid|near_equal,2,1.9182958340544893,needs_new_semantic_universe_or_higher_carrier,6,0.0,1.0,10.740202457753847,11.779500517679224,623->358|623->619|623->1019|623->1831|623->3659|623->4064
3006,x = ((y ◇ (z ◇ z)) ◇ x) ◇ x,6,6,4685,0.0019173412867490413,10,5,3,V=(((V*(V*V))*V)*V),a=(((b*(c*c))*a)*a),residue_zero|repeat_pressure|source_ultra_specific|target_mid|near_equal,2,1.9182958340544893,needs_new_semantic_universe_or_higher_carrier,6,0.0,1.0,10.779100066483947,11.772811529528427,3006->306|3006->1628|3006->2440|3006->2908|3006->3252|3006->3673
2874,x = ((x ◇ (y ◇ y)) ◇ y) ◇ x,6,6,4691,0.0006391137622496804,10,5,2,V=(((V*(V*V))*V)*V),a=(((a*(b*b))*b)*a),residue_zero|mixed_residual_geometry|source_ultra_specific|target_general|near_equal,4,0.9182958340544896,needs_new_semantic_universe_or_higher_carrier,6,0.0,1.0,11.011700383220562,11.522811529528427,2874->2034|2874->2059|2874->3252|2874->3318|2874->3455|2874->3521
821,x = x ◇ ((x ◇ y) ◇ (x ◇ x)),6,6,4690,0.0008521516829995739,10,4,2,V=(V*((V*V)*(V*V))),a=(a*((a*b)*(a*a))),residue_zero|mixed_residual_geometry|source_ultra_specific|target_mid|near_equal,3,1.4591479170272448,needs_new_semantic_universe_or_higher_carrier,6,0.0,1.0,10.54126744869043,11.179500517679225,821->358|821->613|821->615|821->1425|821->3861|821->4064
1430,x = (x ◇ x) ◇ (y ◇ (x ◇ x)),6,6,4691,0.0006391137622496804,10,4,2,V=((V*V)*(V*(V*V))),a=((a*a)*(b*(a*a))),residue_zero|mixed_residual_geometry|source_ultra_specific|target_general|near_equal,5,0.6500224216483541,needs_new_semantic_universe_or_higher_carrier,6,0.0,1.0,10.436762513444538,11.179500517679225,1430->1427|1430->4064|1430->4117|1430->4130|1430->4268|1430->4315
2039,x = ((x ◇ x) ◇ y) ◇ (x ◇ x),6,6,4691,0.0006391137622496804,10,4,2,V=(((V*V)*V)*(V*V)),a=(((a*a)*b)*(a*a)),residue_zero|mixed_residual_geometry|source_ultra_specific|target_general|near_equal,5,0.6500224216483541,needs_new_semantic_universe_or_higher_carrier,6,0.0,1.0,10.53063757347054,11.172811529528428,2039->2049|2039->3252|2039->3305|2039->3318|2039->4583|2039->4630
3506,x ◇ x = y ◇ ((z ◇ w) ◇ u),6,6,4591,0.02194290583723903,10,4,5,(V*V)=(V*((V*V)*V)),(a*a)=(b*((c*d)*e)),residue_zero|repeat_pressure|source_ultra_specific|target_mid|near_equal,4,0.9182958340544896,needs_new_semantic_universe_or_higher_carrier,6,0.0,1.0,10.391078303416423,11.157501593315109,3506->3258|3506->3260|3506->3268|3506->3270|3506->3293|3506->3296
3912,x ◇ x = (y ◇ (z ◇ w)) ◇ u,6,6,4591,0.02194290583723903,10,4,5,(V*V)=((V*(V*V))*V),(a*a)=((b*(c*d))*e),residue_zero|repeat_pressure|source_ultra_specific|target_mid|near_equal,4,0.9182958340544896,needs_new_semantic_universe_or_higher_carrier,6,0.0,1.0,10.378149225139245,11.157501593315109,3912->4070|3912->4072|3912->4080|3912->4082|3912->4105|3912->4108
1924,x = (y ◇ (y ◇ x)) ◇ (y ◇ y),6,6,4691,0.0006391137622496804,10,4,2,V=((V*(V*V))*(V*V)),a=((b*(b*a))*(b*b)),residue_zero|mixed_residual_geometry|source_ultra_specific|target_mid|near_equal,6,0.0,needs_new_semantic_universe_or_higher_carrier,6,0.0,1.0,10.30818829565373,11.04065380063201,1924->410|1924->503|1924->816|1924->909|1924->1628|1924->2440
1721,x = (y ◇ y) ◇ ((x ◇ y) ◇ y),6,6,4691,0.0006391137622496804,10,4,2,V=((V*V)*((V*V)*V)),a=((b*b)*((a*b)*b)),residue_zero|mixed_residual_geometry|source_ultra_specific|target_mid|near_equal,6,0.0,needs_new_semantic_universe_or_higher_carrier,6,0.0,1.0,10.306366783898367,11.029724730099819,1721->1019|1721->1831|1721->2643|1721->2736|1721->3049|1721->3142
3320,x ◇ y = x ◇ (y ◇ (z ◇ x)),6,6,4688,0.0012782275244993609,10,4,3,(V*V)=(V*(V*(V*V))),(a*b)=(a*(b*(c*a))),residue_zero|mixed_residual_geometry|source_ultra_specific|target_general|near_equal,6,0.0,needs_new_semantic_universe_or_higher_carrier,6,0.0,1.0,10.10470875751453,11.01305231004156,3320->3255|3320->3315|3320->3318|3320->3321|3320->3322|3320->4313
2313,x = (y ◇ (x ◇ (z ◇ y))) ◇ x,6,6,4686,0.0017043033659991478,10,5,3,V=((V*(V*(V*V)))*V),a=((b*(a*(c*b)))*a),residue_zero|mixed_residual_geometry|source_ultra_specific|target_mid|near_equal,5,0.6500224216483541,needs_new_semantic_universe_or_higher_carrier,6,0.0,1.0,9.859538794268895,10.94065380063201,2313->2245|2313->2252|2313->2255|2313->2329|2313->2440|2313->2448
2367,x = (y ◇ (z ◇ (x ◇ y))) ◇ x,6,6,4685,0.0019173412867490413,10,5,3,V=((V*(V*(V*V)))*V),a=((b*(c*(a*b)))*a),residue_zero|mixed_residual_geometry|source_ultra_specific|target_mid|near_equal,5,0.6500224216483541,needs_new_semantic_universe_or_higher_carrier,6,0.0,1.0,9.862582792034674,10.94065380063201,2367->2242|2367->2245|2367->2255|2367->2313|2367->2440|2367->2448
4174,x ◇ y = ((y ◇ z) ◇ x) ◇ y,6,6,4688,0.0012782275244993609,10,4,3,(V*V)=(((V*V)*V)*V),(a*b)=(((b*c)*a)*b),residue_zero|mixed_residual_geometry|source_ultra_specific|target_general|near_equal,6,0.0,needs_new_semantic_universe_or_higher_carrier,6,0.0,1.0,10.129822251619524,10.939549848048635,4174->4089|4174->4117|4174->4127|4174->4137|4174->4225|4174->4605
1244,x = x ◇ (((y ◇ x) ◇ z) ◇ y),6,6,4685,0.0019173412867490413,10,5,3,V=(V*(((V*V)*V)*V)),a=(a*(((b*a)*c)*b)),residue_zero|mixed_residual_geometry|source_ultra_specific|target_mid|near_equal,5,0.6500224216483541,needs_new_semantic_universe_or_higher_carrier,6,0.0,1.0,9.870794153769701,10.929724730099819,1244->1019|1244->1044|1244->1227|1244->1240|1244->1247|1244->1258
1258,x = x ◇ (((y ◇ z) ◇ x) ◇ y),6,6,4686,0.0017043033659991478,10,5,3,V=(V*(((V*V)*V)*V)),a=(a*(((b*c)*a)*b)),residue_zero|mixed_residual_geometry|source_ultra_specific|target_mid|near_equal,5,0.6500224216483541,needs_new_semantic_universe_or_higher_carrier,6,0.0,1.0,9.837212332019126,10.929724730099819,1258->1019|1258->1044|1258->1224|1258->1240|1258->1241|1258->1247
3294,x ◇ x = y ◇ (z ◇ (y ◇ w)),6,6,4633,0.012995313165743502,10,4,4,(V*V)=(V*(V*(V*V))),(a*a)=(b*(c*(b*d))),residue_zero|repeat_pressure|source_ultra_specific|target_general|near_equal,2,1.9182958340544893,needs_new_semantic_universe_or_higher_carrier,6,0.0,1.0,9.805261133326043,10.907501593315109,3294->3254|3294->3260|3294->3268|3294->3278|3294->3284|3294->3296
3479,x ◇ x = y ◇ ((x ◇ z) ◇ w),6,6,4591,0.02194290583723903,10,4,4,(V*V)=(V*((V*V)*V)),(a*a)=(b*((a*c)*d)),residue_zero|repeat_pressure|source_ultra_specific|target_general|near_equal,2,1.584962500721156,needs_new_semantic_universe_or_higher_carrier,6,0.0,1.0,10.141078303416423,10.907501593315109,3479->3258|3479->3260|3479->3268|3479->3270|3479->3293|3479->3296
3493,x ◇ x = y ◇ ((z ◇ x) ◇ w),6,6,4591,0.02194290583723903,10,4,4,(V*V)=(V*((V*V)*V)),(a*a)=(b*((c*a)*d)),residue_zero|repeat_pressure|source_ultra_specific|target_general|near_equal,2,1.584962500721156,needs_new_semantic_universe_or_higher_carrier,6,0.0,1.0,10.141078303416423,10.907501593315109,3493->3258|3493->3260|3493->3268|3493->3270|3493->3293|3493->3296
3505,x ◇ x = y ◇ ((z ◇ w) ◇ w),6,6,4618,0.016190881976991905,10,4,4,(V*V)=(V*((V*V)*V)),(a*a)=(b*((c*d)*d)),residue_zero|repeat_pressure|source_ultra_specific|target_general|near_equal,2,1.584962500721156,needs_new_semantic_universe_or_higher_carrier,6,0.0,1.0,10.141078303416423,10.907501593315109,3505->3258|3505->3260|3505->3268|3505->3270|3505->3293|3505->3296
3885,x ◇ x = (y ◇ (x ◇ z)) ◇ w,6,6,4591,0.02194290583723903,10,4,4,(V*V)=((V*(V*V))*V),(a*a)=((b*(a*c))*d),residue_zero|repeat_pressure|source_ultra_specific|target_mid|near_equal,2,1.584962500721156,needs_new_semantic_universe_or_higher_carrier,6,0.0,1.0,10.128149225139245,10.907501593315109,3885->4070|3885->4072|3885->4080|3885->4082|3885->4105|3885->4108
3895,x ◇ x = (y ◇ (y ◇ z)) ◇ w,6,6,4618,0.016190881976991905,10,4,4,(V*V)=((V*(V*V))*V),(a*a)=((b*(b*c))*d),residue_zero|repeat_pressure|source_ultra_specific|target_mid|near_equal,2,1.584962500721156,needs_new_semantic_universe_or_higher_carrier,6,0.0,1.0,10.128149225139245,10.907501593315109,3895->4070|3895->4072|3895->4080|3895->4082|3895->4105|3895->4108
3899,x ◇ x = (y ◇ (z ◇ x)) ◇ w,6,6,4591,0.02194290583723903,10,4,4,(V*V)=((V*(V*V))*V),(a*a)=((b*(c*a))*d),residue_zero|repeat_pressure|source_ultra_specific|target_mid|near_equal,2,1.584962500721156,needs_new_semantic_universe_or_higher_carrier,6,0.0,1.0,10.128149225139245,10.907501593315109,3899->4070|3899->4072|3899->4080|3899->4082|3899->4105|3899->4108
503,x = y ◇ (y ◇ (x ◇ (y ◇ y))),6,6,4691,0.0006391137622496804,10,5,2,V=(V*(V*(V*(V*V)))),a=(b*(b*(a*(b*b)))),residue_zero|mixed_residual_geometry|source_ultra_specific|target_mid|near_equal,6,0.0,needs_new_semantic_universe_or_higher_carrier,6,0.0,1.0,10.402325832592355,10.8495985638693,503->816|503->909|503->1628|503->1831|503->1924|503->2440
3142,x = (((y ◇ y) ◇ x) ◇ y) ◇ y,6,6,4691,0.0006391137622496804,10,5,2,V=((((V*V)*V)*V)*V),a=((((b*b)*a)*b)*b),residue_zero|mixed_residual_geometry|source_ultra_specific|target_mid|near_equal,6,0.0,needs_new_semantic_universe_or_higher_carrier,6,0.0,1.0,10.40050432083699,10.8495985638693,3142->1019|3142->1628|3142->1721|3142->1831|3142->2643|3142->2736
2835,x = ((y ◇ z) ◇ (w ◇ w)) ◇ x,6,6,4621,0.015551768214742225,10,4,4,V=(((V*V)*(V*V))*V),a=(((b*c)*(d*d))*a),residue_zero|repeat_pressure|source_ultra_specific|target_mid|near_equal,4,0.9182958340544896,needs_new_semantic_universe_or_higher_carrier,6,0.0,1.0,10.522309114024068,10.846402667488688,2835->2262|2835->2292|2835->2401|2835->2448|2835->2529|2835->2557
4039,x ◇ y = (z ◇ (w ◇ x)) ◇ y,6,6,4678,0.0034086067319982955,10,4,4,(V*V)=((V*(V*V))*V),(a*b)=((c*(d*a))*b),residue_zero|diagonal_pressure_gain|source_ultra_specific|target_general|near_equal,3,1.4591479170272448,needs_new_semantic_universe_or_higher_carrier,6,0.0,1.0,10.209562460343712,10.846402667488688,4039->4586|4039->4605|4039->4614|4039->4644|4039->4665|4039->4688
850,x = x ◇ ((y ◇ y) ◇ (z ◇ w)),6,6,4621,0.015551768214742225,10,4,4,V=(V*((V*V)*(V*V))),a=(a*((b*b)*(c*d))),residue_zero|repeat_pressure|source_ultra_specific|target_mid|near_equal,4,0.9182958340544896,needs_new_semantic_universe_or_higher_carrier,6,0.0,1.0,10.510417179658651,10.829308234129387,850->1022|850->1044|850->1052|850->1230|850->1238|850->1266
500,x = y ◇ (y ◇ (x ◇ (x ◇ y))),6,6,4691,0.0006391137622496804,10,5,2,V=(V*(V*(V*(V*V)))),a=(b*(b*(a*(a*b)))),residue_zero|mixed_residual_geometry|source_ultra_specific|target_mid|near_equal,4,1.2516291673878228,needs_new_semantic_universe_or_higher_carrier,6,0.0,1.0,9.971041496025487,10.795225748199131,500->202|500->428|500->472|500->512|500->561|500->4292
3105,x = (((y ◇ x) ◇ x) ◇ y) ◇ y,6,6,4691,0.0006391137622496804,10,5,2,V=((((V*V)*V)*V)*V),a=((((b*a)*a)*b)*b),residue_zero|mixed_residual_geometry|source_ultra_specific|target_mid|near_equal,4,1.2516291673878228,needs_new_semantic_universe_or_higher_carrier,6,0.0,1.0,9.966066002167208,10.765372785049449,3105->98|3105->3055|3105->3067|3105->3078|3105->3090|3105->4657
1495,x = (y ◇ x) ◇ (y ◇ (z ◇ z)),6,6,4654,0.008521516829995739,10,4,3,V=((V*V)*(V*(V*V))),a=((b*a)*(b*(c*c))),residue_zero|diagonal_pressure_gain|source_ultra_specific|target_mid|near_equal,4,0.9182958340544896,needs_new_semantic_universe_or_higher_carrier,6,0.0,1.0,10.581973533913859,10.75297172818023,1495->428|1495->512|1495->561|1495->3067|1495->3078|1495->3090
2145,x = ((y ◇ y) ◇ z) ◇ (x ◇ z),6,6,4654,0.008521516829995739,10,4,3,V=(((V*V)*V)*(V*V)),a=(((b*b)*c)*(a*c)),residue_zero|diagonal_pressure_gain|source_ultra_specific|target_mid|near_equal,4,0.9182958340544896,needs_new_semantic_universe_or_higher_carrier,6,0.0,1.0,10.581973533913859,10.75297172818023,2145->428|2145->512|2145->561|2145->3067|2145->3078|2145->3090
3526,x ◇ y = x ◇ ((y ◇ z) ◇ w),6,6,4678,0.0034086067319982955,10,4,4,(V*V)=(V*((V*V)*V)),(a*b)=(a*((b*c)*d)),residue_zero|diagonal_pressure_gain|source_ultra_specific|target_general|near_equal,3,1.4591479170272448,needs_new_semantic_universe_or_higher_carrier,6,0.0,1.0,10.161061691549389,10.660685521693596,3526->4267|3526->4281|3526->4313|3526->4314|3526->4338|3526->4356
3272,x ◇ x = y ◇ (x ◇ (y ◇ z)),6,6,4633,0.012995313165743502,10,4,3,(V*V)=(V*(V*(V*V))),(a*a)=(b*(a*(b*c))),residue_zero|mixed_residual_geometry|source_ultra_specific|target_mid|near_equal,4,0.9182958340544896,needs_new_semantic_universe_or_higher_carrier,6,0.0,1.0,9.555261133326043,10.657501593315109,3272->3254|3272->3260|3272->3268|3272->3278|3272->3284|3272->3296
3478,x ◇ x = y ◇ ((x ◇ z) ◇ z),6,6,4618,0.016190881976991905,10,4,3,(V*V)=(V*((V*V)*V)),(a*a)=(b*((a*c)*c)),residue_zero|mixed_residual_geometry|source_ultra_specific|target_mid|near_equal,4,0.9182958340544896,needs_new_semantic_universe_or_higher_carrier,6,0.0,1.0,9.891078303416423,10.657501593315109,3478->3258|3478->3260|3478->3268|3478->3270|3478->3293|3478->3296
3888,x ◇ x = (y ◇ (y ◇ x)) ◇ z,6,6,4618,0.016190881976991905,10,4,3,(V*V)=((V*(V*V))*V),(a*a)=((b*(b*a))*c),residue_zero|mixed_residual_geometry|source_ultra_specific|target_mid|near_equal,4,0.9182958340544896,needs_new_semantic_universe_or_higher_carrier,6,0.0,1.0,9.878149225139245,10.657501593315109,3888->4070|3888->4072|3888->4080|3888->4082|3888->4105|3888->4108
2790,x = ((y ◇ z) ◇ (y ◇ y)) ◇ x,6,6,4621,0.015551768214742225,10,4,3,V=(((V*V)*(V*V))*V),a=(((b*c)*(b*b))*a),residue_zero|mixed_residual_geometry|source_ultra_specific|target_mid|near_equal,6,0.0,needs_new_semantic_universe_or_higher_carrier,6,0.0,1.0,10.272309114024068,10.596402667488688,2790->2262|2790->2292|2790->2401|2790->2448|2790->2529|2790->2557
848,x = x ◇ ((y ◇ y) ◇ (z ◇ y)),6,6,4621,0.015551768214742225,10,4,3,V=(V*((V*V)*(V*V))),a=(a*((b*b)*(c*b))),residue_zero|mixed_residual_geometry|source_ultra_specific|target_mid|near_equal,6,0.0,needs_new_semantic_universe_or_higher_carrier,6,0.0,1.0,10.260417179658651,10.579308234129387,848->1022|848->1044|848->1052|848->1230|848->1238|848->1266
2429,x = (y ◇ (z ◇ (w ◇ w))) ◇ x,6,6,4621,0.015551768214742225,10,5,4,V=((V*(V*(V*V)))*V),a=((b*(c*(d*d)))*a),residue_zero|repeat_pressure|source_ultra_specific|target_mid|near_equal,4,0.9182958340544896,needs_new_semantic_universe_or_higher_carrier,6,0.0,1.0,10.172309114024069,10.496402667488688,2429->2262|2429->2292|2429->2401|2429->2448|2429->2529|2429->2557
1256,x = x ◇ (((y ◇ y) ◇ z) ◇ w),6,6,4621,0.015551768214742225,10,5,4,V=(V*(((V*V)*V)*V)),a=(a*(((b*b)*c)*d)),residue_zero|repeat_pressure|source_ultra_specific|target_mid|near_equal,4,0.9182958340544896,needs_new_semantic_universe_or_higher_carrier,6,0.0,1.0,10.160417179658653,10.479308234129388,1256->1022|1256->1044|1256->1052|1256->1230|1256->1238|1256->1266
2516,x = (y ◇ ((x ◇ z) ◇ y)) ◇ x,6,6,4645,0.010438858116744781,10,5,3,V=((V*((V*V)*V))*V),a=((b*((a*c)*b))*a),residue_zero|mixed_residual_geometry|source_ultra_specific|target_mid|near_equal,5,0.6500224216483541,needs_new_semantic_universe_or_higher_carrier,6,0.0,1.0,9.730699511343579,10.407849270147244,2516->2237|2516->2245|2516->2326|2516->2339|2516->2354|2516->2529
1055,x = x ◇ ((y ◇ (z ◇ x)) ◇ y),6,6,4645,0.010438858116744781,10,5,3,V=(V*((V*(V*V))*V)),a=(a*((b*(c*a))*b)),residue_zero|mixed_residual_geometry|source_ultra_specific|target_mid|near_equal,5,0.6500224216483541,needs_new_semantic_universe_or_higher_carrier,6,0.0,1.0,9.722676077576805,10.330888229011116,1055->1022|1055->1222|1055->1225|1055->1247|1055->1251|1055->1255
3697,x ◇ x = (y ◇ z) ◇ (y ◇ x),6,6,4687,0.0014912654452492544,10,3,3,(V*V)=((V*V)*(V*V)),(a*a)=((b*c)*(b*a)),residue_zero|mixed_residual_geometry|source_ultra_specific|target_mid|near_equal,4,0.9182958340544896,needs_new_semantic_universe_or_higher_carrier,6,0.0,1.0,9.112036744704952,10.26320978580507,3697->3660|3697->3673|3697->3689|3697->3693|3697->4589|3697->4621
1031,x = x ◇ ((x ◇ (y ◇ z)) ◇ y),6,6,4633,0.012995313165743502,10,5,3,V=(V*((V*(V*V))*V)),a=(a*((a*(b*c))*b)),residue_zero|mixed_residual_geometry|source_ultra_specific|target_mid|near_equal,6,0.0,needs_new_semantic_universe_or_higher_carrier,6,0.0,1.0,9.458166541622655,10.194216914318119,1031->615|1031->617|1031->1022|1031->1231|1031->3317|1031->3319
3670,x ◇ x = (x ◇ y) ◇ (z ◇ y),6,6,4687,0.0014912654452492544,10,3,3,(V*V)=((V*V)*(V*V)),(a*a)=((a*b)*(c*b)),residue_zero|mixed_residual_geometry|source_ultra_specific|target_mid|near_equal,4,0.9182958340544896,needs_new_semantic_universe_or_higher_carrier,6,0.0,1.0,9.06678388877188,10.194216914318119,3670->3659|3670->3662|3670->3663|3670->3671|3670->4269|3670->4340
2587,x = (y ◇ ((z ◇ y) ◇ y)) ◇ x,5,5,4684,0.0021303792074989347,10,5,3,V=((V*((V*V)*V))*V),a=((b*((c*b)*b))*a),residue_zero|mixed_residual_geometry|source_ultra_specific|target_mid|near_equal,4,0.7219280948873623,needs_new_semantic_universe_or_higher_carrier,5,0.0,1.0,9.662130306979332,11.548274497938339,2587->2661|2587->2671|2587->2695|2587->2811|2587->4064
1051,x = x ◇ ((y ◇ (y ◇ z)) ◇ y),5,5,4684,0.0021303792074989347,10,5,3,V=(V*((V*(V*V))*V)),a=(a*((b*(b*c))*b)),residue_zero|mixed_residual_geometry|source_ultra_specific|target_mid|near_equal,4,0.7219280948873623,needs_new_semantic_universe_or_higher_carrier,5,0.0,1.0,9.710065293973383,11.541585509787541,1051->817|1051->834|1051->844|1051->846|1051->3252
2963,x = ((y ◇ (y ◇ z)) ◇ z) ◇ x,5,5,4646,0.010225820195994887,10,5,3,V=(((V*(V*V))*V)*V),a=(((b*(b*c))*c)*a),residue_zero|diagonal_pressure_gain|source_ultra_specific|target_mid|near_equal,2,1.5219280948873621,needs_new_semantic_universe_or_higher_carrier,5,0.0,1.0,10.443953184071644,11.541585509787541,2963->2237|2963->2339|2963->2529|2963->3252|2963->3861
3909,x ◇ x = (y ◇ (z ◇ w)) ◇ y,5,5,4655,0.008308478909245846,10,4,4,(V*V)=((V*(V*V))*V),(a*a)=((b*(c*d))*b),residue_zero|repeat_pressure|source_ultra_specific|target_general|near_equal,2,1.5219280948873621,needs_new_semantic_universe_or_higher_carrier,5,0.0,1.0,9.986364772873648,11.448274497938339,3909->4064|3909->4067|3909->4089|3909->4093|3909->4097
3503,x ◇ x = y ◇ ((z ◇ w) ◇ y),5,5,4655,0.008308478909245846,10,4,4,(V*V)=(V*((V*V)*V)),(a*a)=(b*((c*d)*b)),residue_zero|repeat_pressure|source_ultra_specific|target_general|near_equal,2,1.5219280948873621,needs_new_semantic_universe_or_higher_carrier,5,0.0,1.0,9.97733371907793,11.441585509787542,3503->3252|3503->3255|3503->3277|3503->3281|3503->3285
527,x = y ◇ (y ◇ (z ◇ (z ◇ x))),5,5,4683,0.002343417128248828,10,5,3,V=(V*(V*(V*(V*V)))),a=(b*(b*(c*(c*a)))),residue_zero|diagonal_pressure_gain|source_ultra_specific|target_general|near_equal,3,1.3709505944546687,needs_new_semantic_universe_or_higher_carrier,5,0.0,1.0,10.818926155886457,11.405173654297664,527->3861|527->3886|527->3914|527->3961|527->4022
574,x = y ◇ (z ◇ (z ◇ (y ◇ x))),5,5,4683,0.002343417128248828,10,5,3,V=(V*(V*(V*(V*V)))),a=(b*(c*(c*(b*a)))),residue_zero|diagonal_pressure_gain|source_ultra_specific|target_general|near_equal,3,1.3709505944546687,needs_new_semantic_universe_or_higher_carrier,5,0.0,1.0,10.818926155886457,11.405173654297664,574->3861|574->3886|574->3914|574->3961|574->4022
3082,x = (((x ◇ y) ◇ y) ◇ z) ◇ z,5,5,4683,0.002343417128248828,10,5,3,V=((((V*V)*V)*V)*V),a=((((a*b)*b)*c)*c),residue_zero|diagonal_pressure_gain|source_ultra_specific|target_general|near_equal,3,1.3709505944546687,needs_new_semantic_universe_or_higher_carrier,5,0.0,1.0,10.835063938136486,11.405173654297664,3082->3455|3082->3458|3082->3517|3082->3521|3082->3525
3093,x = (((x ◇ y) ◇ z) ◇ z) ◇ y,5,5,4683,0.002343417128248828,10,5,3,V=((((V*V)*V)*V)*V),a=((((a*b)*c)*c)*b),residue_zero|diagonal_pressure_gain|source_ultra_specific|target_general|near_equal,3,1.3709505944546687,needs_new_semantic_universe_or_higher_carrier,5,0.0,1.0,10.835063938136486,11.405173654297664,3093->3455|3093->3458|3093->3517|3093->3521|3093->3525
1436,x = (x ◇ x) ◇ (y ◇ (z ◇ x)),5,5,4688,0.0012782275244993609,10,4,3,V=((V*V)*(V*(V*V))),a=((a*a)*(b*(c*a))),residue_zero|mixed_residual_geometry|source_ultra_specific|target_general|near_equal,4,0.7219280948873623,needs_new_semantic_universe_or_higher_carrier,5,0.0,1.0,10.592675049640926,11.198274497938339,1436->4064|1436->4117|1436->4130|1436->4268|1436->4315
3883,x ◇ x = (y ◇ (x ◇ z)) ◇ y,5,5,4655,0.008308478909245846,10,4,3,(V*V)=((V*(V*V))*V),(a*a)=((b*(a*c))*b),residue_zero|mixed_residual_geometry|source_ultra_specific|target_mid|near_equal,3,1.3709505944546687,needs_new_semantic_universe_or_higher_carrier,5,0.0,1.0,9.736364772873648,11.198274497938339,3883->4064|3883->4067|3883->4089|3883->4093|3883->4097
3897,x ◇ x = (y ◇ (z ◇ x)) ◇ y,5,5,4655,0.008308478909245846,10,4,3,(V*V)=((V*(V*V))*V),(a*a)=((b*(c*a))*b),residue_zero|mixed_residual_geometry|source_ultra_specific|target_mid|near_equal,3,1.3709505944546687,needs_new_semantic_universe_or_higher_carrier,5,0.0,1.0,9.736364772873648,11.198274497938339,3897->4064|3897->4067|3897->4089|3897->4093|3897->4097
3902,x ◇ x = (y ◇ (z ◇ y)) ◇ z,5,5,4672,0.004686834256497656,10,4,3,(V*V)=((V*(V*V))*V),(a*a)=((b*(c*b))*c),residue_zero|diagonal_pressure_gain|source_ultra_specific|target_mid|near_equal,2,1.9219280948873623,needs_new_semantic_universe_or_higher_carrier,5,0.0,1.0,9.736364772873648,11.198274497938339,3902->4064|3902->4067|3902->4089|3902->4093|3902->4097
3938,x ◇ y = (x ◇ (z ◇ y)) ◇ y,5,5,4688,0.0012782275244993609,10,4,3,(V*V)=((V*(V*V))*V),(a*b)=((a*(c*b))*b),residue_zero|mixed_residual_geometry|source_ultra_specific|target_general|near_equal,4,0.7219280948873623,needs_new_semantic_universe_or_higher_carrier,5,0.0,1.0,10.392331837709332,11.198274497938339,3938->3914|3938->3924|3938->3934|3938->4064|3938->4130
2069,x = ((x ◇ y) ◇ z) ◇ (x ◇ x),5,5,4688,0.0012782275244993609,10,4,3,V=(((V*V)*V)*(V*V)),a=(((a*b)*c)*(a*a)),residue_zero|mixed_residual_geometry|source_ultra_specific|target_general|near_equal,4,0.7219280948873623,needs_new_semantic_universe_or_higher_carrier,5,0.0,1.0,10.678618843147223,11.191585509787542,2069->3252|2069->3305|2069->3318|2069->4583|2069->4630
3477,x ◇ x = y ◇ ((x ◇ z) ◇ y),5,5,4655,0.008308478909245846,10,4,3,(V*V)=(V*((V*V)*V)),(a*a)=(b*((a*c)*b)),residue_zero|mixed_residual_geometry|source_ultra_specific|target_mid|near_equal,3,1.3709505944546687,needs_new_semantic_universe_or_higher_carrier,5,0.0,1.0,9.72733371907793,11.191585509787542,3477->3252|3477->3255|3477->3277|3477->3281|3477->3285
3491,x ◇ x = y ◇ ((z ◇ x) ◇ y),5,5,4655,0.008308478909245846,10,4,3,(V*V)=(V*((V*V)*V)),(a*a)=(b*((c*a)*b)),residue_zero|mixed_residual_geometry|source_ultra_specific|target_mid|near_equal,3,1.3709505944546687,needs_new_semantic_universe_or_higher_carrier,5,0.0,1.0,9.72733371907793,11.191585509787542,3491->3252|3491->3255|3491->3277|3491->3281|3491->3285
3496,x ◇ x = y ◇ ((z ◇ y) ◇ z),5,5,4672,0.004686834256497656,10,4,3,(V*V)=(V*((V*V)*V)),(a*a)=(b*((c*b)*c)),residue_zero|diagonal_pressure_gain|source_ultra_specific|target_mid|near_equal,2,1.9219280948873623,needs_new_semantic_universe_or_higher_carrier,5,0.0,1.0,9.72733371907793,11.191585509787542,3496->3252|3496->3255|3496->3277|3496->3281|3496->3285
3514,x ◇ y = x ◇ ((x ◇ z) ◇ y),5,5,4688,0.0012782275244993609,10,4,3,(V*V)=(V*((V*V)*V)),(a*b)=(a*((a*c)*b)),residue_zero|mixed_residual_geometry|source_ultra_specific|target_general|near_equal,4,0.7219280948873623,needs_new_semantic_universe_or_higher_carrier,5,0.0,1.0,10.428429253027256,11.191585509787542,3514->3252|3514->3305|3514->3518|3514->3521|3514->3524
499,x = y ◇ (y ◇ (x ◇ (x ◇ x))),5,5,4683,0.002343417128248828,10,5,2,V=(V*(V*(V*(V*V)))),a=(b*(b*(a*(a*a)))),residue_zero|mixed_residual_geometry|source_ultra_specific|target_general|near_equal,5,0.0,needs_new_semantic_universe_or_higher_carrier,5,0.0,1.0,10.668926155886457,11.155173654297664,499->3861|499->3886|499->3914|499->3961|499->4022
3052,x = (((x ◇ x) ◇ x) ◇ y) ◇ y,5,5,4683,0.002343417128248828,10,5,2,V=((((V*V)*V)*V)*V),a=((((a*a)*a)*b)*b),residue_zero|mixed_residual_geometry|source_ultra_specific|target_general|near_equal,5,0.0,needs_new_semantic_universe_or_higher_carrier,5,0.0,1.0,10.685063938136485,11.155173654297664,3052->3455|3052->3458|3052->3517|3052->3521|3052->3525
3548,x ◇ y = y ◇ ((x ◇ y) ◇ y),5,5,4691,0.0006391137622496804,10,4,2,(V*V)=(V*((V*V)*V)),(a*b)=(b*((a*b)*b)),residue_zero|mixed_residual_geometry|source_ultra_specific|target_general|near_equal,5,0.0,needs_new_semantic_universe_or_higher_carrier,5,0.0,1.0,10.533325860300891,10.948274497938339,3548->3252|3548->3861|3548->3954|3548->4064|3548->4379
3916,x ◇ y = (x ◇ (x ◇ y)) ◇ x,5,5,4691,0.0006391137622496804,10,4,2,(V*V)=((V*(V*V))*V),(a*b)=((a*(a*b))*a),residue_zero|mixed_residual_geometry|source_ultra_specific|target_general|near_equal,5,0.0,needs_new_semantic_universe_or_higher_carrier,5,0.0,1.0,10.499510594292104,10.948274497938339,3916->3252|3916->3455|3916->3510|3916->4064|3916->4379
1170,x = y ◇ ((z ◇ (y ◇ z)) ◇ x),5,5,4678,0.0034086067319982955,10,5,3,V=(V*((V*(V*V))*V)),a=(b*((c*(b*c))*a)),residue_zero|diagonal_pressure_gain|source_ultra_specific|target_mid|near_equal,3,1.3709505944546687,needs_new_semantic_universe_or_higher_carrier,5,0.0,1.0,9.963642951168776,10.868372544128414,1170->1628|1170->1653|1170->1683|1170->1730|1170->1792
2481,x = (x ◇ ((y ◇ z) ◇ y)) ◇ z,5,5,4678,0.0034086067319982955,10,5,3,V=((V*((V*V)*V))*V),a=((a*((b*c)*b))*c),residue_zero|diagonal_pressure_gain|source_ultra_specific|target_mid|near_equal,3,1.3709505944546687,needs_new_semantic_universe_or_higher_carrier,5,0.0,1.0,9.95494592878083,10.868372544128414,2481->1831|2481->1839|2481->1847|2481->1860|2481->1875
2669,x = ((x ◇ y) ◇ (y ◇ x)) ◇ y,5,5,4691,0.0006391137622496804,10,4,2,V=(((V*V)*(V*V))*V),a=(((a*b)*(b*a))*b),residue_zero|mixed_residual_geometry|source_ultra_specific|target_general|near_equal,5,0.0,needs_new_semantic_universe_or_higher_carrier,5,0.0,1.0,10.335063938136486,10.805173654297665,2669->3455|2669->3458|2669->3517|2669->3521|2669->3525
879,x = y ◇ ((x ◇ y) ◇ (x ◇ y)),5,5,4686,0.0017043033659991478,10,4,2,V=(V*((V*V)*(V*V))),a=(b*((a*b)*(a*b))),residue_zero|mixed_residual_geometry|source_ultra_specific|target_mid|near_equal,5,0.0,needs_new_semantic_universe_or_higher_carrier,5,0.0,1.0,9.9657598772446,10.753547322496667,879->613|879->619|879->1425|879->3049|879->3111
2706,x = ((y ◇ x) ◇ (y ◇ x)) ◇ y,5,5,4686,0.0017043033659991478,10,4,2,V=(((V*V)*(V*V))*V),a=(((b*a)*(b*a))*b),residue_zero|mixed_residual_geometry|source_ultra_specific|target_mid|near_equal,5,0.0,needs_new_semantic_universe_or_higher_carrier,5,0.0,1.0,9.969149788907355,10.753547322496667,2706->410|2706->416|2706->2034|2706->2846|2706->2908
1116,x = y ◇ ((y ◇ (x ◇ z)) ◇ z),5,5,4688,0.0012782275244993609,10,5,3,V=(V*((V*(V*V))*V)),a=(b*((b*(a*c))*c)),residue_zero|diagonal_pressure_gain|source_ultra_specific|target_mid|near_equal,3,1.3709505944546687,needs_new_semantic_universe_or_higher_carrier,5,0.0,1.0,9.799514645422715,10.709427780891122,1116->2440|1116->2443|1116->2529|1116->2533|1116->2537
2317,x = (y ◇ (x ◇ (z ◇ z))) ◇ x,5,5,4686,0.0017043033659991478,10,5,3,V=((V*(V*(V*V)))*V),a=((b*(a*(c*c)))*a),residue_zero|mixed_residual_geometry|source_ultra_specific|target_mid|near_equal,4,0.7219280948873623,needs_new_semantic_universe_or_higher_carrier,5,0.0,1.0,9.507416625058926,10.709427780891122,2317->2252|2317->2265|2317->2280|2317->2440|2317->2448
2371,x = (y ◇ (z ◇ (x ◇ z))) ◇ x,5,5,4685,0.0019173412867490413,10,5,3,V=((V*(V*(V*V)))*V),a=((b*(c*(a*c)))*a),residue_zero|mixed_residual_geometry|source_ultra_specific|target_mid|near_equal,4,0.7219280948873623,needs_new_semantic_universe_or_higher_carrier,5,0.0,1.0,9.893022765838868,10.709427780891122,2371->2242|2371->2245|2371->2292|2371->2440|2371->2448
1242,x = x ◇ (((y ◇ x) ◇ y) ◇ z),5,5,4685,0.0019173412867490413,10,5,3,V=(V*(((V*V)*V)*V)),a=(a*(((b*a)*b)*c)),residue_zero|mixed_residual_geometry|source_ultra_specific|target_mid|near_equal,4,0.7219280948873623,needs_new_semantic_universe_or_higher_carrier,5,0.0,1.0,9.901785629784408,10.698498710358933,1242->1019|1242->1044|1242->1227|1242->1238|1242->1247
1249,x = x ◇ (((y ◇ y) ◇ x) ◇ z),5,5,4686,0.0017043033659991478,10,5,3,V=(V*(((V*V)*V)*V)),a=(a*(((b*b)*a)*c)),residue_zero|mixed_residual_geometry|source_ultra_specific|target_mid|near_equal,4,0.7219280948873623,needs_new_semantic_universe_or_higher_carrier,5,0.0,1.0,9.388034039336478,10.698498710358933,1249->1019|1249->1044|1249->1224|1249->1250|1249->1253
2537,x = (y ◇ ((y ◇ x) ◇ z)) ◇ z,5,5,4688,0.0012782275244993609,10,5,3,V=((V*((V*V)*V))*V),a=((b*((b*a)*c))*c),residue_zero|diagonal_pressure_gain|source_ultra_specific|target_mid|near_equal,3,1.3709505944546687,needs_new_semantic_universe_or_higher_carrier,5,0.0,1.0,9.793788915896396,10.698498710358933,2537->1019|2537->1022|2537->1108|2537->1112|2537->1116
1669,x = (x ◇ y) ◇ ((z ◇ y) ◇ z),5,5,4678,0.0034086067319982955,10,4,3,V=((V*V)*((V*V)*V)),a=((a*b)*((c*b)*c)),residue_zero|diagonal_pressure_gain|source_ultra_specific|target_mid|near_equal,3,1.3709505944546687,needs_new_semantic_universe_or_higher_carrier,5,0.0,1.0,9.60494592878083,10.518372544128415,1669->1831|1669->1839|1669->1847|1669->1860|1669->1875
1982,x = (y ◇ (z ◇ y)) ◇ (z ◇ x),5,5,4678,0.0034086067319982955,10,4,3,V=((V*(V*V))*(V*V)),a=((b*(c*b))*(c*a)),residue_zero|diagonal_pressure_gain|source_ultra_specific|target_mid|near_equal,3,1.3709505944546687,needs_new_semantic_universe_or_higher_carrier,5,0.0,1.0,9.613642951168778,10.518372544128415,1982->1628|1982->1653|1982->1683|1982->1730|1982->1792
1522,x = (y ◇ y) ◇ (x ◇ (z ◇ z)),5,5,4675,0.004047720494247976,10,4,3,V=((V*V)*(V*(V*V))),a=((b*b)*(a*(c*c))),residue_zero|diagonal_pressure_gain|source_ultra_specific|target_mid|near_equal,3,1.3709505944546687,needs_new_semantic_universe_or_higher_carrier,5,0.0,1.0,9.281169758133952,10.40714690901819,1522->2034|1522->2037|1522->2123|1522->2127|1522->2131
2131,x = ((y ◇ y) ◇ x) ◇ (z ◇ z),5,5,4675,0.004047720494247976,10,4,3,V=(((V*V)*V)*(V*V)),a=(((b*b)*a)*(c*c)),residue_zero|diagonal_pressure_gain|source_ultra_specific|target_mid|near_equal,3,1.3709505944546687,needs_new_semantic_universe_or_higher_carrier,5,0.0,1.0,9.302241861265518,10.40714690901819,2131->1425|2131->1428|2131->1514|2131->1518|2131->1522
906,x = y ◇ ((y ◇ x) ◇ (x ◇ y)),5,5,4691,0.0006391137622496804,10,4,2,V=(V*((V*V)*(V*V))),a=(b*((b*a)*(a*b))),residue_zero|mixed_residual_geometry|source_ultra_specific|target_mid|near_equal,4,0.7219280948873623,needs_new_semantic_universe_or_higher_carrier,5,0.0,1.0,9.329971264830093,10.15714690901819,906->254|906->613|906->835|906->842|906->1425
2699,x = ((y ◇ x) ◇ (x ◇ y)) ◇ y,5,5,4691,0.0006391137622496804,10,4,2,V=(((V*V)*(V*V))*V),a=(((b*a)*(a*b))*b),residue_zero|mixed_residual_geometry|source_ultra_specific|target_mid|near_equal,4,0.7219280948873623,needs_new_semantic_universe_or_higher_carrier,5,0.0,1.0,9.329971264830093,10.15714690901819,2699->46|2699->2034|2699->2708|2699->2735|2699->2846
1041,x = x ◇ ((y ◇ (x ◇ z)) ◇ y),5,5,4642,0.011077971878994461,10,5,3,V=(V*((V*(V*V))*V)),a=(a*((b*(a*c))*b)),residue_zero|mixed_residual_geometry|source_ultra_specific|target_mid|near_equal,4,0.7219280948873623,needs_new_semantic_universe_or_higher_carrier,5,0.0,1.0,9.77604773693673,10.099662209270228,1041->1044|1041->1222|1041->1238|1041->1240|1041->1247
54,x = x ◇ (y ◇ (y ◇ x)),4,4,4687,0.0014912654452492544,8,4,2,V=(V*(V*(V*V))),a=(a*(b*(b*a))),residue_zero|mixed_residual_geometry|source_ultra_specific|target_mid|target_larger,2,1.5,needs_new_semantic_universe_or_higher_carrier,4,0.0,1.0,10.82143834318573,11.781691319106733,54->641|54->844|54->1425|54->3861
421,x = x ◇ (x ◇ (y ◇ (z ◇ x))),4,4,4688,0.0012782275244993609,10,5,3,V=(V*(V*(V*(V*V)))),a=(a*(a*(b*(c*a)))),residue_zero|repeat_pressure|source_ultra_specific|target_general|near_equal,2,1.5,needs_new_semantic_universe_or_higher_carrier,4,0.0,1.0,11.098140527189265,11.274792162747405,421->358|421->3861|421->3914|421->4064
620,x = x ◇ (x ◇ ((y ◇ x) ◇ z)),4,4,4683,0.002343417128248828,10,5,3,V=(V*(V*((V*V)*V))),a=(a*(a*((b*a)*c))),residue_zero|repeat_pressure|source_ultra_specific|target_general|near_equal,3,0.8112781244591328,needs_new_semantic_universe_or_higher_carrier,4,0.0,1.0,10.962756193842978,11.274792162747405,620->358|620->3658|620->3861|620->4064
646,x = x ◇ (y ◇ ((y ◇ z) ◇ z)),4,4,4646,0.010225820195994887,10,5,3,V=(V*(V*((V*V)*V))),a=(a*(b*((b*c)*c))),residue_zero|repeat_pressure|source_ultra_specific|target_general|near_equal,2,1.5,needs_new_semantic_universe_or_higher_carrier,4,0.0,1.0,10.268718513733132,11.274792162747405,646->1222|646->1251|646->3455|646->4064
2918,x = ((y ◇ (x ◇ z)) ◇ x) ◇ x,4,4,4683,0.002343417128248828,10,5,3,V=(((V*(V*V))*V)*V),a=(((b*(a*c))*a)*a),residue_zero|repeat_pressure|source_ultra_specific|target_general|near_equal,3,0.8112781244591328,needs_new_semantic_universe_or_higher_carrier,4,0.0,1.0,10.966460498110521,11.26810317459661,2918->306|2918->3252|2918->3455|2918->3658
3084,x = (((x ◇ y) ◇ z) ◇ x) ◇ x,4,4,4688,0.0012782275244993609,10,5,3,V=((((V*V)*V)*V)*V),a=((((a*b)*c)*a)*a),residue_zero|repeat_pressure|source_ultra_specific|target_general|near_equal,2,1.5,needs_new_semantic_universe_or_higher_carrier,4,0.0,1.0,11.122017059269343,11.26810317459661,3084->306|3084->3252|3084->3455|3084->3521
1649,x = (x ◇ y) ◇ ((x ◇ z) ◇ x),4,4,4686,0.0017043033659991478,10,4,3,V=((V*V)*((V*V)*V)),a=((a*b)*((a*c)*a)),residue_zero|mixed_residual_geometry|source_ultra_specific|target_general|near_equal,3,0.8112781244591328,needs_new_semantic_universe_or_higher_carrier,4,0.0,1.0,10.223514823471026,10.924792162747405,1649->4064|1649->4069|1649->4583|1649->4630
1852,x = (x ◇ (y ◇ x)) ◇ (z ◇ x),4,4,4686,0.0017043033659991478,10,4,3,V=((V*(V*V))*(V*V)),a=((a*(b*a))*(c*a)),residue_zero|mixed_residual_geometry|source_ultra_specific|target_general|near_equal,3,0.8112781244591328,needs_new_semantic_universe_or_higher_carrier,4,0.0,1.0,10.094476075370839,10.91810317459661,1852->3252|1852->3254|1852->4268|1852->4315
913,x = y ◇ ((y ◇ x) ◇ (z ◇ z)),4,4,4582,0.02386024712398807,10,4,3,V=(V*((V*V)*(V*V))),a=(b*((b*a)*(c*c))),residue_zero|diagonal_pressure_gain|source_ultra_specific|target_mid|near_equal,3,0.8112781244591328,needs_new_semantic_universe_or_higher_carrier,4,0.0,1.0,9.970895653448643,10.785945445700191,913->2440|913->2458|913->2465|913->2529
1928,x = (y ◇ (y ◇ x)) ◇ (z ◇ z),4,4,4582,0.02386024712398807,10,4,3,V=((V*(V*V))*(V*V)),a=((b*(b*a))*(c*c)),residue_zero|diagonal_pressure_gain|source_ultra_specific|target_mid|near_equal,3,0.8112781244591328,needs_new_semantic_universe_or_higher_carrier,4,0.0,1.0,9.970895653448643,10.785945445700191,1928->2440|1928->2458|1928->2465|1928->2529
1725,x = (y ◇ y) ◇ ((x ◇ z) ◇ z),4,4,4582,0.02386024712398807,10,4,3,V=((V*V)*((V*V)*V)),a=((b*b)*((a*c)*c)),residue_zero|diagonal_pressure_gain|source_ultra_specific|target_mid|near_equal,3,0.8112781244591328,needs_new_semantic_universe_or_higher_carrier,4,0.0,1.0,9.970405553311286,10.775016375167999,1725->1019|1725->1022|1725->1027|1725->1037
2740,x = ((y ◇ y) ◇ (x ◇ z)) ◇ z,4,4,4582,0.02386024712398807,10,4,3,V=(((V*V)*(V*V))*V),a=(((b*b)*(a*c))*c),residue_zero|diagonal_pressure_gain|source_ultra_specific|target_mid|near_equal,3,0.8112781244591328,needs_new_semantic_universe_or_higher_carrier,4,0.0,1.0,9.970405553311286,10.775016375167999,2740->1019|2740->1022|2740->1027|2740->1037
1832,x = (x ◇ (x ◇ x)) ◇ (x ◇ y),4,4,4691,0.0006391137622496804,10,4,2,V=((V*(V*V))*(V*V)),a=((a*(a*a))*(a*b)),residue_zero|mixed_residual_geometry|source_ultra_specific|target_general|near_equal,3,0.8112781244591328,needs_new_semantic_universe_or_higher_carrier,4,0.0,1.0,10.012379440981977,10.674792162747405,1832->1628|1832->3455|1832->3456|1832->4064
1680,x = (y ◇ x) ◇ ((x ◇ x) ◇ x),4,4,4691,0.0006391137622496804,10,4,2,V=((V*V)*((V*V)*V)),a=((b*a)*((a*a)*a)),residue_zero|mixed_residual_geometry|source_ultra_specific|target_general|near_equal,3,0.8112781244591328,needs_new_semantic_universe_or_higher_carrier,4,0.0,1.0,10.026337283189612,10.66810317459661,1680->1831|1680->3252|1680->3861|1680->3876
3519,x ◇ y = x ◇ ((y ◇ x) ◇ z),4,4,4688,0.0012782275244993609,10,4,3,(V*V)=(V*((V*V)*V)),(a*b)=(a*((b*a)*c)),residue_zero|mixed_residual_geometry|source_ultra_specific|target_mid|near_equal,2,1.0,needs_new_semantic_universe_or_higher_carrier,4,0.0,1.0,9.649584253213249,10.523969273012822,3519->3520|3519->3521|3519->3522|3519->4313
4005,x ◇ y = (z ◇ (y ◇ x)) ◇ y,4,4,4688,0.0012782275244993609,10,4,3,(V*V)=((V*(V*V))*V),(a*b)=((c*(b*a))*b),residue_zero|mixed_residual_geometry|source_ultra_specific|target_general|near_equal,2,1.0,needs_new_semantic_universe_or_higher_carrier,4,0.0,1.0,9.675841311849485,10.44328036176268,4005->3914|4005->3951|4005->3988|4005->4605
507,x = y ◇ (y ◇ (x ◇ (z ◇ z))),4,4,4582,0.02386024712398807,10,5,3,V=(V*(V*(V*(V*V)))),a=(b*(b*(a*(c*c)))),residue_zero|diagonal_pressure_gain|source_ultra_specific|target_mid|near_equal,3,0.8112781244591328,needs_new_semantic_universe_or_higher_carrier,4,0.0,1.0,9.620895653448642,10.435945445700192,507->2440|507->2458|507->2465|507->2529
2276,x = (x ◇ (y ◇ (z ◇ y))) ◇ x,4,4,4686,0.0017043033659991478,10,5,3,V=((V*(V*(V*V)))*V),a=((a*(b*(c*b)))*a),residue_zero|mixed_residual_geometry|source_ultra_specific|target_mid|near_equal,3,0.8112781244591328,needs_new_semantic_universe_or_higher_carrier,4,0.0,1.0,9.292478620378121,10.435945445700192,2276->2245|2276->2252|2276->2280|2276->2440
2295,x = (y ◇ (x ◇ (x ◇ z))) ◇ x,4,4,4683,0.002343417128248828,10,5,3,V=((V*(V*(V*V)))*V),a=((b*(a*(a*c)))*a),residue_zero|mixed_residual_geometry|source_ultra_specific|target_mid|near_equal,3,0.8112781244591328,needs_new_semantic_universe_or_higher_carrier,4,0.0,1.0,9.333724778292392,10.435945445700192,2295->2265|2295->2329|2295->2440|2295->2448
1261,x = x ◇ (((y ◇ z) ◇ y) ◇ x),4,4,4686,0.0017043033659991478,10,5,3,V=(V*(((V*V)*V)*V)),a=(a*(((b*c)*b)*a)),residue_zero|mixed_residual_geometry|source_ultra_specific|target_mid|near_equal,3,0.8112781244591328,needs_new_semantic_universe_or_higher_carrier,4,0.0,1.0,9.21493988830216,10.425016375168,1261->1019|1261->1224|1261->1247|1261->1253
3146,x = (((y ◇ y) ◇ x) ◇ z) ◇ z,4,4,4582,0.02386024712398807,10,5,3,V=((((V*V)*V)*V)*V),a=((((b*b)*a)*c)*c),residue_zero|diagonal_pressure_gain|source_ultra_specific|target_mid|near_equal,3,0.8112781244591328,needs_new_semantic_universe_or_higher_carrier,4,0.0,1.0,9.620405553311286,10.425016375168,3146->1019|3146->1022|3146->1027|3146->1037
703,x = y ◇ (y ◇ ((x ◇ x) ◇ y)),4,4,4691,0.0006391137622496804,10,5,2,V=(V*(V*((V*V)*V))),a=(b*(b*((a*a)*b))),residue_zero|mixed_residual_geometry|source_ultra_specific|target_mid|near_equal,3,0.8112781244591328,needs_new_semantic_universe_or_higher_carrier,4,0.0,1.0,10.124261304885135,10.290517393267312,703->202|703->816|703->1425|703->3049
2902,x = ((y ◇ (x ◇ x)) ◇ y) ◇ y,4,4,4691,0.0006391137622496804,10,5,2,V=(((V*(V*V))*V)*V),a=(((b*(a*a))*b)*b),residue_zero|mixed_residual_geometry|source_ultra_specific|target_mid|near_equal,3,0.8112781244591328,needs_new_semantic_universe_or_higher_carrier,4,0.0,1.0,10.116798064097717,10.26066443011763,2902->98|2902->410|2902->2034|2902->2643
843,x = x ◇ ((y ◇ y) ◇ (x ◇ z)),4,4,4646,0.010225820195994887,10,4,3,V=(V*((V*V)*(V*V))),a=(a*((b*b)*(a*c))),residue_zero|mixed_residual_geometry|source_ultra_specific|target_mid|near_equal,3,0.8112781244591328,needs_new_semantic_universe_or_higher_carrier,4,0.0,1.0,9.93804064465284,10.176179874079295,843->1044|843->1222|843->1238|843->1247
1275,x = y ◇ (((x ◇ x) ◇ x) ◇ y),4,4,4691,0.0006391137622496804,10,5,2,V=(V*(((V*V)*V)*V)),a=(b*(((a*a)*a)*b)),residue_zero|mixed_residual_geometry|source_ultra_specific|target_mid|near_equal,4,0.0,needs_new_semantic_universe_or_higher_carrier,4,0.0,1.0,9.553326284556437,10.130064987305733,1275->410|1275->416|1275->4272|1275->4331
2290,x = (y ◇ (x ◇ (x ◇ x))) ◇ y,4,4,4691,0.0006391137622496804,10,5,2,V=((V*(V*(V*V)))*V),a=((b*(a*(a*a)))*b),residue_zero|mixed_residual_geometry|source_ultra_specific|target_mid|near_equal,4,0.0,needs_new_semantic_universe_or_higher_carrier,4,0.0,1.0,9.649767413662063,10.130064987305733,2290->3049|2290->3111|2290->4587|2290->4646
1235,x = x ◇ (((x ◇ y) ◇ z) ◇ z),4,4,4566,0.027268853855986364,10,5,3,V=(V*(((V*V)*V)*V)),a=(a*(((a*b)*c)*c)),residue_zero|mixed_residual_geometry|source_ultra_specific|target_mid|near_equal,4,0.0,needs_new_semantic_universe_or_higher_carrier,4,0.0,1.0,8.801700116027133,9.79834650256941,1235->824|1235->826|1235->1025|1235->1031
48,x = x ◇ (x ◇ (y ◇ x)),3,3,4686,0.0017043033659991478,8,4,2,V=(V*(V*(V*V))),a=(a*(a*(b*a))),residue_zero|repeat_pressure|source_ultra_specific|target_general|target_larger,2,0.9182958340544896,needs_new_semantic_universe_or_higher_carrier,3,0.0,1.0,10.848378588693478,11.590076835776092,48->358|48->3861|48->4064
259,x = ((x ◇ y) ◇ x) ◇ x,3,3,4686,0.0017043033659991478,8,4,2,V=(((V*V)*V)*V),a=(((a*b)*a)*a),residue_zero|repeat_pressure|source_ultra_specific|target_general|target_larger,2,0.9182958340544896,needs_new_semantic_universe_or_higher_carrier,3,0.0,1.0,10.853317661050204,11.583387847625296,259->306|259->3252|259->3455
117,x = y ◇ ((x ◇ y) ◇ y),3,3,4687,0.0014912654452492544,8,4,2,V=(V*((V*V)*V)),a=(b*((a*b)*b)),residue_zero|mixed_residual_geometry|source_ultra_specific|target_mid|near_equal,2,0.9182958340544896,needs_new_semantic_universe_or_higher_carrier,3,0.0,1.0,8.636084281099649,11.048889394146856,117->221|117->273|117->4434
228,x = (y ◇ (y ◇ x)) ◇ y,3,3,4687,0.0014912654452492544,8,4,2,V=((V*(V*V))*V),a=((b*(b*a))*b),residue_zero|mixed_residual_geometry|source_ultra_specific|target_mid|near_equal,2,0.9182958340544896,needs_new_semantic_universe_or_higher_carrier,3,0.0,1.0,8.636084281099649,11.048889394146856,228->72|228->124|228->4434
624,x = x ◇ (x ◇ ((y ◇ z) ◇ x)),3,3,4686,0.0017043033659991478,10,5,3,V=(V*(V*((V*V)*V))),a=(a*(a*((b*c)*a))),residue_zero|repeat_pressure|source_ultra_specific|target_general|near_equal,2,0.9182958340544896,needs_new_semantic_universe_or_higher_carrier,3,0.0,1.0,10.865045255360146,10.940076835776091,624->358|624->3861|624->4064
2881,x = ((x ◇ (y ◇ z)) ◇ x) ◇ x,3,3,4686,0.0017043033659991478,10,5,3,V=(((V*(V*V))*V)*V),a=(((a*(b*c))*a)*a),residue_zero|repeat_pressure|source_ultra_specific|target_general|near_equal,2,0.9182958340544896,needs_new_semantic_universe_or_higher_carrier,3,0.0,1.0,10.86998432771687,10.933387847625296,2881->306|2881->3252|2881->3455
3058,x = (((x ◇ x) ◇ y) ◇ y) ◇ y,3,3,4687,0.0014912654452492544,10,5,2,V=((((V*V)*V)*V)*V),a=((((a*a)*b)*b)*b),residue_zero|mixed_residual_geometry|source_ultra_specific|target_general|near_equal,2,0.9182958340544896,needs_new_semantic_universe_or_higher_carrier,3,0.0,1.0,10.495152947417099,10.922576268071367,3058->325|3058->3318|3058->3521
509,x = y ◇ (y ◇ (y ◇ (x ◇ x))),3,3,4687,0.0014912654452492544,10,5,2,V=(V*(V*(V*(V*V)))),a=(b*(b*(b*(a*a)))),residue_zero|mixed_residual_geometry|source_ultra_specific|target_general|near_equal,2,0.9182958340544896,needs_new_semantic_universe_or_higher_carrier,3,0.0,1.0,10.39848864261639,10.786774726912306,509->374|509->3914|509->4117
641,x = x ◇ (y ◇ ((y ◇ y) ◇ x)),3,3,4691,0.0006391137622496804,10,5,2,V=(V*(V*((V*V)*V))),a=(a*(b*((b*b)*a))),residue_zero|mixed_residual_geometry|source_ultra_specific|target_general|near_equal,2,0.9182958340544896,needs_new_semantic_universe_or_higher_carrier,3,0.0,1.0,10.378667358255818,10.690076835776091,641->1425|641->3861|641->4064
2861,x = ((x ◇ (y ◇ x)) ◇ x) ◇ x,3,3,4690,0.0008521516829995739,10,5,2,V=(((V*(V*V))*V)*V),a=(((a*(b*a))*a)*a),residue_zero|mixed_residual_geometry|source_ultra_specific|target_general|near_equal,2,0.9182958340544896,needs_new_semantic_universe_or_higher_carrier,3,0.0,1.0,10.61998432771687,10.683387847625296,2861->306|2861->3252|2861->3455
2935,x = ((y ◇ (y ◇ x)) ◇ x) ◇ x,3,3,4683,0.002343417128248828,10,5,2,V=(((V*(V*V))*V)*V),a=(((b*(b*a))*a)*a),residue_zero|mixed_residual_geometry|source_ultra_specific|target_general|near_equal,2,0.9182958340544896,needs_new_semantic_universe_or_higher_carrier,3,0.0,1.0,10.182929809334942,10.683387847625296,2935->2237|2935->3252|2935->3861
105,x = x ◇ ((y ◇ x) ◇ z),3,3,4587,0.022795057520238603,8,4,3,V=(V*((V*V)*V)),a=(a*((b*a)*c)),residue_zero|repeat_pressure|source_ultra_specific|target_general|target_larger,2,0.9182958340544896,needs_new_semantic_universe_or_higher_carrier,3,0.0,1.0,10.110684594535194,10.656978985585557,105->3863|105->3927|105->3930
223,x = (y ◇ (x ◇ z)) ◇ x,3,3,4587,0.022795057520238603,8,4,3,V=((V*(V*V))*V),a=((b*(a*c))*a),residue_zero|repeat_pressure|source_ultra_specific|target_general|target_larger,2,0.9182958340544896,needs_new_semantic_universe_or_higher_carrier,3,0.0,1.0,9.999482618729202,10.586774726912306,223->3460|223->3508|223->3528
847,x = x ◇ ((y ◇ y) ◇ (z ◇ x)),3,3,4687,0.0014912654452492544,10,4,3,V=(V*((V*V)*(V*V))),a=(a*((b*b)*(c*a))),residue_zero|mixed_residual_geometry|source_ultra_specific|target_general|near_equal,2,0.9182958340544896,needs_new_semantic_universe_or_higher_carrier,3,0.0,1.0,9.987506670837446,10.446975992135417,847->3861|847->3914|847->3927
2686,x = ((x ◇ y) ◇ (z ◇ z)) ◇ x,3,3,4687,0.0014912654452492544,10,4,3,V=(((V*V)*(V*V))*V),a=(((a*b)*(c*c))*a),residue_zero|mixed_residual_geometry|source_ultra_specific|target_general|near_equal,2,0.9182958340544896,needs_new_semantic_universe_or_higher_carrier,3,0.0,1.0,9.991001555029744,10.446975992135417,2686->3455|2686->3508|2686->3521
878,x = y ◇ ((x ◇ y) ◇ (x ◇ x)),3,3,4691,0.0006391137622496804,10,4,2,V=(V*((V*V)*(V*V))),a=(b*((a*b)*(a*a))),residue_zero|mixed_residual_geometry|source_ultra_specific|target_general|near_equal,2,0.9182958340544896,needs_new_semantic_universe_or_higher_carrier,3,0.0,1.0,9.661072203435245,10.340076835776092,878->871|878->4064|878->4117
2649,x = ((x ◇ x) ◇ (y ◇ x)) ◇ y,3,3,4691,0.0006391137622496804,10,4,2,V=(((V*V)*(V*V))*V),a=(((a*a)*(b*a))*b),residue_zero|mixed_residual_geometry|source_ultra_specific|target_general|near_equal,2,0.9182958340544896,needs_new_semantic_universe_or_higher_carrier,3,0.0,1.0,9.64912531002926,10.333387847625296,2649->2659|2649->3252|2649->3318
1840,x = (x ◇ (x ◇ y)) ◇ (y ◇ y),3,3,4691,0.0006391137622496804,10,4,2,V=((V*(V*V))*(V*V)),a=((a*(a*b))*(b*b)),residue_zero|mixed_residual_geometry|source_ultra_specific|target_mid|near_equal,2,0.9182958340544896,needs_new_semantic_universe_or_higher_carrier,3,0.0,1.0,9.82515259108966,10.201230118728876,1840->202|1840->2237|1840->2440
1727,x = (y ◇ y) ◇ ((y ◇ x) ◇ x),3,3,4691,0.0006391137622496804,10,4,2,V=((V*V)*((V*V)*V)),a=((b*b)*((b*a)*a)),residue_zero|mixed_residual_geometry|source_ultra_specific|target_mid|near_equal,2,0.9182958340544896,needs_new_semantic_universe_or_higher_carrier,3,0.0,1.0,9.785904899483661,10.190301048196686,1727->98|1727->1019|1727->1222
1254,x = x ◇ (((y ◇ y) ◇ z) ◇ y),3,3,4683,0.002343417128248828,10,5,3,V=(V*(((V*V)*V)*V)),a=(a*(((b*b)*c)*b)),residue_zero|repeat_pressure|source_ultra_specific|target_mid|near_equal,2,0.9182958340544896,needs_new_semantic_universe_or_higher_carrier,3,0.0,1.0,9.539622660467922,10.090301048196686,1254->816|1254->845|1254->1019
3286,x ◇ x = y ◇ (y ◇ (z ◇ w)),3,3,4633,0.012995313165743502,10,4,4,(V*V)=(V*(V*(V*V))),(a*a)=(b*(b*(c*d))),residue_zero|repeat_pressure|source_ultra_specific|target_general|near_equal,1,1.584962500721156,needs_new_semantic_universe_or_higher_carrier,3,0.0,1.0,9.476067559919775,10.068077911411976,3286->3260|3286->3268|3286->3296
3489,x ◇ x = y ◇ ((y ◇ z) ◇ w),3,3,4618,0.016190881976991905,10,4,4,(V*V)=(V*((V*V)*V)),(a*a)=(b*((b*c)*d)),residue_zero|repeat_pressure|source_ultra_specific|target_general|near_equal,1,1.584962500721156,needs_new_semantic_universe_or_higher_carrier,3,0.0,1.0,9.476067559919775,10.068077911411976,3489->3260|3489->3268|3489->3296
3911,x ◇ x = (y ◇ (z ◇ w)) ◇ w,3,3,4618,0.016190881976991905,10,4,4,(V*V)=((V*(V*V))*V),(a*a)=((b*(c*d))*d),residue_zero|repeat_pressure|source_ultra_specific|target_general|near_equal,1,1.584962500721156,needs_new_semantic_universe_or_higher_carrier,3,0.0,1.0,9.408488355714086,10.068077911411976,3911->4072|3911->4080|3911->4108
1246,x = x ◇ (((y ◇ x) ◇ z) ◇ w),3,3,4587,0.022795057520238603,10,5,4,V=(V*(((V*V)*V)*V)),a=(a*(((b*a)*c)*d)),residue_zero|repeat_pressure|source_ultra_specific|target_general|near_equal,2,0.9182958340544896,needs_new_semantic_universe_or_higher_carrier,3,0.0,1.0,9.460684594535193,10.006978985585556,1246->3863|1246->3927|1246->3930
1260,x = x ◇ (((y ◇ z) ◇ x) ◇ w),3,3,4587,0.022795057520238603,10,5,4,V=(V*(((V*V)*V)*V)),a=(a*(((b*c)*a)*d)),residue_zero|repeat_pressure|source_ultra_specific|target_general|near_equal,2,0.9182958340544896,needs_new_semantic_universe_or_higher_carrier,3,0.0,1.0,9.460684594535193,10.006978985585556,1260->3863|1260->3927|1260->3930
2321,x = (y ◇ (x ◇ (z ◇ w))) ◇ x,3,3,4587,0.022795057520238603,10,5,4,V=((V*(V*(V*V)))*V),a=((b*(a*(c*d)))*a),residue_zero|repeat_pressure|source_ultra_specific|target_general|near_equal,2,0.9182958340544896,needs_new_semantic_universe_or_higher_carrier,3,0.0,1.0,9.3494826187292,9.936774726912306,2321->3460|2321->3508|2321->3528
2375,x = (y ◇ (z ◇ (x ◇ w))) ◇ x,3,3,4587,0.022795057520238603,10,5,4,V=((V*(V*(V*V)))*V),a=((b*(c*(a*d)))*a),residue_zero|repeat_pressure|source_ultra_specific|target_general|near_equal,2,0.9182958340544896,needs_new_semantic_universe_or_higher_carrier,3,0.0,1.0,9.3494826187292,9.936774726912306,2375->3460|2375->3508|2375->3528
639,x = x ◇ (y ◇ ((y ◇ x) ◇ y)),3,3,4691,0.0006391137622496804,10,5,2,V=(V*(V*((V*V)*V))),a=(a*(b*((b*a)*b))),residue_zero|mixed_residual_geometry|source_ultra_specific|target_mid|near_equal,2,0.9182958340544896,needs_new_semantic_universe_or_higher_carrier,3,0.0,1.0,9.767403209834812,9.898949246855944,639->254|639->816|639->1425
2911,x = ((y ◇ (x ◇ y)) ◇ y) ◇ x,3,3,4691,0.0006391137622496804,10,5,2,V=(((V*(V*V))*V)*V),a=(((b*(a*b))*b)*a),residue_zero|mixed_residual_geometry|source_ultra_specific|target_mid|near_equal,2,0.9182958340544896,needs_new_semantic_universe_or_higher_carrier,3,0.0,1.0,9.767403209834812,9.898949246855944,2911->46|2911->2034|2911->2643
3279,x ◇ x = y ◇ (y ◇ (x ◇ z)),3,3,4633,0.012995313165743502,10,4,3,(V*V)=(V*(V*(V*V))),(a*a)=(b*(b*(a*c))),residue_zero|mixed_residual_geometry|source_ultra_specific|target_mid|near_equal,2,0.9182958340544896,needs_new_semantic_universe_or_higher_carrier,3,0.0,1.0,9.226067559919775,9.818077911411976,3279->3260|3279->3268|3279->3296
3482,x ◇ x = y ◇ ((y ◇ x) ◇ z),3,3,4618,0.016190881976991905,10,4,3,(V*V)=(V*((V*V)*V)),(a*a)=(b*((b*a)*c)),residue_zero|mixed_residual_geometry|source_ultra_specific|target_mid|near_equal,2,0.9182958340544896,needs_new_semantic_universe_or_higher_carrier,3,0.0,1.0,9.226067559919775,9.818077911411976,3482->3260|3482->3268|3482->3296
3884,x ◇ x = (y ◇ (x ◇ z)) ◇ z,3,3,4618,0.016190881976991905,10,4,3,(V*V)=((V*(V*V))*V),(a*a)=((b*(a*c))*c),residue_zero|mixed_residual_geometry|source_ultra_specific|target_mid|near_equal,2,0.9182958340544896,needs_new_semantic_universe_or_higher_carrier,3,0.0,1.0,9.158488355714086,9.818077911411976,3884->4072|3884->4080|3884->4108
1245,x = x ◇ (((y ◇ x) ◇ z) ◇ z),3,3,4587,0.022795057520238603,10,5,3,V=(V*(((V*V)*V)*V)),a=(a*(((b*a)*c)*c)),residue_zero|mixed_residual_geometry|source_ultra_specific|target_general|near_equal,3,0.0,needs_new_semantic_universe_or_higher_carrier,3,0.0,1.0,9.210684594535193,9.756978985585556,1245->3863|1245->3927|1245->3930
2332,x = (y ◇ (y ◇ (x ◇ z))) ◇ x,3,3,4587,0.022795057520238603,10,5,3,V=((V*(V*(V*V)))*V),a=((b*(b*(a*c)))*a),residue_zero|mixed_residual_geometry|source_ultra_specific|target_general|near_equal,3,0.0,needs_new_semantic_universe_or_higher_carrier,3,0.0,1.0,9.0994826187292,9.686774726912306,2332->3460|2332->3508|2332->3528
840,x = x ◇ ((y ◇ x) ◇ (z ◇ w)),3,3,4587,0.022795057520238603,10,4,4,V=(V*((V*V)*(V*V))),a=(a*((b*a)*(c*d))),residue_zero|repeat_pressure|source_ultra_specific|target_general|near_equal,2,0.9182958340544896,needs_new_semantic_universe_or_higher_carrier,3,0.0,1.0,9.110684594535194,9.656978985585557,840->3863|840->3927|840->3930
2419,x = (y ◇ (z ◇ (w ◇ y))) ◇ x,3,3,4591,0.02194290583723903,10,5,4,V=((V*(V*(V*V)))*V),a=((b*(c*(d*b)))*a),residue_zero|repeat_pressure|source_ultra_specific|target_mid|near_equal,2,0.9182958340544896,needs_new_semantic_universe_or_higher_carrier,3,0.0,1.0,9.440828467828029,9.656978985585557,2419->2448|2419->2529|2419->2557
1270,x = x ◇ (((y ◇ z) ◇ w) ◇ y),3,3,4591,0.02194290583723903,10,5,4,V=(V*(((V*V)*V)*V)),a=(a*(((b*c)*d)*b)),residue_zero|repeat_pressure|source_ultra_specific|target_mid|near_equal,2,0.9182958340544896,needs_new_semantic_universe_or_higher_carrier,3,0.0,1.0,9.429230464341794,9.639884552226256,1270->1022|1270->1044|1270->1052
4678,(x ◇ y) ◇ z = (y ◇ z) ◇ x,3,3,4689,0.0010651896037494673,10,3,3,((V*V)*V)=((V*V)*V),((a*b)*c)=((b*c)*a),residue_zero|same_skeleton_same_varset|source_ultra_specific|target_general|near_equal,2,0.9182958340544896,needs_new_semantic_universe_or_higher_carrier,3,0.0,1.0,9.159932732540033,9.590301048196686,4678->4672|4678->4676|4678->4683
2781,x = ((y ◇ z) ◇ (x ◇ w)) ◇ x,3,3,4587,0.022795057520238603,10,4,4,V=(((V*V)*(V*V))*V),a=(((b*c)*(a*d))*a),residue_zero|repeat_pressure|source_ultra_specific|target_general|near_equal,2,0.9182958340544896,needs_new_semantic_universe_or_higher_carrier,3,0.0,1.0,8.999482618729202,9.586774726912306,2781->3460|2781->3508|2781->3528
4363,x ◇ (y ◇ z) = y ◇ (z ◇ x),3,3,4689,0.0010651896037494673,10,3,3,(V*(V*V))=(V*(V*V)),(a*(b*c))=(b*(c*a)),residue_zero|same_skeleton_same_varset|source_ultra_specific|target_general|near_equal,2,0.9182958340544896,needs_new_semantic_universe_or_higher_carrier,3,0.0,1.0,9.179644808131224,9.568077911411976,4363->4357|4363->4361|4363->4368
4110,x ◇ x = ((y ◇ z) ◇ z) ◇ w,3,3,4633,0.012995313165743502,10,4,4,(V*V)=(((V*V)*V)*V),(a*a)=(((b*c)*c)*d),residue_zero|repeat_pressure|source_ultra_specific|target_general|near_equal,1,1.584962500721156,needs_new_semantic_universe_or_higher_carrier,3,0.0,1.0,8.47666697679989,9.471261839790463,4110->4069|4110->4083|4110->4104
4442,x ◇ (y ◇ x) = (y ◇ x) ◇ y,3,3,4691,0.0006391137622496804,10,3,2,(V*(V*V))=((V*V)*V),(a*(b*a))=((b*a)*b),residue_zero|mixed_residual_geometry|source_ultra_specific|target_mid|near_equal,3,0.0,needs_new_semantic_universe_or_higher_carrier,3,0.0,1.0,8.510676091640354,9.448889394146857,4442->4320|4442->4434|4442->4635
2346,x = (y ◇ (y ◇ (z ◇ x))) ◇ x,3,3,4566,0.027268853855986364,10,5,3,V=((V*(V*(V*V)))*V),a=((b*(b*(c*a)))*a),residue_zero|mixed_residual_geometry|source_ultra_specific|target_mid|near_equal,3,0.0,needs_new_semantic_universe_or_higher_carrier,3,0.0,1.0,8.68581929840551,9.440641657373398,2346->2502|2346->2668|2346->2803
472,x = y ◇ (x ◇ (y ◇ (x ◇ x))),3,3,4691,0.0006391137622496804,10,5,2,V=(V*(V*(V*(V*V)))),a=(b*(a*(b*(a*a)))),residue_zero|mixed_residual_geometry|source_ultra_specific|target_mid|near_equal,2,0.9182958340544896,needs_new_semantic_universe_or_higher_carrier,3,0.0,1.0,9.309216518677394,9.440315405853148,472->428|472->512|472->561
3055,x = (((x ◇ x) ◇ y) ◇ x) ◇ y,3,3,4691,0.0006391137622496804,10,5,2,V=((((V*V)*V)*V)*V),a=((((a*a)*b)*a)*b),residue_zero|mixed_residual_geometry|source_ultra_specific|target_mid|near_equal,2,0.9182958340544896,needs_new_semantic_universe_or_higher_carrier,3,0.0,1.0,9.309216518677394,9.440315405853148,3055->3067|3055->3078|3055->3090
3298,x ◇ x = y ◇ (z ◇ (z ◇ w)),3,3,4633,0.012995313165743502,10,4,4,(V*V)=(V*(V*(V*V))),(a*a)=(b*(c*(c*d))),residue_zero|repeat_pressure|source_ultra_specific|target_general|near_equal,1,1.584962500721156,needs_new_semantic_universe_or_higher_carrier,3,0.0,1.0,8.455607342926045,9.408082938168931,3298->3254|3298->3278|3298->3284
2388,x = (y ◇ (z ◇ (y ◇ z))) ◇ x,3,3,4643,0.010864933958244567,10,5,3,V=((V*(V*(V*V)))*V),a=((b*(c*(b*c)))*a),residue_zero|diagonal_pressure_gain|source_ultra_specific|target_mid|near_equal,2,0.9182958340544896,needs_new_semantic_universe_or_higher_carrier,3,0.0,1.0,9.190828467828029,9.406978985585557,2388->2448|2388->2529|2388->2557
1263,x = x ◇ (((y ◇ z) ◇ y) ◇ z),3,3,4643,0.010864933958244567,10,5,3,V=(V*(((V*V)*V)*V)),a=(a*(((b*c)*b)*c)),residue_zero|diagonal_pressure_gain|source_ultra_specific|target_mid|near_equal,2,0.9182958340544896,needs_new_semantic_universe_or_higher_carrier,3,0.0,1.0,9.179230464341794,9.389884552226256,1263->1022|1263->1044|1263->1052
4081,x ◇ x = ((y ◇ x) ◇ x) ◇ z,3,3,4633,0.012995313165743502,10,4,3,(V*V)=(((V*V)*V)*V),(a*a)=(((b*a)*a)*c),residue_zero|mixed_residual_geometry|source_ultra_specific|target_mid|near_equal,2,0.9182958340544896,needs_new_semantic_universe_or_higher_carrier,3,0.0,1.0,8.22666697679989,9.221261839790463,4081->4069|4081->4083|4081->4104
1229,x = x ◇ (((x ◇ y) ◇ x) ◇ z),3,3,4668,0.005538985939497231,10,5,3,V=(V*(((V*V)*V)*V)),a=(a*(((a*b)*a)*c)),residue_zero|mixed_residual_geometry|source_ultra_specific|target_mid|near_equal,3,0.0,needs_new_semantic_universe_or_higher_carrier,3,0.0,1.0,8.768723650951307,9.179589143389894,1229->1224|1229->1225|1229->1230
3269,x ◇ x = y ◇ (x ◇ (x ◇ z)),3,3,4633,0.012995313165743502,10,4,3,(V*V)=(V*(V*(V*V))),(a*a)=(b*(a*(a*c))),residue_zero|mixed_residual_geometry|source_ultra_specific|target_mid|near_equal,2,0.9182958340544896,needs_new_semantic_universe_or_higher_carrier,3,0.0,1.0,8.205607342926045,9.158082938168931,3269->3254|3269->3278|3269->3284
2461,x = (x ◇ ((y ◇ x) ◇ z)) ◇ x,2,2,4681,0.0027694929697486153,10,5,3,V=((V*((V*V)*V))*V),a=((a*((b*a)*c))*a),residue_zero|repeat_pressure|source_ultra_specific|target_general|near_equal,1,1.0,needs_new_semantic_universe_or_higher_carrier,2,0.0,1.0,9.669995549278347,10.50855372709842,2461->4064|2461->4127
1040,x = x ◇ ((y ◇ (x ◇ z)) ◇ x),2,2,4681,0.0027694929697486153,10,5,3,V=(V*((V*(V*V))*V)),a=(a*((b*(a*c))*a)),residue_zero|repeat_pressure|source_ultra_specific|target_general|near_equal,1,1.0,needs_new_semantic_universe_or_higher_carrier,2,0.0,1.0,9.666651055202948,10.501864738947623,1040->3252|1040->3315
2449,x = (x ◇ ((x ◇ y) ◇ y)) ◇ y,2,2,4677,0.003621644652748189,10,5,2,V=((V*((V*V)*V))*V),a=((a*((a*b)*b))*b),residue_zero|target_compression|source_ultra_specific|target_general|target_smaller,1,1.0,needs_new_semantic_universe_or_higher_carrier,2,0.0,1.0,10.166579339427226,10.491053159393697,2449->325|2449->3318
62,x = y ◇ (x ◇ (x ◇ y)),2,2,4681,0.0027694929697486153,8,4,2,V=(V*(V*(V*V))),a=(b*(a*(a*b))),residue_zero|mixed_residual_geometry|source_ultra_specific|target_mid|target_larger,2,0.0,needs_new_semantic_universe_or_higher_carrier,2,0.0,1.0,9.288583973968905,10.482024937599425,62->1691|62->3078
270,x = ((y ◇ x) ◇ x) ◇ y,2,2,4681,0.0027694929697486153,8,4,2,V=(((V*V)*V)*V),a=(((b*a)*a)*b),residue_zero|mixed_residual_geometry|source_ultra_specific|target_mid|target_larger,2,0.0,needs_new_semantic_universe_or_higher_carrier,2,0.0,1.0,9.288583973968905,10.482024937599425,270->512|270->1894
3946,x ◇ y = (x ◇ (z ◇ w)) ◇ y,2,2,4678,0.0034086067319982955,10,4,4,(V*V)=((V*(V*V))*V),(a*b)=((a*(c*d))*b),residue_zero|repeat_pressure|source_ultra_specific|target_general|near_equal,2,0.0,needs_new_semantic_universe_or_higher_carrier,2,0.0,1.0,10.080821173044338,10.40855372709842,3946->4064|3946->4130
3540,x ◇ y = x ◇ ((z ◇ w) ◇ y),2,2,4678,0.0034086067319982955,10,4,4,(V*V)=(V*((V*V)*V)),(a*b)=(a*((c*d)*b)),residue_zero|repeat_pressure|source_ultra_specific|target_general|near_equal,2,0.0,needs_new_semantic_universe_or_higher_carrier,2,0.0,1.0,10.035785874499414,10.401864738947623,3540->3252|3540->3305
3010,x = ((y ◇ (z ◇ z)) ◇ y) ◇ x,2,2,4646,0.010225820195994887,10,5,3,V=(((V*(V*V))*V)*V),a=(((b*(c*c))*b)*a),residue_zero|repeat_pressure|source_ultra_specific|target_general|near_equal,1,1.0,needs_new_semantic_universe_or_higher_carrier,2,0.0,1.0,9.721006356474504,10.365452883457747,3010->3861|3010->3869
1118,x = y ◇ ((y ◇ (y ◇ x)) ◇ x),2,2,4677,0.003621644652748189,10,5,2,V=(V*((V*(V*V))*V)),a=(b*((b*(b*a))*a)),residue_zero|target_compression|source_ultra_specific|target_general|target_smaller,1,1.0,needs_new_semantic_universe_or_higher_carrier,2,0.0,1.0,10.061927337851234,10.355251618234636,1118->374|1118->4117
616,x = x ◇ (x ◇ ((x ◇ y) ◇ y)),2,2,4683,0.002343417128248828,10,5,2,V=(V*(V*((V*V)*V))),a=(a*(a*((a*b)*b))),residue_zero|mixed_residual_geometry|source_ultra_specific|target_mid|near_equal,1,1.0,needs_new_semantic_universe_or_higher_carrier,2,0.0,1.0,9.534247582764365,10.25855372709842,616->1222|616->4064
2898,x = ((y ◇ (x ◇ x)) ◇ x) ◇ x,2,2,4690,0.0008521516829995739,10,5,2,V=(((V*(V*V))*V)*V),a=(((b*(a*a))*a)*a),residue_zero|mixed_residual_geometry|source_ultra_specific|target_general|near_equal,2,0.0,needs_new_semantic_universe_or_higher_carrier,2,0.0,1.0,9.743684665838085,10.251864738947623,2898->3252|2898->3658
317,x ◇ x = y ◇ (z ◇ x),2,2,4616,0.016616957818491693,8,3,3,(V*V)=(V*(V*V)),(a*a)=(b*(c*a)),residue_zero|repeat_pressure|source_ultra_specific|target_general|target_larger,1,1.0,needs_new_semantic_universe_or_higher_carrier,2,0.0,1.0,10.117262995224266,10.242262995224266,317->4589|317->4621
362,x ◇ x = (x ◇ y) ◇ z,2,2,4616,0.016616957818491693,8,3,3,(V*V)=((V*V)*V),(a*a)=((a*b)*c),residue_zero|repeat_pressure|source_ultra_specific|target_general|target_larger,1,1.0,needs_new_semantic_universe_or_higher_carrier,2,0.0,1.0,10.048270123737314,10.173270123737314,362->4269|362->4340
860,x = x ◇ ((y ◇ z) ◇ (z ◇ y)),2,2,4688,0.0012782275244993609,10,4,3,V=(V*((V*V)*(V*V))),a=(a*((b*c)*(c*b))),residue_zero|repeat_pressure|source_ultra_specific|target_general|near_equal,2,0.0,needs_new_semantic_universe_or_higher_carrier,2,0.0,1.0,10.087003305278085,10.15855372709842,860->3861|860->4064
2811,x = ((y ◇ z) ◇ (z ◇ z)) ◇ x,2,2,4686,0.0017043033659991478,10,4,3,V=(((V*V)*(V*V))*V),a=(((b*c)*(c*c))*a),residue_zero|repeat_pressure|source_ultra_specific|target_mid|near_equal,1,1.0,needs_new_semantic_universe_or_higher_carrier,2,0.0,1.0,10.089130368574812,10.15855372709842,2811->2440|2811->4064
3892,x ◇ x = (y ◇ (y ◇ z)) ◇ x,2,2,4688,0.0012782275244993609,10,4,3,(V*V)=((V*(V*V))*V),(a*a)=((b*(b*c))*a),residue_zero|mixed_residual_geometry|source_ultra_specific|target_general|near_equal,1,1.0,needs_new_semantic_universe_or_higher_carrier,2,0.0,1.0,9.44255677829484,10.15855372709842,3892->3869|3892->4064
3996,x ◇ y = (z ◇ (x ◇ z)) ◇ y,2,2,4688,0.0012782275244993609,10,4,3,(V*V)=((V*(V*V))*V),(a*b)=((c*(a*c))*b),residue_zero|repeat_pressure|source_ultra_specific|target_general|near_equal,1,1.0,needs_new_semantic_universe_or_higher_carrier,2,0.0,1.0,9.913578392283124,10.15855372709842,3996->4064|3996->4117
846,x = x ◇ ((y ◇ y) ◇ (y ◇ z)),2,2,4686,0.0017043033659991478,10,4,3,V=(V*((V*V)*(V*V))),a=(a*((b*b)*(b*c))),residue_zero|repeat_pressure|source_ultra_specific|target_mid|near_equal,1,1.0,needs_new_semantic_universe_or_higher_carrier,2,0.0,1.0,10.080321339233318,10.151864738947623,846->1019|846->3252
2807,x = ((y ◇ z) ◇ (z ◇ y)) ◇ x,2,2,4688,0.0012782275244993609,10,4,3,V=(((V*V)*(V*V))*V),a=(((b*c)*(c*b))*a),residue_zero|repeat_pressure|source_ultra_specific|target_general|near_equal,2,0.0,needs_new_semantic_universe_or_higher_carrier,2,0.0,1.0,10.083658811202685,10.151864738947623,2807->3252|2807->3455
3468,x ◇ x = x ◇ ((y ◇ z) ◇ z),2,2,4688,0.0012782275244993609,10,4,3,(V*V)=(V*((V*V)*V)),(a*a)=(a*((b*c)*c)),residue_zero|repeat_pressure|source_ultra_specific|target_general|near_equal,1,1.0,needs_new_semantic_universe_or_higher_carrier,2,0.0,1.0,9.356672409039717,10.151864738947623,3468->3252|3468->3463
3533,x ◇ y = x ◇ ((z ◇ y) ◇ z),2,2,4688,0.0012782275244993609,10,4,3,(V*V)=(V*((V*V)*V)),(a*b)=(a*((c*b)*c)),residue_zero|repeat_pressure|source_ultra_specific|target_general|near_equal,1,1.0,needs_new_semantic_universe_or_higher_carrier,2,0.0,1.0,9.94698512920419,10.151864738947623,3533->3252|3533->3318
418,x = x ◇ (x ◇ (y ◇ (y ◇ x))),2,2,4691,0.0006391137622496804,10,5,2,V=(V*(V*(V*(V*V)))),a=(a*(a*(b*(b*a)))),residue_zero|mixed_residual_geometry|source_ultra_specific|target_general|near_equal,2,0.0,needs_new_semantic_universe_or_higher_carrier,2,0.0,1.0,9.946247404785721,10.115452883457747,418->3861|418->3914
435,x = x ◇ (y ◇ (y ◇ (x ◇ x))),2,2,4691,0.0006391137622496804,10,5,2,V=(V*(V*(V*(V*V)))),a=(a*(b*(b*(a*a)))),residue_zero|mixed_residual_geometry|source_ultra_specific|target_general|near_equal,2,0.0,needs_new_semantic_universe_or_higher_carrier,2,0.0,1.0,9.946247404785721,10.115452883457747,435->3861|435->3914
438,x = x ◇ (y ◇ (y ◇ (y ◇ x))),2,2,4689,0.0010651896037494673,10,5,2,V=(V*(V*(V*(V*V)))),a=(a*(b*(b*(b*a)))),residue_zero|mixed_residual_geometry|source_ultra_specific|target_general|near_equal,2,0.0,needs_new_semantic_universe_or_higher_carrier,2,0.0,1.0,9.946247404785721,10.115452883457747,438->3861|438->3914
465,x = y ◇ (x ◇ (x ◇ (y ◇ x))),2,2,4691,0.0006391137622496804,10,5,2,V=(V*(V*(V*(V*V)))),a=(b*(a*(a*(b*a)))),residue_zero|mixed_residual_geometry|source_ultra_specific|target_general|near_equal,2,0.0,needs_new_semantic_universe_or_higher_carrier,2,0.0,1.0,9.946247404785721,10.115452883457747,465->3861|465->3914
3057,x = (((x ◇ x) ◇ y) ◇ y) ◇ x,2,2,4691,0.0006391137622496804,10,5,2,V=((((V*V)*V)*V)*V),a=((((a*a)*b)*b)*a),residue_zero|mixed_residual_geometry|source_ultra_specific|target_general|near_equal,2,0.0,needs_new_semantic_universe_or_higher_carrier,2,0.0,1.0,9.986591860410792,10.115452883457747,3057->3455|3057->3521
3065,x = (((x ◇ y) ◇ x) ◇ x) ◇ y,2,2,4691,0.0006391137622496804,10,5,2,V=((((V*V)*V)*V)*V),a=((((a*b)*a)*a)*b),residue_zero|mixed_residual_geometry|source_ultra_specific|target_general|near_equal,2,0.0,needs_new_semantic_universe_or_higher_carrier,2,0.0,1.0,9.986591860410792,10.115452883457747,3065->3455|3065->3521
3074,x = (((x ◇ y) ◇ y) ◇ x) ◇ x,2,2,4691,0.0006391137622496804,10,5,2,V=((((V*V)*V)*V)*V),a=((((a*b)*b)*a)*a),residue_zero|mixed_residual_geometry|source_ultra_specific|target_general|near_equal,2,0.0,needs_new_semantic_universe_or_higher_carrier,2,0.0,1.0,9.986591860410792,10.115452883457747,3074->3455|3074->3521
3077,x = (((x ◇ y) ◇ y) ◇ y) ◇ x,2,2,4689,0.0010651896037494673,10,5,2,V=((((V*V)*V)*V)*V),a=((((a*b)*b)*b)*a),residue_zero|mixed_residual_geometry|source_ultra_specific|target_general|near_equal,2,0.0,needs_new_semantic_universe_or_higher_carrier,2,0.0,1.0,9.986591860410792,10.115452883457747,3077->3455|3077->3521
1844,x = (x ◇ (x ◇ y)) ◇ (z ◇ z),2,2,4671,0.00489987217724755,10,4,3,V=((V*(V*V))*(V*V)),a=((a*(a*b))*(c*c)),residue_zero|repeat_pressure|source_ultra_specific|target_mid|near_equal,1,1.0,needs_new_semantic_universe_or_higher_carrier,2,0.0,1.0,9.334411412357763,10.019707010051205,1844->2440|1844->2465
1737,x = (y ◇ y) ◇ ((z ◇ x) ◇ x),2,2,4671,0.00489987217724755,10,4,3,V=((V*V)*((V*V)*V)),a=((b*b)*((c*a)*a)),residue_zero|repeat_pressure|source_ultra_specific|target_mid|near_equal,1,1.0,needs_new_semantic_universe_or_higher_carrier,2,0.0,1.0,9.328946877091667,10.008777939519014,1737->1019|1737->1027
871,x = y ◇ ((x ◇ x) ◇ (y ◇ x)),2,2,4691,0.0006391137622496804,10,4,2,V=(V*((V*V)*(V*V))),a=(b*((a*a)*(b*a))),residue_zero|mixed_residual_geometry|source_ultra_specific|target_general|near_equal,2,0.0,needs_new_semantic_universe_or_higher_carrier,2,0.0,1.0,9.663578392283124,9.90855372709842,871->4064|871->4117
1433,x = (x ◇ x) ◇ (y ◇ (y ◇ x)),2,2,4691,0.0006391137622496804,10,4,2,V=((V*V)*(V*(V*V))),a=((a*a)*(b*(b*a))),residue_zero|mixed_residual_geometry|source_ultra_specific|target_general|near_equal,2,0.0,needs_new_semantic_universe_or_higher_carrier,2,0.0,1.0,9.663578392283124,9.90855372709842,1433->4064|1433->4117
1440,x = (x ◇ y) ◇ (x ◇ (x ◇ x)),2,2,4691,0.0006391137622496804,10,4,2,V=((V*V)*(V*(V*V))),a=((a*b)*(a*(a*a))),residue_zero|mixed_residual_geometry|source_ultra_specific|target_general|near_equal,2,0.0,needs_new_semantic_universe_or_higher_carrier,2,0.0,1.0,9.011104031450156,9.90855372709842,1440->4064|1440->4066
2695,x = ((y ◇ x) ◇ (x ◇ x)) ◇ x,2,2,4690,0.0008521516829995739,10,4,2,V=(((V*V)*(V*V))*V),a=(((b*a)*(a*a))*a),residue_zero|mixed_residual_geometry|source_ultra_specific|target_mid|near_equal,1,1.0,needs_new_semantic_universe_or_higher_carrier,2,0.0,1.0,9.839130368574812,9.90855372709842,2695->2440|2695->4064
3887,x ◇ x = (y ◇ (y ◇ x)) ◇ y,2,2,4691,0.0006391137622496804,10,4,2,(V*V)=((V*(V*V))*V),(a*a)=((b*(b*a))*b),residue_zero|mixed_residual_geometry|source_ultra_specific|target_general|near_equal,2,0.0,needs_new_semantic_universe_or_higher_carrier,2,0.0,1.0,9.397029159913485,9.90855372709842,3887->3658|3887->4064
817,x = x ◇ ((x ◇ x) ◇ (x ◇ y)),2,2,4690,0.0008521516829995739,10,4,2,V=(V*((V*V)*(V*V))),a=(a*((a*a)*(a*b))),residue_zero|mixed_residual_geometry|source_ultra_specific|target_mid|near_equal,1,1.0,needs_new_semantic_universe_or_higher_carrier,2,0.0,1.0,9.830321339233318,9.901864738947623,817->1019|817->3252
2036,x = ((x ◇ x) ◇ x) ◇ (y ◇ x),2,2,4691,0.0006391137622496804,10,4,2,V=(((V*V)*V)*(V*V)),a=(((a*a)*a)*(b*a)),residue_zero|mixed_residual_geometry|source_ultra_specific|target_general|near_equal,2,0.0,needs_new_semantic_universe_or_higher_carrier,2,0.0,1.0,8.940993841062497,9.901864738947623,2036->3252|2036->3257
2059,x = ((x ◇ y) ◇ y) ◇ (x ◇ x),2,2,4691,0.0006391137622496804,10,4,2,V=(((V*V)*V)*(V*V)),a=(((a*b)*b)*(a*a)),residue_zero|mixed_residual_geometry|source_ultra_specific|target_general|near_equal,2,0.0,needs_new_semantic_universe_or_higher_carrier,2,0.0,1.0,9.69698512920419,9.901864738947623,2059->3252|2059->3318
2659,x = ((x ◇ y) ◇ (x ◇ x)) ◇ y,2,2,4691,0.0006391137622496804,10,4,2,V=(((V*V)*(V*V))*V),a=(((a*b)*(a*a))*b),residue_zero|mixed_residual_geometry|source_ultra_specific|target_general|near_equal,2,0.0,needs_new_semantic_universe_or_higher_carrier,2,0.0,1.0,9.69698512920419,9.901864738947623,2659->3252|2659->3318
3474,x ◇ x = y ◇ ((x ◇ y) ◇ y),2,2,4691,0.0006391137622496804,10,4,2,(V*V)=(V*((V*V)*V)),(a*a)=(b*((a*b)*b)),residue_zero|mixed_residual_geometry|source_ultra_specific|target_general|near_equal,2,0.0,needs_new_semantic_universe_or_higher_carrier,2,0.0,1.0,9.393684665838087,9.901864738947623,3474->3252|3474->3658
1036,x = x ◇ ((y ◇ (x ◇ x)) ◇ z),2,2,4409,0.060715807413719645,10,5,3,V=(V*((V*(V*V))*V)),a=(a*((b*(a*a))*c)),residue_zero|mixed_residual_geometry|source_specific|target_general|near_equal,2,0.0,needs_new_semantic_universe_or_higher_carrier,2,0.0,1.0,9.09445044134819,9.858777939519014,1036->3930|1036->4672
2498,x = (y ◇ ((x ◇ x) ◇ z)) ◇ x,2,2,4409,0.060715807413719645,10,5,3,V=((V*((V*V)*V))*V),a=((b*((a*a)*c))*a),residue_zero|mixed_residual_geometry|source_specific|target_general|near_equal,2,0.0,needs_new_semantic_universe_or_higher_carrier,2,0.0,1.0,8.984983725832809,9.836554802734303,2498->3528|2498->4361
905,x = y ◇ ((y ◇ x) ◇ (x ◇ x)),2,2,4691,0.0006391137622496804,10,4,2,V=(V*((V*V)*(V*V))),a=(b*((b*a)*(a*a))),residue_zero|mixed_residual_geometry|source_ultra_specific|target_general|near_equal,2,0.0,needs_new_semantic_universe_or_higher_carrier,2,0.0,1.0,9.596247404785721,9.765452883457748,905->3861|905->3914
2646,x = ((x ◇ x) ◇ (x ◇ y)) ◇ y,2,2,4691,0.0006391137622496804,10,4,2,V=(((V*V)*(V*V))*V),a=(((a*a)*(a*b))*b),residue_zero|mixed_residual_geometry|source_ultra_specific|target_general|near_equal,2,0.0,needs_new_semantic_universe_or_higher_carrier,2,0.0,1.0,9.636591860410793,9.765452883457748,2646->3455|2646->3521
2651,x = ((x ◇ x) ◇ (y ◇ y)) ◇ x,2,2,4691,0.0006391137622496804,10,4,2,V=(((V*V)*(V*V))*V),a=(((a*a)*(b*b))*a),residue_zero|mixed_residual_geometry|source_ultra_specific|target_general|near_equal,2,0.0,needs_new_semantic_universe_or_higher_carrier,2,0.0,1.0,9.636591860410793,9.765452883457748,2651->3455|2651->3521
3307,x ◇ y = x ◇ (x ◇ (y ◇ x)),2,2,4691,0.0006391137622496804,10,4,2,(V*V)=(V*(V*(V*V))),(a*b)=(a*(a*(b*a))),residue_zero|mixed_residual_geometry|source_ultra_specific|target_general|near_equal,2,0.0,needs_new_semantic_universe_or_higher_carrier,2,0.0,1.0,9.025478738093149,9.765452883457748,3307->3455|3307->3510
4157,x ◇ y = ((y ◇ x) ◇ y) ◇ y,2,2,4691,0.0006391137622496804,10,4,2,(V*V)=(((V*V)*V)*V),(a*b)=(((b*a)*b)*b),residue_zero|mixed_residual_geometry|source_ultra_specific|target_general|near_equal,2,0.0,needs_new_semantic_universe_or_higher_carrier,2,0.0,1.0,9.110016903115117,9.765452883457748,4157->3861|4157->3954
1681,x = (y ◇ x) ◇ ((x ◇ x) ◇ y),2,2,4690,0.0008521516829995739,10,4,2,V=((V*V)*((V*V)*V)),a=((b*a)*((a*a)*b)),residue_zero|mixed_residual_geometry|source_ultra_specific|target_mid|near_equal,2,0.0,needs_new_semantic_universe_or_higher_carrier,2,0.0,1.0,9.47123916247262,9.713826551656748,1681->410|1681->1831
1884,x = (y ◇ (x ◇ x)) ◇ (x ◇ y),2,2,4690,0.0008521516829995739,10,4,2,V=((V*(V*V))*(V*V)),a=((b*(a*a))*(a*b)),residue_zero|mixed_residual_geometry|source_ultra_specific|target_mid|near_equal,2,0.0,needs_new_semantic_universe_or_higher_carrier,2,0.0,1.0,9.47123916247262,9.713826551656748,1884->1628|1884->3049
3502,x ◇ x = y ◇ ((z ◇ w) ◇ x),2,2,4664,0.006391137622496805,10,4,4,(V*V)=(V*((V*V)*V)),(a*a)=(b*((c*d)*a)),residue_zero|repeat_pressure|source_ultra_specific|target_general|near_equal,1,1.0,needs_new_semantic_universe_or_higher_carrier,2,0.0,1.0,9.467262995224266,9.592262995224266,3502->4589|3502->4621
1278,x = y ◇ (((x ◇ x) ◇ y) ◇ y),2,2,4691,0.0006391137622496804,10,5,2,V=(V*(((V*V)*V)*V)),a=(b*(((a*a)*b)*b)),residue_zero|target_compression|source_ultra_specific|target_mid|target_smaller,1,1.0,needs_new_semantic_universe_or_higher_carrier,2,0.0,1.0,9.495852547898298,9.524278957618327,1278->202|1278->2034
2329,x = (y ◇ (y ◇ (x ◇ y))) ◇ x,2,2,4691,0.0006391137622496804,10,5,2,V=((V*(V*(V*V)))*V),a=((b*(b*(a*b)))*a),residue_zero|target_compression|source_ultra_specific|target_mid|target_smaller,1,1.0,needs_new_semantic_universe_or_higher_carrier,2,0.0,1.0,9.471992983834767,9.524278957618327,2329->202|2329->2440
3875,x ◇ x = (x ◇ (y ◇ z)) ◇ w,2,2,4664,0.006391137622496805,10,4,4,(V*V)=((V*(V*V))*V),(a*a)=((a*(b*c))*d),residue_zero|repeat_pressure|source_ultra_specific|target_general|near_equal,1,1.0,needs_new_semantic_universe_or_higher_carrier,2,0.0,1.0,9.398270123737314,9.523270123737314,3875->4269|3875->4340
1241,x = x ◇ (((y ◇ x) ◇ y) ◇ y),2,2,4691,0.0006391137622496804,10,5,2,V=(V*(((V*V)*V)*V)),a=(a*(((b*a)*b)*b)),residue_zero|target_compression|source_ultra_specific|target_mid|target_smaller,1,1.0,needs_new_semantic_universe_or_higher_carrier,2,0.0,1.0,9.45160196699383,9.494425994468644,1241->98|1241->1019
2327,x = (y ◇ (y ◇ (x ◇ x))) ◇ y,2,2,4691,0.0006391137622496804,10,5,2,V=((V*(V*(V*V)))*V),a=((b*(b*(a*a)))*b),residue_zero|target_compression|source_ultra_specific|target_mid|target_smaller,1,1.0,needs_new_semantic_universe_or_higher_carrier,2,0.0,1.0,9.480926066323457,9.494425994468644,2327->98|2327->1425
1112,x = y ◇ ((y ◇ (x ◇ y)) ◇ y),2,2,4691,0.0006391137622496804,10,5,2,V=(V*((V*(V*V))*V)),a=(b*((b*(a*b))*b)),residue_zero|mixed_residual_geometry|source_ultra_specific|target_mid|near_equal,2,0.0,needs_new_semantic_universe_or_higher_carrier,2,0.0,1.0,8.925907538485816,9.419707010051205,1112->2440|1112->2533
2299,x = (y ◇ (x ◇ (y ◇ x))) ◇ x,2,2,4691,0.0006391137622496804,10,5,2,V=((V*(V*(V*V)))*V),a=((b*(a*(b*a)))*a),residue_zero|mixed_residual_geometry|source_ultra_specific|target_mid|near_equal,2,0.0,needs_new_semantic_universe_or_higher_carrier,2,0.0,1.0,9.391766780853978,9.419707010051205,2299->2440|2299->3049
1228,x = x ◇ (((x ◇ y) ◇ x) ◇ y),2,2,4691,0.0006391137622496804,10,5,2,V=(V*(((V*V)*V)*V)),a=(a*(((a*b)*a)*b)),residue_zero|mixed_residual_geometry|source_ultra_specific|target_mid|near_equal,2,0.0,needs_new_semantic_universe_or_higher_carrier,2,0.0,1.0,9.386302245587881,9.408777939519014,1228->410|1228->1019
2533,x = (y ◇ ((y ◇ x) ◇ y)) ◇ y,2,2,4691,0.0006391137622496804,10,5,2,V=((V*((V*V)*V))*V),a=((b*((b*a)*b))*b),residue_zero|mixed_residual_geometry|source_ultra_specific|target_mid|near_equal,2,0.0,needs_new_semantic_universe_or_higher_carrier,2,0.0,1.0,8.92044300321972,9.408777939519014,2533->1019|2533->1112
3259,x ◇ x = x ◇ (y ◇ (x ◇ z)),2,2,4681,0.0027694929697486153,10,4,3,(V*V)=(V*(V*(V*V))),(a*a)=(a*(b*(a*c))),residue_zero|mixed_residual_geometry|source_ultra_specific|target_general|near_equal,2,0.0,needs_new_semantic_universe_or_higher_carrier,2,0.0,1.0,9.056557316112782,9.386554802734304,3259->3254|3259->3260
3291,x ◇ x = y ◇ (z ◇ (y ◇ x)),2,2,4683,0.002343417128248828,10,4,3,(V*V)=(V*(V*(V*V))),(a*a)=(b*(c*(b*a))),residue_zero|mixed_residual_geometry|source_ultra_specific|target_general|near_equal,2,0.0,needs_new_semantic_universe_or_higher_carrier,2,0.0,1.0,9.056557316112782,9.386554802734304,3291->3254|3291->3260
1514,x = (y ◇ y) ◇ (x ◇ (x ◇ x)),2,2,4691,0.0006391137622496804,10,4,2,V=((V*V)*(V*(V*V))),a=((b*b)*(a*(a*a))),residue_zero|mixed_residual_geometry|source_ultra_specific|target_general|near_equal,2,0.0,needs_new_semantic_universe_or_higher_carrier,2,0.0,1.0,9.217262995224266,9.342262995224266,1514->4589|1514->4621
3476,x ◇ x = y ◇ ((x ◇ z) ◇ x),2,2,4671,0.00489987217724755,10,4,3,(V*V)=(V*((V*V)*V)),(a*a)=(b*((a*c)*a)),residue_zero|mixed_residual_geometry|source_ultra_specific|target_general|near_equal,2,0.0,needs_new_semantic_universe_or_higher_carrier,2,0.0,1.0,9.217262995224266,9.342262995224266,3476->4589|3476->4621
3486,x ◇ x = y ◇ ((y ◇ z) ◇ x),2,2,4671,0.00489987217724755,10,4,3,(V*V)=(V*((V*V)*V)),(a*a)=(b*((b*c)*a)),residue_zero|mixed_residual_geometry|source_ultra_specific|target_general|near_equal,2,0.0,needs_new_semantic_universe_or_higher_carrier,2,0.0,1.0,9.217262995224266,9.342262995224266,3486->4589|3486->4621
3498,x ◇ x = y ◇ ((z ◇ z) ◇ x),2,2,4674,0.004260758414997869,10,4,3,(V*V)=(V*((V*V)*V)),(a*a)=(b*((c*c)*a)),residue_zero|mixed_residual_geometry|source_ultra_specific|target_general|near_equal,2,0.0,needs_new_semantic_universe_or_higher_carrier,2,0.0,1.0,9.217262995224266,9.342262995224266,3498->4589|3498->4621
2037,x = ((x ◇ x) ◇ x) ◇ (y ◇ y),2,2,4691,0.0006391137622496804,10,4,2,V=(((V*V)*V)*(V*V)),a=(((a*a)*a)*(b*b)),residue_zero|mixed_residual_geometry|source_ultra_specific|target_general|near_equal,2,0.0,needs_new_semantic_universe_or_higher_carrier,2,0.0,1.0,9.148270123737314,9.273270123737314,2037->4269|2037->4340
3868,x ◇ x = (x ◇ (y ◇ x)) ◇ z,2,2,4671,0.00489987217724755,10,4,3,(V*V)=((V*(V*V))*V),(a*a)=((a*(b*a))*c),residue_zero|mixed_residual_geometry|source_ultra_specific|target_general|near_equal,2,0.0,needs_new_semantic_universe_or_higher_carrier,2,0.0,1.0,9.148270123737314,9.273270123737314,3868->4269|3868->4340
3871,x ◇ x = (x ◇ (y ◇ y)) ◇ z,2,2,4674,0.004260758414997869,10,4,3,(V*V)=((V*(V*V))*V),(a*a)=((a*(b*b))*c),residue_zero|mixed_residual_geometry|source_ultra_specific|target_general|near_equal,2,0.0,needs_new_semantic_universe_or_higher_carrier,2,0.0,1.0,9.148270123737314,9.273270123737314,3871->4269|3871->4340
3874,x ◇ x = (x ◇ (y ◇ z)) ◇ z,2,2,4671,0.00489987217724755,10,4,3,(V*V)=((V*(V*V))*V),(a*a)=((a*(b*c))*c),residue_zero|mixed_residual_geometry|source_ultra_specific|target_general|near_equal,2,0.0,needs_new_semantic_universe_or_higher_carrier,2,0.0,1.0,9.148270123737314,9.273270123737314,3874->4269|3874->4340
4120,x ◇ y = ((x ◇ x) ◇ y) ◇ y,2,2,4691,0.0006391137622496804,10,4,2,(V*V)=(((V*V)*V)*V),(a*b)=(((a*a)*b)*b),residue_zero|mixed_residual_geometry|source_ultra_specific|target_general|near_equal,2,0.0,needs_new_semantic_universe_or_higher_carrier,2,0.0,1.0,9.220330897009422,9.253088618990256,4120->4130|4120->4598
3308,x ◇ y = x ◇ (x ◇ (y ◇ y)),2,2,4691,0.0006391137622496804,10,4,2,(V*V)=(V*(V*(V*V))),(a*b)=(a*(a*(b*b))),residue_zero|mixed_residual_geometry|source_ultra_specific|target_general|near_equal,2,0.0,needs_new_semantic_universe_or_higher_carrier,2,0.0,1.0,9.208060342551363,9.246413675051523,3308->3305|3308->4283
3705,x ◇ x = (y ◇ z) ◇ (w ◇ x),2,2,4678,0.0034086067319982955,10,3,4,(V*V)=((V*V)*(V*V)),(a*a)=((b*c)*(d*a)),residue_zero|repeat_pressure|source_ultra_specific|target_general|near_equal,1,1.0,needs_new_semantic_universe_or_higher_carrier,2,0.0,1.0,9.117262995224266,9.242262995224266,3705->4589|3705->4621
1718,x = (y ◇ y) ◇ ((x ◇ x) ◇ y),2,2,4691,0.0006391137622496804,10,4,2,V=((V*V)*((V*V)*V)),a=((b*b)*((a*a)*b)),residue_zero|mixed_residual_geometry|source_ultra_specific|target_mid|near_equal,2,0.0,needs_new_semantic_universe_or_higher_carrier,2,0.0,1.0,8.03689739181344,9.228651773288496,1718->1831|1718->1887
1887,x = (y ◇ (x ◇ x)) ◇ (y ◇ y),2,2,4691,0.0006391137622496804,10,4,2,V=((V*(V*V))*(V*V)),a=((b*(a*a))*(b*b)),residue_zero|mixed_residual_geometry|source_ultra_specific|target_mid|near_equal,2,0.0,needs_new_semantic_universe_or_higher_carrier,2,0.0,1.0,8.03689739181344,9.228651773288496,1887->1628|1887->1718
3672,x ◇ x = (x ◇ y) ◇ (z ◇ w),2,2,4678,0.0034086067319982955,10,3,4,(V*V)=((V*V)*(V*V)),(a*a)=((a*b)*(c*d)),residue_zero|repeat_pressure|source_ultra_specific|target_general|near_equal,1,1.0,needs_new_semantic_universe_or_higher_carrier,2,0.0,1.0,9.048270123737314,9.173270123737314,3672->4269|3672->4340
1518,x = (y ◇ y) ◇ (x ◇ (y ◇ y)),2,2,4691,0.0006391137622496804,10,4,2,V=((V*V)*(V*(V*V))),a=((b*b)*(a*(b*b))),residue_zero|mixed_residual_geometry|source_ultra_specific|target_mid|near_equal,2,0.0,needs_new_semantic_universe_or_higher_carrier,2,0.0,1.0,8.59966588783279,9.11742613817827,1518->2034|1518->2127
2127,x = ((y ◇ y) ◇ x) ◇ (y ◇ y),2,2,4691,0.0006391137622496804,10,4,2,V=(((V*V)*V)*(V*V)),a=(((b*b)*a)*(b*b)),residue_zero|mixed_residual_geometry|source_ultra_specific|target_mid|near_equal,2,0.0,needs_new_semantic_universe_or_higher_carrier,2,0.0,1.0,8.59966588783279,9.11742613817827,2127->1425|2127->1518
1515,x = (y ◇ y) ◇ (x ◇ (x ◇ y)),2,2,4691,0.0006391137622496804,10,4,2,V=((V*V)*(V*(V*V))),a=((b*b)*(a*(a*b))),residue_zero|target_compression|source_ultra_specific|target_mid|target_smaller,1,1.0,needs_new_semantic_universe_or_higher_carrier,2,0.0,1.0,7.979398673070138,9.113654335801892,1515->254|1515->1488
2090,x = ((y ◇ x) ◇ x) ◇ (y ◇ y),2,2,4691,0.0006391137622496804,10,4,2,V=(((V*V)*V)*(V*V)),a=(((b*a)*a)*(b*b)),residue_zero|target_compression|source_ultra_specific|target_mid|target_smaller,1,1.0,needs_new_semantic_universe_or_higher_carrier,2,0.0,1.0,7.979398673070138,9.113654335801892,2090->46|2090->2097
3689,x ◇ x = (y ◇ y) ◇ (z ◇ x),2,2,4687,0.0014912654452492544,10,3,3,(V*V)=((V*V)*(V*V)),(a*a)=((b*b)*(c*a)),residue_zero|mixed_residual_geometry|source_ultra_specific|target_general|near_equal,2,0.0,needs_new_semantic_universe_or_higher_carrier,2,0.0,1.0,8.867262995224266,8.992262995224266,3689->4589|3689->4621
3671,x ◇ x = (x ◇ y) ◇ (z ◇ z),2,2,4687,0.0014912654452492544,10,3,3,(V*V)=((V*V)*(V*V)),(a*a)=((a*b)*(c*c)),residue_zero|mixed_residual_geometry|source_ultra_specific|target_general|near_equal,2,0.0,needs_new_semantic_universe_or_higher_carrier,2,0.0,1.0,8.798270123737314,8.923270123737314,3671->4269|3671->4340
1883,x = (y ◇ (x ◇ x)) ◇ (x ◇ x),2,2,4684,0.0021303792074989347,10,4,2,V=((V*(V*V))*(V*V)),a=((b*(a*a))*(a*a)),residue_zero|mixed_residual_geometry|source_ultra_specific|target_general|near_equal,2,0.0,needs_new_semantic_universe_or_higher_carrier,2,0.0,1.0,8.786480079131811,8.911480079131811,1883->4586|1883->4665
1629,x = (x ◇ x) ◇ ((x ◇ x) ◇ y),2,2,4684,0.0021303792074989347,10,4,2,V=((V*V)*((V*V)*V)),a=((a*a)*((a*a)*b)),residue_zero|mixed_residual_geometry|source_ultra_specific|target_general|near_equal,2,0.0,needs_new_semantic_universe_or_higher_carrier,2,0.0,1.0,8.733836345646388,8.858836345646388,1629->4267|1629->4281
2309,x = (y ◇ (x ◇ (z ◇ x))) ◇ x,2,2,4668,0.005538985939497231,10,5,3,V=((V*(V*(V*V)))*V),a=((b*(a*(c*a)))*a),residue_zero|mixed_residual_geometry|source_ultra_specific|target_mid|near_equal,2,0.0,needs_new_semantic_universe_or_higher_carrier,2,0.0,1.0,8.48297820472698,8.809941438430311,2309->2252|2309->2262
4076,x ◇ x = ((x ◇ y) ◇ z) ◇ y,2,2,4683,0.002343417128248828,10,4,3,(V*V)=(((V*V)*V)*V),(a*a)=(((a*b)*c)*b),residue_zero|mixed_residual_geometry|source_ultra_specific|target_general|near_equal,1,1.0,needs_new_semantic_universe_or_higher_carrier,2,0.0,1.0,8.072853682608583,8.789738731112791,4076->4069|4076->4071
4085,x ◇ x = ((y ◇ x) ◇ z) ◇ x,2,2,4681,0.0027694929697486153,10,4,3,(V*V)=(((V*V)*V)*V),(a*a)=(((b*a)*c)*a),residue_zero|mixed_residual_geometry|source_ultra_specific|target_general|near_equal,1,1.0,needs_new_semantic_universe_or_higher_carrier,2,0.0,1.0,8.24108980091919,8.789738731112791,4085->4069|4085->4103
828,x = x ◇ ((x ◇ y) ◇ (z ◇ y)),2,2,4566,0.027268853855986364,10,4,3,V=(V*((V*V)*(V*V))),a=(a*((a*b)*(c*b))),residue_zero|mixed_residual_geometry|source_ultra_specific|target_mid|near_equal,2,0.0,needs_new_semantic_universe_or_higher_carrier,2,0.0,1.0,8.437232739544516,8.682108066920426,828->824|828->1231
2786,x = ((y ◇ z) ◇ (y ◇ x)) ◇ x,2,2,4566,0.027268853855986364,10,4,3,V=(((V*V)*(V*V))*V),a=(((b*c)*(b*a))*a),residue_zero|mixed_residual_geometry|source_ultra_specific|target_mid|near_equal,2,0.0,needs_new_semantic_universe_or_higher_carrier,2,0.0,1.0,8.425737980432165,8.659118548695727,2786->2336|2786->2668
52,x = x ◇ (y ◇ (x ◇ y)),1,1,4689,0.0010651896037494673,8,4,2,V=(V*(V*(V*V))),a=(a*(b*(a*b))),residue_zero|repeat_pressure|source_ultra_specific|target_mid|target_larger,1,0.0,needs_new_semantic_universe_or_higher_carrier,1,0.0,1.0,10.411509347888957,10.411509347888957,52->2440
272,x = ((y ◇ x) ◇ y) ◇ x,1,1,4689,0.0010651896037494673,8,4,2,V=(((V*V)*V)*V),a=(((b*a)*b)*a),residue_zero|repeat_pressure|source_ultra_specific|target_mid|target_larger,1,0.0,needs_new_semantic_universe_or_higher_carrier,1,0.0,1.0,10.400580277356768,10.400580277356768,272->1019
207,x = (x ◇ (y ◇ x)) ◇ x,1,1,4679,0.0031955688112484024,8,4,2,V=((V*(V*V))*V),a=((a*(b*a))*a),residue_zero|repeat_pressure|source_ultra_specific|target_mid|target_larger,1,0.0,needs_new_semantic_universe_or_higher_carrier,1,0.0,1.0,9.878704817404193,9.878704817404193,207->2237
217,x = (y ◇ (x ◇ x)) ◇ x,1,1,4678,0.0034086067319982955,8,4,2,V=((V*(V*V))*V),a=((b*(a*a))*a),residue_zero|repeat_pressure|source_ultra_specific|target_mid|target_larger,1,0.0,needs_new_semantic_universe_or_higher_carrier,1,0.0,1.0,9.878704817404193,9.878704817404193,217->2237
3908,x ◇ x = (y ◇ (z ◇ w)) ◇ x,1,1,4678,0.0034086067319982955,10,4,4,(V*V)=((V*(V*V))*V),(a*a)=((b*(c*d))*a),residue_zero|repeat_pressure|source_ultra_specific|target_general|near_equal,1,0.0,needs_new_semantic_universe_or_higher_carrier,1,0.0,1.0,9.800356064936175,9.800356064936175,3908->4064
3469,x ◇ x = x ◇ ((y ◇ z) ◇ w),1,1,4678,0.0034086067319982955,10,4,4,(V*V)=(V*((V*V)*V)),(a*a)=(a*((b*c)*d)),residue_zero|repeat_pressure|source_ultra_specific|target_general|near_equal,1,0.0,needs_new_semantic_universe_or_higher_carrier,1,0.0,1.0,9.793667076785377,9.793667076785377,3469->3252
657,x = x ◇ (y ◇ ((z ◇ z) ◇ y)),1,1,4646,0.010225820195994887,10,5,3,V=(V*(V*((V*V)*V))),a=(a*(b*((c*c)*b))),residue_zero|repeat_pressure|source_ultra_specific|target_general|near_equal,1,0.0,needs_new_semantic_universe_or_higher_carrier,1,0.0,1.0,9.7572552212955,9.7572552212955,657->3455
2455,x = (x ◇ ((y ◇ x) ◇ x)) ◇ x,1,1,4690,0.0008521516829995739,10,5,2,V=((V*((V*V)*V))*V),a=((a*((b*a)*a))*a),residue_zero|mixed_residual_geometry|source_ultra_specific|target_general|near_equal,1,0.0,needs_new_semantic_universe_or_higher_carrier,1,0.0,1.0,9.650356064936174,9.650356064936174,2455->4064
1021,x = x ◇ ((x ◇ (x ◇ y)) ◇ x),1,1,4690,0.0008521516829995739,10,5,2,V=(V*((V*(V*V))*V)),a=(a*((a*(a*b))*a)),residue_zero|mixed_residual_geometry|source_ultra_specific|target_general|near_equal,1,0.0,needs_new_semantic_universe_or_higher_carrier,1,0.0,1.0,9.643667076785377,9.643667076785377,1021->3252
1842,x = (x ◇ (x ◇ y)) ◇ (z ◇ x),1,1,4688,0.0012782275244993609,10,4,3,V=((V*(V*V))*(V*V)),a=((a*(a*b))*(c*a)),residue_zero|repeat_pressure|source_ultra_specific|target_general|near_equal,1,0.0,needs_new_semantic_universe_or_higher_carrier,1,0.0,1.0,9.550356064936175,9.550356064936175,1842->4064
1862,x = (x ◇ (y ◇ y)) ◇ (z ◇ x),1,1,4688,0.0012782275244993609,10,4,3,V=((V*(V*V))*(V*V)),a=((a*(b*b))*(c*a)),residue_zero|repeat_pressure|source_ultra_specific|target_general|near_equal,1,0.0,needs_new_semantic_universe_or_higher_carrier,1,0.0,1.0,9.550356064936175,9.550356064936175,1862->4064
3872,x ◇ x = (x ◇ (y ◇ z)) ◇ x,1,1,4688,0.0012782275244993609,10,4,3,(V*V)=((V*(V*V))*V),(a*a)=((a*(b*c))*a),residue_zero|repeat_pressure|source_ultra_specific|target_general|near_equal,1,0.0,needs_new_semantic_universe_or_higher_carrier,1,0.0,1.0,9.550356064936175,9.550356064936175,3872->4064
3882,x ◇ x = (y ◇ (x ◇ z)) ◇ x,1,1,4688,0.0012782275244993609,10,4,3,(V*V)=((V*(V*V))*V),(a*a)=((b*(a*c))*a),residue_zero|repeat_pressure|source_ultra_specific|target_general|near_equal,1,0.0,needs_new_semantic_universe_or_higher_carrier,1,0.0,1.0,9.550356064936175,9.550356064936175,3882->4064
3900,x ◇ x = (y ◇ (z ◇ y)) ◇ x,1,1,4688,0.0012782275244993609,10,4,3,(V*V)=((V*(V*V))*V),(a*a)=((b*(c*b))*a),residue_zero|repeat_pressure|source_ultra_specific|target_general|near_equal,1,0.0,needs_new_semantic_universe_or_higher_carrier,1,0.0,1.0,9.550356064936175,9.550356064936175,3900->4064
3904,x ◇ x = (y ◇ (z ◇ z)) ◇ x,1,1,4688,0.0012782275244993609,10,4,3,(V*V)=((V*(V*V))*V),(a*a)=((b*(c*c))*a),residue_zero|repeat_pressure|source_ultra_specific|target_general|near_equal,1,0.0,needs_new_semantic_universe_or_higher_carrier,1,0.0,1.0,9.550356064936175,9.550356064936175,3904->4064
3920,x ◇ y = (x ◇ (x ◇ z)) ◇ y,1,1,4688,0.0012782275244993609,10,4,3,(V*V)=((V*(V*V))*V),(a*b)=((a*(a*c))*b),residue_zero|repeat_pressure|source_ultra_specific|target_general|near_equal,1,0.0,needs_new_semantic_universe_or_higher_carrier,1,0.0,1.0,9.550356064936175,9.550356064936175,3920->4064
3930,x ◇ y = (x ◇ (y ◇ z)) ◇ y,1,1,4688,0.0012782275244993609,10,4,3,(V*V)=((V*(V*V))*V),(a*b)=((a*(b*c))*b),residue_zero|repeat_pressure|source_ultra_specific|target_general|near_equal,1,0.0,needs_new_semantic_universe_or_higher_carrier,1,0.0,1.0,9.550356064936175,9.550356064936175,3930->4064
1663,x = (x ◇ y) ◇ ((z ◇ x) ◇ x),1,1,4688,0.0012782275244993609,10,4,3,V=((V*V)*((V*V)*V)),a=((a*b)*((c*a)*a)),residue_zero|repeat_pressure|source_ultra_specific|target_general|near_equal,1,0.0,needs_new_semantic_universe_or_higher_carrier,1,0.0,1.0,9.543667076785377,9.543667076785377,1663->3252
1671,x = (x ◇ y) ◇ ((z ◇ z) ◇ x),1,1,4688,0.0012782275244993609,10,4,3,V=((V*V)*((V*V)*V)),a=((a*b)*((c*c)*a)),residue_zero|repeat_pressure|source_ultra_specific|target_general|near_equal,1,0.0,needs_new_semantic_universe_or_higher_carrier,1,0.0,1.0,9.543667076785377,9.543667076785377,1671->3252
3462,x ◇ x = x ◇ ((y ◇ x) ◇ z),1,1,4688,0.0012782275244993609,10,4,3,(V*V)=(V*((V*V)*V)),(a*a)=(a*((b*a)*c)),residue_zero|repeat_pressure|source_ultra_specific|target_general|near_equal,1,0.0,needs_new_semantic_universe_or_higher_carrier,1,0.0,1.0,9.543667076785377,9.543667076785377,3462->3252
3465,x ◇ x = x ◇ ((y ◇ y) ◇ z),1,1,4688,0.0012782275244993609,10,4,3,(V*V)=(V*((V*V)*V)),(a*a)=(a*((b*b)*c)),residue_zero|repeat_pressure|source_ultra_specific|target_general|near_equal,1,0.0,needs_new_semantic_universe_or_higher_carrier,1,0.0,1.0,9.543667076785377,9.543667076785377,3465->3252
3528,x ◇ y = x ◇ ((z ◇ x) ◇ y),1,1,4688,0.0012782275244993609,10,4,3,(V*V)=(V*((V*V)*V)),(a*b)=(a*((c*a)*b)),residue_zero|repeat_pressure|source_ultra_specific|target_general|near_equal,1,0.0,needs_new_semantic_universe_or_higher_carrier,1,0.0,1.0,9.543667076785377,9.543667076785377,3528->3252
3532,x ◇ y = x ◇ ((z ◇ y) ◇ y),1,1,4688,0.0012782275244993609,10,4,3,(V*V)=(V*((V*V)*V)),(a*b)=(a*((c*b)*b)),residue_zero|repeat_pressure|source_ultra_specific|target_general|near_equal,1,0.0,needs_new_semantic_universe_or_higher_carrier,1,0.0,1.0,9.543667076785377,9.543667076785377,3532->3252
412,x = x ◇ (x ◇ (x ◇ (y ◇ x))),1,1,4691,0.0006391137622496804,10,5,2,V=(V*(V*(V*(V*V)))),a=(a*(a*(a*(b*a)))),residue_zero|mixed_residual_geometry|source_ultra_specific|target_general|near_equal,1,0.0,needs_new_semantic_universe_or_higher_carrier,1,0.0,1.0,9.5072552212955,9.5072552212955,412->3861
415,x = x ◇ (x ◇ (y ◇ (x ◇ x))),1,1,4691,0.0006391137622496804,10,5,2,V=(V*(V*(V*(V*V)))),a=(a*(a*(b*(a*a)))),residue_zero|mixed_residual_geometry|source_ultra_specific|target_general|near_equal,1,0.0,needs_new_semantic_universe_or_higher_carrier,1,0.0,1.0,9.5072552212955,9.5072552212955,415->3861
3054,x = (((x ◇ x) ◇ y) ◇ x) ◇ x,1,1,4691,0.0006391137622496804,10,5,2,V=((((V*V)*V)*V)*V),a=((((a*a)*b)*a)*a),residue_zero|mixed_residual_geometry|source_ultra_specific|target_general|near_equal,1,0.0,needs_new_semantic_universe_or_higher_carrier,1,0.0,1.0,9.5072552212955,9.5072552212955,3054->3455
3064,x = (((x ◇ y) ◇ x) ◇ x) ◇ x,1,1,4691,0.0006391137622496804,10,5,2,V=((((V*V)*V)*V)*V),a=((((a*b)*a)*a)*a),residue_zero|mixed_residual_geometry|source_ultra_specific|target_general|near_equal,1,0.0,needs_new_semantic_universe_or_higher_carrier,1,0.0,1.0,9.5072552212955,9.5072552212955,3064->3455
1480,x = (y ◇ x) ◇ (x ◇ (y ◇ x)),1,1,4689,0.0010651896037494673,10,4,2,V=((V*V)*(V*(V*V))),a=((b*a)*(a*(b*a))),residue_zero|mixed_residual_geometry|source_ultra_specific|target_general|near_equal,1,0.0,needs_new_semantic_universe_or_higher_carrier,1,0.0,1.0,9.300356064936175,9.300356064936175,1480->4064
1833,x = (x ◇ (x ◇ x)) ◇ (y ◇ x),1,1,4691,0.0006391137622496804,10,4,2,V=((V*(V*V))*(V*V)),a=((a*(a*a))*(b*a)),residue_zero|mixed_residual_geometry|source_ultra_specific|target_general|near_equal,1,0.0,needs_new_semantic_universe_or_higher_carrier,1,0.0,1.0,9.300356064936175,9.300356064936175,1833->4064
1921,x = (y ◇ (y ◇ x)) ◇ (x ◇ y),1,1,4691,0.0006391137622496804,10,4,2,V=((V*(V*V))*(V*V)),a=((b*(b*a))*(a*b)),residue_zero|mixed_residual_geometry|source_ultra_specific|target_general|near_equal,1,0.0,needs_new_semantic_universe_or_higher_carrier,1,0.0,1.0,9.300356064936175,9.300356064936175,1921->4064
3545,x ◇ y = y ◇ ((x ◇ x) ◇ y),1,1,4691,0.0006391137622496804,10,4,2,(V*V)=(V*((V*V)*V)),(a*b)=(b*((a*a)*b)),residue_zero|mixed_residual_geometry|source_ultra_specific|target_general|near_equal,1,0.0,needs_new_semantic_universe_or_higher_carrier,1,0.0,1.0,9.300356064936175,9.300356064936175,3545->4064
3547,x ◇ y = y ◇ ((x ◇ y) ◇ x),1,1,4691,0.0006391137622496804,10,4,2,(V*V)=(V*((V*V)*V)),(a*b)=(b*((a*b)*a)),residue_zero|mixed_residual_geometry|source_ultra_specific|target_general|near_equal,1,0.0,needs_new_semantic_universe_or_higher_carrier,1,0.0,1.0,9.300356064936175,9.300356064936175,3547->4064
3557,x ◇ y = y ◇ ((y ◇ y) ◇ x),1,1,4691,0.0006391137622496804,10,4,2,(V*V)=(V*((V*V)*V)),(a*b)=(b*((b*b)*a)),residue_zero|mixed_residual_geometry|source_ultra_specific|target_general|near_equal,1,0.0,needs_new_semantic_universe_or_higher_carrier,1,0.0,1.0,9.300356064936175,9.300356064936175,3557->4064
3879,x ◇ x = (y ◇ (x ◇ y)) ◇ x,1,1,4691,0.0006391137622496804,10,4,2,(V*V)=((V*(V*V))*V),(a*a)=((b*(a*b))*a),residue_zero|mixed_residual_geometry|source_ultra_specific|target_general|near_equal,1,0.0,needs_new_semantic_universe_or_higher_carrier,1,0.0,1.0,9.300356064936175,9.300356064936175,3879->4064
1643,x = (x ◇ y) ◇ ((x ◇ x) ◇ x),1,1,4691,0.0006391137622496804,10,4,2,V=((V*V)*((V*V)*V)),a=((a*b)*((a*a)*a)),residue_zero|mixed_residual_geometry|source_ultra_specific|target_general|near_equal,1,0.0,needs_new_semantic_universe_or_higher_carrier,1,0.0,1.0,9.293667076785377,9.293667076785377,1643->3252
1684,x = (y ◇ x) ◇ ((x ◇ y) ◇ y),1,1,4691,0.0006391137622496804,10,4,2,V=((V*V)*((V*V)*V)),a=((b*a)*((a*b)*b)),residue_zero|mixed_residual_geometry|source_ultra_specific|target_general|near_equal,1,0.0,needs_new_semantic_universe_or_higher_carrier,1,0.0,1.0,9.293667076785377,9.293667076785377,1684->3252
2050,x = ((x ◇ y) ◇ x) ◇ (x ◇ y),1,1,4689,0.0010651896037494673,10,4,2,V=(((V*V)*V)*(V*V)),a=(((a*b)*a)*(a*b)),residue_zero|mixed_residual_geometry|source_ultra_specific|target_general|near_equal,1,0.0,needs_new_semantic_universe_or_higher_carrier,1,0.0,1.0,9.293667076785377,9.293667076785377,2050->3252
3926,x ◇ y = (x ◇ (y ◇ y)) ◇ x,1,1,4691,0.0006391137622496804,10,4,2,(V*V)=((V*(V*V))*V),(a*b)=((a*(b*b))*a),residue_zero|mixed_residual_geometry|source_ultra_specific|target_general|near_equal,1,0.0,needs_new_semantic_universe_or_higher_carrier,1,0.0,1.0,9.293667076785377,9.293667076785377,3926->3252
3950,x ◇ y = (y ◇ (x ◇ x)) ◇ x,1,1,4691,0.0006391137622496804,10,4,2,(V*V)=((V*(V*V))*V),(a*b)=((b*(a*a))*a),residue_zero|mixed_residual_geometry|source_ultra_specific|target_general|near_equal,1,0.0,needs_new_semantic_universe_or_higher_carrier,1,0.0,1.0,9.293667076785377,9.293667076785377,3950->3252
3953,x ◇ y = (y ◇ (x ◇ y)) ◇ x,1,1,4691,0.0006391137622496804,10,4,2,(V*V)=((V*(V*V))*V),(a*b)=((b*(a*b))*a),residue_zero|mixed_residual_geometry|source_ultra_specific|target_general|near_equal,1,0.0,needs_new_semantic_universe_or_higher_carrier,1,0.0,1.0,9.293667076785377,9.293667076785377,3953->3252
909,x = y ◇ ((y ◇ x) ◇ (y ◇ y)),1,1,4686,0.0017043033659991478,10,4,2,V=(V*((V*V)*(V*V))),a=(b*((b*a)*(b*b))),residue_zero|mixed_residual_geometry|source_ultra_specific|target_mid|near_equal,1,0.0,needs_new_semantic_universe_or_higher_carrier,1,0.0,1.0,9.161509347888957,9.161509347888957,909->2440
824,x = x ◇ ((x ◇ y) ◇ (y ◇ x)),1,1,4691,0.0006391137622496804,10,4,2,V=(V*((V*V)*(V*V))),a=(a*((a*b)*(b*a))),residue_zero|mixed_residual_geometry|source_ultra_specific|target_general|near_equal,1,0.0,needs_new_semantic_universe_or_higher_carrier,1,0.0,1.0,9.1572552212955,9.1572552212955,824->3861
841,x = x ◇ ((y ◇ y) ◇ (x ◇ x)),1,1,4691,0.0006391137622496804,10,4,2,V=(V*((V*V)*(V*V))),a=(a*((b*b)*(a*a))),residue_zero|mixed_residual_geometry|source_ultra_specific|target_general|near_equal,1,0.0,needs_new_semantic_universe_or_higher_carrier,1,0.0,1.0,9.1572552212955,9.1572552212955,841->3861
2668,x = ((x ◇ y) ◇ (y ◇ x)) ◇ x,1,1,4691,0.0006391137622496804,10,4,2,V=(((V*V)*(V*V))*V),a=(((a*b)*(b*a))*a),residue_zero|mixed_residual_geometry|source_ultra_specific|target_general|near_equal,1,0.0,needs_new_semantic_universe_or_higher_carrier,1,0.0,1.0,9.1572552212955,9.1572552212955,2668->3455
2736,x = ((y ◇ y) ◇ (x ◇ y)) ◇ y,1,1,4686,0.0017043033659991478,10,4,2,V=(((V*V)*(V*V))*V),a=(((b*b)*(a*b))*b),residue_zero|mixed_residual_geometry|source_ultra_specific|target_mid|near_equal,1,0.0,needs_new_semantic_universe_or_higher_carrier,1,0.0,1.0,9.150580277356768,9.150580277356768,2736->1019
3316,x ◇ y = x ◇ (y ◇ (x ◇ z)),1,1,4684,0.0021303792074989347,10,4,3,(V*V)=(V*(V*(V*V))),(a*b)=(a*(b*(a*c))),residue_zero|mixed_residual_geometry|source_ultra_specific|target_general|near_equal,1,0.0,needs_new_semantic_universe_or_higher_carrier,1,0.0,1.0,9.14953317520159,9.14953317520159,3316->3521
3213,x = (((y ◇ z) ◇ z) ◇ y) ◇ x,1,1,4645,0.010438858116744781,10,5,3,V=((((V*V)*V)*V)*V),a=((((b*c)*c)*b)*a),residue_zero|diagonal_pressure_gain|source_ultra_specific|target_general|near_equal,1,0.0,needs_new_semantic_universe_or_higher_carrier,1,0.0,1.0,9.128357140572058,9.128357140572058,3213->4072
825,x = x ◇ ((x ◇ y) ◇ (y ◇ y)),1,1,4691,0.0006391137622496804,10,4,2,V=(V*((V*V)*(V*V))),a=(a*((a*b)*(b*b))),residue_zero|mixed_residual_geometry|source_ultra_specific|target_mid|near_equal,1,0.0,needs_new_semantic_universe_or_higher_carrier,1,0.0,1.0,9.105628889494502,9.105628889494502,825->3049
2742,x = ((y ◇ y) ◇ (y ◇ x)) ◇ x,1,1,4691,0.0006391137622496804,10,4,2,V=(((V*V)*(V*V))*V),a=(((b*b)*(b*a))*a),residue_zero|mixed_residual_geometry|source_ultra_specific|target_mid|near_equal,1,0.0,needs_new_semantic_universe_or_higher_carrier,1,0.0,1.0,9.105628889494502,9.105628889494502,2742->410
4208,x ◇ y = ((z ◇ y) ◇ x) ◇ y,1,1,4684,0.0021303792074989347,10,4,3,(V*V)=(((V*V)*V)*V),(a*b)=(((c*b)*a)*b),residue_zero|mixed_residual_geometry|source_ultra_specific|target_general|near_equal,1,0.0,needs_new_semantic_universe_or_higher_carrier,1,0.0,1.0,9.068844263951448,9.068844263951448,4208->3914
2258,x = (x ◇ (y ◇ (x ◇ z))) ◇ x,1,1,4683,0.002343417128248828,10,5,3,V=((V*(V*(V*V)))*V),a=((a*(b*(a*c)))*a),residue_zero|repeat_pressure|source_ultra_specific|target_mid|near_equal,1,0.0,needs_new_semantic_universe_or_higher_carrier,1,0.0,1.0,9.061509347888958,9.061509347888958,2258->2440
2280,x = (x ◇ (y ◇ (z ◇ z))) ◇ x,1,1,4686,0.0017043033659991478,10,5,3,V=((V*(V*(V*V)))*V),a=((a*(b*(c*c)))*a),residue_zero|repeat_pressure|source_ultra_specific|target_mid|near_equal,1,0.0,needs_new_semantic_universe_or_higher_carrier,1,0.0,1.0,9.061509347888958,9.061509347888958,2280->2440
2350,x = (y ◇ (y ◇ (z ◇ y))) ◇ x,1,1,4683,0.002343417128248828,10,5,3,V=((V*(V*(V*V)))*V),a=((b*(b*(c*b)))*a),residue_zero|repeat_pressure|source_ultra_specific|target_mid|near_equal,1,0.0,needs_new_semantic_universe_or_higher_carrier,1,0.0,1.0,9.061509347888958,9.061509347888958,2350->2440
2405,x = (y ◇ (z ◇ (z ◇ z))) ◇ x,1,1,4686,0.0017043033659991478,10,5,3,V=((V*(V*(V*V)))*V),a=((b*(c*(c*c)))*a),residue_zero|repeat_pressure|source_ultra_specific|target_mid|near_equal,1,0.0,needs_new_semantic_universe_or_higher_carrier,1,0.0,1.0,9.061509347888958,9.061509347888958,2405->2440
1239,x = x ◇ (((y ◇ x) ◇ x) ◇ z),1,1,4683,0.002343417128248828,10,5,3,V=(V*(((V*V)*V)*V)),a=(a*(((b*a)*a)*c)),residue_zero|repeat_pressure|source_ultra_specific|target_mid|near_equal,1,0.0,needs_new_semantic_universe_or_higher_carrier,1,0.0,1.0,9.050580277356769,9.050580277356769,1239->1019
1243,x = x ◇ (((y ◇ x) ◇ z) ◇ x),1,1,4683,0.002343417128248828,10,5,3,V=(V*(((V*V)*V)*V)),a=(a*(((b*a)*c)*a)),residue_zero|repeat_pressure|source_ultra_specific|target_mid|near_equal,1,0.0,needs_new_semantic_universe_or_higher_carrier,1,0.0,1.0,9.050580277356769,9.050580277356769,1243->1019
1252,x = x ◇ (((y ◇ y) ◇ y) ◇ z),1,1,4686,0.0017043033659991478,10,5,3,V=(V*(((V*V)*V)*V)),a=(a*(((b*b)*b)*c)),residue_zero|repeat_pressure|source_ultra_specific|target_mid|near_equal,1,0.0,needs_new_semantic_universe_or_higher_carrier,1,0.0,1.0,9.050580277356769,9.050580277356769,1252->1019
1253,x = x ◇ (((y ◇ y) ◇ z) ◇ x),1,1,4686,0.0017043033659991478,10,5,3,V=(V*(((V*V)*V)*V)),a=(a*(((b*b)*c)*a)),residue_zero|repeat_pressure|source_ultra_specific|target_mid|near_equal,1,0.0,needs_new_semantic_universe_or_higher_carrier,1,0.0,1.0,9.050580277356769,9.050580277356769,1253->1019
1262,x = x ◇ (((y ◇ z) ◇ y) ◇ y),1,1,4683,0.002343417128248828,10,5,3,V=(V*(((V*V)*V)*V)),a=(a*(((b*c)*b)*b)),residue_zero|repeat_pressure|source_ultra_specific|target_mid|near_equal,1,0.0,needs_new_semantic_universe_or_higher_carrier,1,0.0,1.0,9.050580277356769,9.050580277356769,1262->1019
4520,x ◇ (y ◇ z) = (x ◇ w) ◇ w,1,1,4649,0.009586706433745207,10,3,4,(V*(V*V))=((V*V)*V),(a*(b*c))=((a*d)*d),residue_zero|repeat_pressure|source_ultra_specific|target_general|near_equal,1,0.0,needs_new_semantic_universe_or_higher_carrier,1,0.0,1.0,8.958561378636517,8.958561378636517,4520->4597
2239,x = (x ◇ (x ◇ (x ◇ y))) ◇ x,1,1,4691,0.0006391137622496804,10,5,2,V=((V*(V*(V*V)))*V),a=((a*(a*(a*b)))*a),residue_zero|target_compression|source_ultra_specific|target_mid|target_smaller,1,0.0,needs_new_semantic_universe_or_higher_carrier,1,0.0,1.0,8.91608129545608,8.91608129545608,2239->202
2769,x = ((y ◇ z) ◇ (x ◇ x)) ◇ x,1,1,4678,0.0034086067319982955,10,4,3,V=(((V*V)*(V*V))*V),a=(((b*c)*(a*a))*a),residue_zero|repeat_pressure|source_ultra_specific|target_mid|near_equal,1,0.0,needs_new_semantic_universe_or_higher_carrier,1,0.0,1.0,8.878704817404193,8.878704817404193,2769->2237
676,x = y ◇ (x ◇ ((y ◇ x) ◇ y)),1,1,4691,0.0006391137622496804,10,5,2,V=(V*(V*((V*V)*V))),a=(b*(a*((b*a)*b))),residue_zero|target_compression|source_ultra_specific|target_mid|target_smaller,1,0.0,needs_new_semantic_universe_or_higher_carrier,1,0.0,1.0,8.855456673639644,8.855456673639644,676->254
2909,x = ((y ◇ (x ◇ y)) ◇ x) ◇ y,1,1,4691,0.0006391137622496804,10,5,2,V=(((V*(V*V))*V)*V),a=(((b*(a*b))*a)*b),residue_zero|target_compression|source_ultra_specific|target_mid|target_smaller,1,0.0,needs_new_semantic_universe_or_higher_carrier,1,0.0,1.0,8.855456673639644,8.855456673639644,2909->46
2255,x = (x ◇ (y ◇ (x ◇ y))) ◇ x,1,1,4691,0.0006391137622496804,10,5,2,V=((V*(V*(V*V)))*V),a=((a*(b*(a*b)))*a),residue_zero|mixed_residual_geometry|source_ultra_specific|target_mid|near_equal,1,0.0,needs_new_semantic_universe_or_higher_carrier,1,0.0,1.0,8.811509347888958,8.811509347888958,2255->2440
2265,x = (x ◇ (y ◇ (y ◇ y))) ◇ x,1,1,4691,0.0006391137622496804,10,5,2,V=((V*(V*(V*V)))*V),a=((a*(b*(b*b)))*a),residue_zero|mixed_residual_geometry|source_ultra_specific|target_mid|near_equal,1,0.0,needs_new_semantic_universe_or_higher_carrier,1,0.0,1.0,8.811509347888958,8.811509347888958,2265->2440
2302,x = (y ◇ (x ◇ (y ◇ y))) ◇ x,1,1,4691,0.0006391137622496804,10,5,2,V=((V*(V*(V*V)))*V),a=((b*(a*(b*b)))*a),residue_zero|mixed_residual_geometry|source_ultra_specific|target_mid|near_equal,1,0.0,needs_new_semantic_universe_or_higher_carrier,1,0.0,1.0,8.811509347888958,8.811509347888958,2302->2440
1248,x = x ◇ (((y ◇ y) ◇ x) ◇ y),1,1,4691,0.0006391137622496804,10,5,2,V=(V*(((V*V)*V)*V)),a=(a*(((b*b)*a)*b)),residue_zero|mixed_residual_geometry|source_ultra_specific|target_mid|near_equal,1,0.0,needs_new_semantic_universe_or_higher_carrier,1,0.0,1.0,8.800580277356769,8.800580277356769,1248->1019
1250,x = x ◇ (((y ◇ y) ◇ y) ◇ x),1,1,4691,0.0006391137622496804,10,5,2,V=(V*(((V*V)*V)*V)),a=(a*(((b*b)*b)*a)),residue_zero|mixed_residual_geometry|source_ultra_specific|target_mid|near_equal,1,0.0,needs_new_semantic_universe_or_higher_carrier,1,0.0,1.0,8.800580277356769,8.800580277356769,1250->1019
1659,x = (x ◇ y) ◇ ((y ◇ z) ◇ x),1,1,4681,0.0027694929697486153,10,4,3,V=((V*V)*((V*V)*V)),a=((a*b)*((b*c)*a)),residue_zero|mixed_residual_geometry|source_ultra_specific|target_general|near_equal,1,0.0,needs_new_semantic_universe_or_higher_carrier,1,0.0,1.0,8.778357140572059,8.778357140572059,1659->4072
1667,x = (x ◇ y) ◇ ((z ◇ y) ◇ x),1,1,4681,0.0027694929697486153,10,4,3,V=((V*V)*((V*V)*V)),a=((a*b)*((c*b)*a)),residue_zero|mixed_residual_geometry|source_ultra_specific|target_general|near_equal,1,0.0,needs_new_semantic_universe_or_higher_carrier,1,0.0,1.0,8.778357140572059,8.778357140572059,1667->3260
1870,x = (x ◇ (y ◇ z)) ◇ (y ◇ x),1,1,4681,0.0027694929697486153,10,4,3,V=((V*(V*V))*(V*V)),a=((a*(b*c))*(b*a)),residue_zero|mixed_residual_geometry|source_ultra_specific|target_general|near_equal,1,0.0,needs_new_semantic_universe_or_higher_carrier,1,0.0,1.0,8.778357140572059,8.778357140572059,1870->4072
1874,x = (x ◇ (y ◇ z)) ◇ (z ◇ x),1,1,4681,0.0027694929697486153,10,4,3,V=((V*(V*V))*(V*V)),a=((a*(b*c))*(c*a)),residue_zero|mixed_residual_geometry|source_ultra_specific|target_general|near_equal,1,0.0,needs_new_semantic_universe_or_higher_carrier,1,0.0,1.0,8.778357140572059,8.778357140572059,1874->3260
3283,x ◇ x = y ◇ (y ◇ (z ◇ x)),1,1,4683,0.002343417128248828,10,4,3,(V*V)=(V*(V*(V*V))),(a*a)=(b*(b*(c*a))),residue_zero|mixed_residual_geometry|source_ultra_specific|target_general|near_equal,1,0.0,needs_new_semantic_universe_or_higher_carrier,1,0.0,1.0,8.778357140572059,8.778357140572059,3283->3260
3586,x ◇ y = z ◇ ((x ◇ y) ◇ y),1,1,4633,0.012995313165743502,10,4,3,(V*V)=(V*((V*V)*V)),(a*b)=(c*((a*b)*b)),residue_zero|mixed_residual_geometry|source_ultra_specific|target_general|near_equal,1,0.0,needs_new_semantic_universe_or_higher_carrier,1,0.0,1.0,8.717258214745637,8.717258214745637,3586->4605
3971,x ◇ y = (y ◇ (z ◇ x)) ◇ y,1,1,4688,0.0012782275244993609,10,4,3,(V*V)=((V*(V*V))*V),(a*b)=((b*(c*a))*b),residue_zero|mixed_residual_geometry|source_ultra_specific|target_general|near_equal,1,0.0,needs_new_semantic_universe_or_higher_carrier,1,0.0,1.0,8.717258214745637,8.717258214745637,3971->4605
3992,x ◇ y = (z ◇ (x ◇ y)) ◇ y,1,1,4688,0.0012782275244993609,10,4,3,(V*V)=((V*(V*V))*V),(a*b)=((c*(a*b))*b),residue_zero|mixed_residual_geometry|source_ultra_specific|target_general|near_equal,1,0.0,needs_new_semantic_universe_or_higher_carrier,1,0.0,1.0,8.717258214745637,8.717258214745637,3992->4605
614,x = x ◇ (x ◇ ((x ◇ x) ◇ y)),1,1,4690,0.0008521516829995739,10,5,2,V=(V*(V*((V*V)*V))),a=(a*(a*((a*a)*b))),residue_zero|mixed_residual_geometry|source_ultra_specific|target_general|near_equal,1,0.0,needs_new_semantic_universe_or_higher_carrier,1,0.0,1.0,8.627306930566304,8.627306930566304,614->3658
3512,x ◇ y = x ◇ ((x ◇ y) ◇ z),1,1,4688,0.0012782275244993609,10,4,3,(V*V)=(V*((V*V)*V)),(a*b)=(a*((a*b)*c)),residue_zero|mixed_residual_geometry|source_ultra_specific|target_general|near_equal,1,0.0,needs_new_semantic_universe_or_higher_carrier,1,0.0,1.0,8.531541068950544,8.531541068950544,3512->4313
3523,x ◇ y = x ◇ ((y ◇ z) ◇ x),1,1,4688,0.0012782275244993609,10,4,3,(V*V)=(V*((V*V)*V)),(a*b)=(a*((b*c)*a)),residue_zero|mixed_residual_geometry|source_ultra_specific|target_general|near_equal,1,0.0,needs_new_semantic_universe_or_higher_carrier,1,0.0,1.0,8.531541068950544,8.531541068950544,3523->4313
3918,x ◇ y = (x ◇ (x ◇ y)) ◇ z,1,1,4633,0.012995313165743502,10,4,3,(V*V)=((V*(V*V))*V),(a*b)=((a*(a*b))*c),residue_zero|mixed_residual_geometry|source_ultra_specific|target_general|near_equal,1,0.0,needs_new_semantic_universe_or_higher_carrier,1,0.0,1.0,8.531541068950544,8.531541068950544,3918->4313
2475,x = (x ◇ ((y ◇ z) ◇ x)) ◇ x,1,1,4679,0.0031955688112484024,10,5,3,V=((V*((V*V)*V))*V),a=((a*((b*c)*a))*a),residue_zero|repeat_pressure|source_ultra_specific|target_mid|near_equal,1,0.0,needs_new_semantic_universe_or_higher_carrier,1,0.0,1.0,8.528704817404194,8.528704817404194,2475->2237
4532,x ◇ (y ◇ z) = (y ◇ z) ◇ z,1,1,4682,0.0025564550489987218,10,3,3,(V*(V*V))=((V*V)*V),(a*(b*c))=((b*c)*c),residue_zero|mixed_residual_geometry|source_ultra_specific|target_general|near_equal,1,0.0,needs_new_semantic_universe_or_higher_carrier,1,0.0,1.0,8.367258214745638,8.367258214745638,4532->4605
2401,x = (y ◇ (z ◇ (z ◇ y))) ◇ x,1,1,4643,0.010864933958244567,10,5,3,V=((V*(V*(V*V)))*V),a=((b*(c*(c*b)))*a),residue_zero|diagonal_pressure_gain|source_ultra_specific|target_mid|near_equal,1,0.0,needs_new_semantic_universe_or_higher_carrier,1,0.0,1.0,8.332772038674468,8.332772038674468,2401->2529
1266,x = x ◇ (((y ◇ z) ◇ z) ◇ y),1,1,4643,0.010864933958244567,10,5,3,V=(V*(((V*V)*V)*V)),a=(a*(((b*c)*c)*b)),residue_zero|diagonal_pressure_gain|source_ultra_specific|target_mid|near_equal,1,0.0,needs_new_semantic_universe_or_higher_carrier,1,0.0,1.0,8.315072461575067,8.315072461575067,1266->1022
3278,x ◇ x = y ◇ (y ◇ (x ◇ y)),1,1,4691,0.0006391137622496804,10,4,2,(V*V)=(V*(V*(V*V))),(a*a)=(b*(b*(a*b))),residue_zero|mixed_residual_geometry|source_ultra_specific|target_general|near_equal,1,0.0,needs_new_semantic_universe_or_higher_carrier,1,0.0,1.0,8.277306930566304,8.277306930566304,3278->3658
3480,x ◇ x = y ◇ ((y ◇ x) ◇ x),1,1,4691,0.0006391137622496804,10,4,2,(V*V)=(V*((V*V)*V)),(a*a)=(b*((b*a)*a)),residue_zero|mixed_residual_geometry|source_ultra_specific|target_general|near_equal,1,0.0,needs_new_semantic_universe_or_higher_carrier,1,0.0,1.0,8.277306930566304,8.277306930566304,3480->3658
3864,x ◇ x = (x ◇ (x ◇ y)) ◇ y,1,1,4691,0.0006391137622496804,10,4,2,(V*V)=((V*(V*V))*V),(a*a)=((a*(a*b))*b),residue_zero|mixed_residual_geometry|source_ultra_specific|target_general|near_equal,1,0.0,needs_new_semantic_universe_or_higher_carrier,1,0.0,1.0,8.277306930566304,8.277306930566304,3864->3658
4083,x ◇ x = ((y ◇ x) ◇ y) ◇ y,1,1,4691,0.0006391137622496804,10,4,2,(V*V)=(((V*V)*V)*V),(a*a)=(((b*a)*b)*b),residue_zero|mixed_residual_geometry|source_ultra_specific|target_general|near_equal,1,0.0,needs_new_semantic_universe_or_higher_carrier,1,0.0,1.0,8.277306930566304,8.277306930566304,4083->3658
3717,x ◇ y = (x ◇ x) ◇ (z ◇ y),1,1,4633,0.012995313165743502,10,3,3,(V*V)=((V*V)*(V*V)),(a*b)=((a*a)*(c*b)),residue_zero|mixed_residual_geometry|source_ultra_specific|target_general|near_equal,1,0.0,needs_new_semantic_universe_or_higher_carrier,1,0.0,1.0,8.223239709296028,8.223239709296028,3717->4127
3735,x ◇ y = (x ◇ z) ◇ (y ◇ y),1,1,4633,0.012995313165743502,10,3,3,(V*V)=((V*V)*(V*V)),(a*b)=((a*c)*(b*b)),residue_zero|mixed_residual_geometry|source_ultra_specific|target_general|near_equal,1,0.0,needs_new_semantic_universe_or_higher_carrier,1,0.0,1.0,8.223239709296028,8.223239709296028,3735->3315
4074,x ◇ x = ((x ◇ y) ◇ y) ◇ z,1,1,4683,0.002343417128248828,10,4,3,(V*V)=(((V*V)*V)*V),(a*a)=(((a*b)*b)*c),residue_zero|mixed_residual_geometry|source_ultra_specific|target_general|near_equal,1,0.0,needs_new_semantic_universe_or_higher_carrier,1,0.0,1.0,8.181541068950544,8.181541068950544,4074->4069
4107,x ◇ x = ((y ◇ z) ◇ z) ◇ x,1,1,4681,0.0027694929697486153,10,4,3,(V*V)=(((V*V)*V)*V),(a*a)=(((b*c)*c)*a),residue_zero|mixed_residual_geometry|source_ultra_specific|target_general|near_equal,1,0.0,needs_new_semantic_universe_or_higher_carrier,1,0.0,1.0,8.181541068950544,8.181541068950544,4107->4069
823,x = x ◇ ((x ◇ y) ◇ (x ◇ z)),1,1,4566,0.027268853855986364,10,4,3,V=(V*((V*V)*(V*V))),a=(a*((a*b)*(a*c))),residue_zero|mixed_residual_geometry|source_ultra_specific|target_mid|near_equal,1,0.0,needs_new_semantic_universe_or_higher_carrier,1,0.0,1.0,8.16608129545608,8.16608129545608,823->1227
2715,x = ((y ◇ x) ◇ (z ◇ x)) ◇ x,1,1,4566,0.027268853855986364,10,4,3,V=(((V*V)*(V*V))*V),a=(((b*a)*(c*a))*a),residue_zero|mixed_residual_geometry|source_ultra_specific|target_mid|near_equal,1,0.0,needs_new_semantic_universe_or_higher_carrier,1,0.0,1.0,8.16608129545608,8.16608129545608,2715->2242
3262,x ◇ x = x ◇ (y ◇ (y ◇ z)),1,1,4681,0.0027694929697486153,10,4,3,(V*V)=(V*(V*(V*V))),(a*a)=(a*(b*(b*c))),residue_zero|mixed_residual_geometry|source_ultra_specific|target_general|near_equal,1,0.0,needs_new_semantic_universe_or_higher_carrier,1,0.0,1.0,8.118362167329014,8.118362167329014,3262->3254
3295,x ◇ x = y ◇ (z ◇ (z ◇ x)),1,1,4683,0.002343417128248828,10,4,3,(V*V)=(V*(V*(V*V))),(a*a)=(b*(c*(c*a))),residue_zero|mixed_residual_geometry|source_ultra_specific|target_general|near_equal,1,0.0,needs_new_semantic_universe_or_higher_carrier,1,0.0,1.0,8.118362167329014,8.118362167329014,3295->3254
466,x = y ◇ (x ◇ (x ◇ (y ◇ y))),1,1,4691,0.0006391137622496804,10,5,2,V=(V*(V*(V*(V*V)))),a=(b*(a*(a*(b*b)))),residue_zero|mixed_residual_geometry|source_ultra_specific|target_mid|near_equal,1,0.0,needs_new_semantic_universe_or_higher_carrier,1,0.0,1.0,8.003292837544226,8.003292837544226,466->2846
3139,x = (((y ◇ y) ◇ x) ◇ x) ◇ y,1,1,4691,0.0006391137622496804,10,5,2,V=((((V*V)*V)*V)*V),a=((((b*b)*a)*a)*b),residue_zero|mixed_residual_geometry|source_ultra_specific|target_mid|near_equal,1,0.0,needs_new_semantic_universe_or_higher_carrier,1,0.0,1.0,8.003292837544226,8.003292837544226,3139->613
312,x ◇ x = y ◇ (x ◇ y),1,1,4683,0.002343417128248828,8,3,2,(V*V)=(V*(V*V)),(a*a)=(b*(a*b)),residue_zero|mixed_residual_geometry|source_ultra_specific|target_mid|target_larger,1,0.0,needs_new_semantic_universe_or_higher_carrier,1,0.0,1.0,7.836945348176137,7.836945348176137,312->3271
364,x ◇ x = (y ◇ x) ◇ y,1,1,4683,0.002343417128248828,8,3,2,(V*V)=((V*V)*V),(a*a)=((b*a)*b),residue_zero|mixed_residual_geometry|source_ultra_specific|target_mid|target_larger,1,0.0,needs_new_semantic_universe_or_higher_carrier,1,0.0,1.0,7.836945348176137,7.836945348176137,364->4090
678,x = y ◇ (x ◇ ((y ◇ y) ◇ x)),1,1,4691,0.0006391137622496804,10,5,2,V=(V*(V*((V*V)*V))),a=(b*(a*((b*b)*a))),residue_zero|mixed_residual_geometry|source_ultra_specific|target_mid|near_equal,1,0.0,needs_new_semantic_universe_or_higher_carrier,1,0.0,1.0,7.777390389123287,7.777390389123287,678->631
4103,x ◇ x = ((y ◇ z) ◇ y) ◇ x,1,1,4688,0.0012782275244993609,10,4,3,(V*V)=(((V*V)*V)*V),(a*a)=(((b*c)*b)*a),residue_zero|mixed_residual_geometry|source_ultra_specific|target_general|near_equal,1,0.0,needs_new_semantic_universe_or_higher_carrier,1,0.0,1.0,7.755456673639644,7.755456673639644,4103->4066
2872,x = ((x ◇ (y ◇ y)) ◇ x) ◇ y,1,1,4691,0.0006391137622496804,10,5,2,V=(((V*(V*V))*V)*V),a=(((a*(b*b))*a)*b),residue_zero|mixed_residual_geometry|source_ultra_specific|target_mid|near_equal,1,0.0,needs_new_semantic_universe_or_higher_carrier,1,0.0,1.0,7.677306930566304,7.677306930566304,2872->2864
3264,x ◇ x = x ◇ (y ◇ (z ◇ y)),1,1,4688,0.0012782275244993609,10,4,3,(V*V)=(V*(V*(V*V))),(a*a)=(a*(b*(c*b))),residue_zero|mixed_residual_geometry|source_ultra_specific|target_general|near_equal,1,0.0,needs_new_semantic_universe_or_higher_carrier,1,0.0,1.0,7.6219252810151215,7.6219252810151215,3264->3257
617,x = x ◇ (x ◇ ((x ◇ y) ◇ z)),1,1,4641,0.011291009799744355,10,5,3,V=(V*(V*((V*V)*V))),a=(a*(a*((a*b)*c))),residue_zero|mixed_residual_geometry|source_ultra_specific|target_mid|near_equal,1,0.0,needs_new_semantic_universe_or_higher_carrier,1,0.0,1.0,7.122934114896134,7.122934114896134,617->1021
