key_type,key_value,cycles_seen,first_cycle,last_cycle,repeat_count_total,named_basin,constructor_family,direction,terminal_status,total_support_sum,max_total_support,mean_observed_purity,mean_null_lift,max_null_lift,mean_holdout_purity,total_holdout_support,mean_filtration_count,max_filtration_count,mean_load_bearing_score,max_load_bearing_score,mean_persistence_score,max_persistence_score,mean_logos_score,max_logos_score,lawbook_rank_score,total_support,observed_purity_mean,holdout_purity,holdout_support,filtration_count,null_lift_mean,load_bearing_score,logos_score,law_id,shadow_cluster_id,shadow_cluster_root_law_id,shadow_cluster_size,is_shadow_root,shadow_penalty,effective_filtration_count,filtration_overlap_penalty,unique_pair_support_proxy,residual_compression_gain_proxy,certificate_pressure_score,root_node_score
source_route,collapse_to_trivial_or_singleton,7,1,7,7,multi_key_or_feature_law,residual_search_family,TRUE_ROUTE,needs_lean_proof_template,1276511,229199,1.0,0.2491143647850787,0.4972564598429599,1.0,81805,13.0,13,57.90642927002107,59.20236724193272,196.6294442224352,200.32739057760028,244.7423737959372,249.41565065676204,276.87250028148577,0.0,0.0,0.0,1,1,0.0,0.0,0.0,9075071d67c9e6be,22,9075071d67c9e6be,2,True,0.7071067811865475,0.8681980515339465,0.13180194846605353,0.0,0.0,0.0,6.082420634702476
source_forced_behavior,isolated_variable_trivialization_pressure,7,1,7,7,multi_key_or_feature_law,residual_search_family,TRUE_ROUTE,needs_lean_proof_template,1276511,229199,1.0,0.2492633983071154,0.4983908518214187,1.0,81805,13.0,13,57.90642927002107,59.20236724193272,196.6526657877544,200.27336701121575,244.7655953612564,249.36162709037757,276.81847671510127,0.0,0.0,0.0,1,1,0.0,0.0,0.0,9ae93c134bf1e018,21,9ae93c134bf1e018,1,True,1.0,1.0,0.0,0.0,0.0,0.0,9.079441541679836
source_mercury,bare_variable_elimination_transfer|bare_variable_transfer|duplication_sensitive_transfer,7,1,7,7,multi_key_or_feature_law,residual_search_family,TRUE_ROUTE,needs_lean_proof_template,1238982,222504,1.0,0.2499223438773188,0.4981575421133231,1.0,79620,13.0,13,57.75774563901128,59.05468697907756,196.27248898890227,200.2607341675305,244.260374195662,249.2246655725453,276.65167472071914,0.0,0.0,0.0,1,1,0.0,0.0,0.0,a14ba09511145267,20,a14ba09511145267,6,True,0.4082482904638631,0.7337117307087384,0.2662882692912616,0.0,0.0,0.0,3.296780397361731
source_constraint,isolated_variable_trivialization_pressure|collapse_to_trivial_or_singleton|bare_variable_elimination_transfer|bare_variable_transfer|duplication_sensitive_transfer,7,1,7,7,multi_key_or_feature_law,residual_search_family,TRUE_ROUTE,needs_lean_proof_template,1238982,222504,1.0,0.248112016799902,0.4981096860643186,1.0,79620,13.0,13,57.75774563901128,59.05468697907756,195.98894176064957,200.2388512726771,243.97682696740927,249.2027826776919,276.6297918258657,0.0,0.0,0.0,1,1,0.0,0.0,0.0,ddfa6069a843764b,17,ddfa6069a843764b,11,True,0.30151134457776363,0.6856801050599937,0.31431989494000634,0.0,0.0,0.0,2.374657450412351
transition_signature,general_magma_pressure|general_residual_pressure|duplication_sensitive_transfer|TO|internal_anchor_pressure|expansion_pressure|bare_variable_transfer|duplication_sensitive_transfer,7,1,7,7,multi_key_or_feature_law,residual_search_family,FALSE_OBSTRUCTION,needs_finite_countermodel_constructor,382765,56128,1.0,0.3251485396885327,0.4972292831723437,1.0,21416,11.0,11,44.89018543712832,45.01503734725555,159.01541795805218,159.67762452837232,196.69611323663412,197.41274555547832,223.66513237926705,0.0,0.0,0.0,1,1,0.0,0.0,0.0,0ad55242b8f34fde,19,0ad55242b8f34fde,4,True,0.5,0.775,0.22499999999999998,0.0,0.0,0.0,4.120913721630244
transition_signature,general_magma_pressure|general_residual_pressure|duplication_sensitive_transfer|TO|isolated_variable_trivialization_pressure|collapse_to_trivial_or_singleton|bare_variable_elimination_transfer|bare_variable_transfer|duplication_sensitive_transfer,7,1,7,7,multi_key_or_feature_law,residual_search_family,FALSE_OBSTRUCTION,needs_finite_countermodel_constructor,323654,47340,1.0,0.3259090688001601,0.494659145463274,1.0,17838,11.0,11,44.0561633156792,44.17368052169604,156.66112624407884,157.50279090073298,193.62500048689415,194.5625647818808,220.64720590292157,0.0,0.0,0.0,1,1,0.0,0.0,0.0,0698e389d82513bc,18,0698e389d82513bc,7,True,0.3779644730092272,0.7200840128541524,0.27991598714584764,0.0,0.0,0.0,3.031080432746792
transition_signature,isolated_variable_trivialization_pressure|collapse_to_trivial_or_singleton|bare_variable_elimination_transfer|bare_variable_transfer|duplication_sensitive_transfer|TO|isolated_variable_trivialization_pressure|collapse_to_trivial_or_singleton|bare_variable_elimination_transfer|bare_variable_transfer|duplication_sensitive_transfer,7,1,7,7,multi_key_or_feature_law,residual_search_family,TRUE_ROUTE,needs_lean_proof_template,206099,37333,1.0,0.2938847587854353,0.4959349593495935,1.0,13366,11.0,11,41.85535323458905,43.032922520068034,146.38353110590896,150.01449527031315,181.552489016628,186.050116786465,211.68344126174276,0.0,0.0,0.0,1,1,0.0,0.0,0.0,e8a0fe3d376abf84,17,ddfa6069a843764b,11,False,0.30151134457776363,0.6856801050599937,0.31431989494000634,0.0,0.0,0.0,2.374657450412351
transition_signature,general_magma_pressure|general_residual_pressure|duplication_sensitive_transfer|TO|right_boundary_preservation_pressure|right_boundary_constructor|bare_variable_transfer|duplication_sensitive_transfer|right_boundary_transfer,7,1,7,7,multi_key_or_feature_law,residual_search_family,FALSE_OBSTRUCTION,needs_finite_countermodel_constructor,151109,22289,1.0,0.3239667399091369,0.4956013655462185,1.0,8267,11.0,11,40.32355776288726,40.48351435103779,145.3365442588437,146.17397607677415,179.11637124895472,180.05863400468135,205.38160504048832,0.0,0.0,0.0,1,1,0.0,0.0,0.0,9ef9db4814ac098c,15,9ef9db4814ac098c,17,True,0.24253562503633297,0.6591410312663499,0.34085896873365007,0.0,0.0,0.0,1.8826989444266198
transition_signature,general_magma_pressure|general_residual_pressure|duplication_sensitive_transfer|TO|left_boundary_preservation_pressure|left_boundary_constructor|bare_variable_transfer|duplication_sensitive_transfer|left_boundary_transfer,7,1,7,7,multi_key_or_feature_law,residual_search_family,FALSE_OBSTRUCTION,needs_finite_countermodel_constructor,150392,22026,1.0,0.3236867544399933,0.4926181102362205,1.0,8484,11.0,11,40.29835222317293,40.41869238372486,145.23960942131495,145.64517630175257,179.01345549946595,179.5051363323078,204.82335118756853,0.0,0.0,0.0,1,1,0.0,0.0,0.0,ff6de053892901bc,11,ff6de053892901bc,19,True,0.22941573387056174,0.6532370802417529,0.34676291975824713,0.0,0.0,0.0,1.7750026959764467
transition_signature,general_magma_pressure|general_residual_pressure|duplication_sensitive_transfer|TO|left_absorption_pressure|left_boundary_constructor|absorption_model_transfer|bare_variable_transfer|duplication_sensitive_transfer|left_boundary_transfer,7,1,7,7,multi_key_or_feature_law,residual_search_family,FALSE_OBSTRUCTION,needs_finite_countermodel_constructor,120663,17634,1.0,0.3242761898464189,0.4952872531418312,1.0,6613,11.0,11,39.15809619540676,39.27694340401692,142.09596263103683,143.17176300363255,174.89028319792914,176.01100000699222,201.1089728178395,0.0,0.0,0.0,1,1,0.0,0.0,0.0,768dd72a046b3ae1,15,9ef9db4814ac098c,17,False,0.24253562503633297,0.6591410312663499,0.34085896873365007,0.0,0.0,0.0,1.8826989444266198
coarse_pair_hash,f8222d77b6ddda5e,7,1,7,7,multi_key_or_feature_law,residual_search_family,FALSE_OBSTRUCTION,needs_finite_countermodel_constructor,119694,17748,1.0,0.3144677085314099,0.4942000602591142,1.0,6830,9.857142857142858,11,36.188078673165066,39.59096892157859,126.38039436482968,142.64977036333377,156.96335185497466,175.74777247287977,200.83768230085812,0.0,0.0,0.0,1,1,0.0,0.0,0.0,66459d4873da67ca,16,66459d4873da67ca,16,True,0.25,0.6625000000000001,0.3374999999999999,0.0,0.0,0.0,1.9442571875786836
transition_signature,general_magma_pressure|general_residual_pressure|duplication_sensitive_transfer|TO|right_absorption_pressure|right_boundary_constructor|absorption_model_transfer|bare_variable_transfer|duplication_sensitive_transfer|right_boundary_transfer,7,1,7,7,multi_key_or_feature_law,residual_search_family,FALSE_OBSTRUCTION,needs_finite_countermodel_constructor,121532,18116,1.0,0.324181699908702,0.4938045375218149,1.0,6468,11.0,11,39.18240148444591,39.374749577797424,142.18970639066544,142.72251903695383,174.9911899601235,175.5691385742234,200.67428739244565,0.0,0.0,0.0,1,1,0.0,0.0,0.0,5240fa0e833fa993,15,9ef9db4814ac098c,17,False,0.24253562503633297,0.6591410312663499,0.34085896873365007,0.0,0.0,0.0,1.8826989444266198
coarse_pair_hash,56f2767ea05db12d,7,1,7,7,multi_key_or_feature_law,residual_search_family,TRUE_ROUTE,needs_lean_proof_template,91627,16478,1.0,0.2805086003417819,0.4937864375575329,1.0,6246,10.142857142857142,11,35.772087159059005,39.233990000649655,123.23733747779193,137.82408713431073,153.46368116504595,170.63783313098406,195.4605330201917,0.0,0.0,0.0,1,1,0.0,0.0,0.0,c30d4a4f72f9dd16,14,c30d4a4f72f9dd16,9,True,0.3333333333333333,0.7000000000000001,0.29999999999999993,0.0,0.0,0.0,2.6453539091394545
transition_signature,shape_preservation_pressure|shape_quotient_constructor|duplication_sensitive_transfer|shape_preserving_renaming_transfer|TO|internal_anchor_pressure|expansion_pressure|bare_variable_transfer|duplication_sensitive_transfer,7,1,7,7,multi_key_or_feature_law,residual_search_family,FALSE_OBSTRUCTION,needs_finite_countermodel_constructor,51044,7489,1.0,0.3242936781948256,0.4902912621359223,1.0,2774,11.0,11,35.095391346492065,35.23733415778167,129.56415380306515,130.70903624497416,158.87763161587918,160.0662500868867,184.303920670889,0.0,0.0,0.0,1,1,0.0,0.0,0.0,57239a084c4ef92a,13,57239a084c4ef92a,7,True,0.3779644730092272,0.7200840128541524,0.27991598714584764,0.0,0.0,0.0,3.031080432746792
target_constraint,two_sided_boundary_weak_pressure|boundary_signature_constructor|duplication_sensitive_transfer|shape_preserving_renaming_transfer|two_sided_anchor_transfer,2,1,5,2,multi_key_or_feature_law,residual_search_family,TRUE_LEANING_RESIDUAL,named_residual_requires_split,19959,11311,0.9507200260661156,0.2091854395789491,0.4113095238095238,0.9037021946155414,1664,9.5,12,33.22377082699911,40.34555482961984,100.79084869488642,128.49326341266925,128.74742314295094,161.83375549771537,179.93940907476798,0.0,0.0,0.0,1,1,0.0,0.0,0.0,3d428a4458ca45ab,1,3d428a4458ca45ab,6,True,0.4082482904638631,0.7337117307087384,0.2662882692912616,0.0,0.0,0.0,3.296780397361731
constructor_family,projection_or_boundary_breaking_table_family,7,1,7,7,multi_key_or_feature_law,projection_or_boundary_breaking_table_family,FALSE_OBSTRUCTION,needs_finite_countermodel_constructor,1815789,264036,1.0,0.166558666409055,0.4973204944808592,1.0,101918,8.0,8,41.14440641852089,41.21380586710329,116.33481512092324,116.51888254297644,151.9861281390065,152.09702154305185,179.9062604441412,0.0,0.0,0.0,1,1,0.0,0.0,0.0,db5b892687506ae1,12,db5b892687506ae1,1,True,1.0,1.0,0.0,0.0,0.0,0.0,9.079441541679836
target_mercury,duplication_sensitive_transfer|shape_preserving_renaming_transfer|two_sided_anchor_transfer,2,1,5,2,multi_key_or_feature_law,residual_search_family,TRUE_LEANING_RESIDUAL,named_residual_requires_split,19959,11311,0.9507200260661156,0.205240036599538,0.4043154761904761,0.9037021946155414,1664,9.5,12,33.22377082699911,40.34555482961984,100.49844613416676,128.238902036136,128.45502058223127,161.57939412118213,179.68504769823477,0.0,0.0,0.0,1,1,0.0,0.0,0.0,f74bf136117232af,1,3d428a4458ca45ab,6,False,0.4082482904638631,0.7337117307087384,0.2662882692912616,0.0,0.0,0.0,3.296780397361731
transition_signature,right_absorption_pressure|right_boundary_constructor|absorption_model_transfer|bare_variable_transfer|duplication_sensitive_transfer|right_boundary_transfer|TO|internal_anchor_pressure|expansion_pressure|bare_variable_transfer|duplication_sensitive_transfer,7,1,7,7,multi_key_or_feature_law,residual_search_family,FALSE_OBSTRUCTION,needs_finite_countermodel_constructor,135232,19940,1.0,0.1914045201197831,0.497284162378502,1.0,7482,10.0,10,36.93012261681231,37.07222681084863,117.57322657860551,119.30360645490558,148.75820997460764,150.3549330987911,175.56689530283813,0.0,0.0,0.0,1,1,0.0,0.0,0.0,d549ea2fd946a762,15,9ef9db4814ac098c,17,False,0.24253562503633297,0.6591410312663499,0.34085896873365007,0.0,0.0,0.0,1.8826989444266198
transition_signature,left_absorption_pressure|left_boundary_constructor|absorption_model_transfer|bare_variable_transfer|duplication_sensitive_transfer|left_boundary_transfer|TO|internal_anchor_pressure|expansion_pressure|bare_variable_transfer|duplication_sensitive_transfer,7,1,7,7,multi_key_or_feature_law,residual_search_family,FALSE_OBSTRUCTION,needs_finite_countermodel_constructor,136067,19904,1.0,0.1918368179985474,0.4947572536627407,1.0,7388,10.0,10,36.96434233675412,37.08410643760005,117.68852343669376,118.9772400992119,148.89304636807282,149.99533237881985,175.21345012697887,0.0,0.0,0.0,1,1,0.0,0.0,0.0,4140d17568803023,78,4140d17568803023,1,True,1.0,1.0,0.0,0.0,0.0,0.0,9.079441541679836
transition_signature,left_absorption_pressure|left_boundary_constructor|absorption_model_transfer|bare_variable_transfer|duplication_sensitive_transfer|left_boundary_transfer|TO|isolated_variable_trivialization_pressure|collapse_to_trivial_or_singleton|bare_variable_elimination_transfer|bare_variable_transfer|duplication_sensitive_transfer,7,1,7,7,multi_key_or_feature_law,residual_search_family,FALSE_OBSTRUCTION,needs_finite_countermodel_constructor,117303,17187,1.0,0.1907988876387739,0.4947322212467075,1.0,6291,10.0,10,36.20542453861612,36.32188902100497,115.81888143315392,116.95915322098368,146.37344542236048,147.3403472261502,172.41007906920632,0.0,0.0,0.0,1,1,0.0,0.0,0.0,92d02a4ab473fc1e,18,0698e389d82513bc,7,False,0.3779644730092272,0.7200840128541524,0.27991598714584764,0.0,0.0,0.0,3.031080432746792
transition_signature,right_absorption_pressure|right_boundary_constructor|absorption_model_transfer|bare_variable_transfer|duplication_sensitive_transfer|right_boundary_transfer|TO|isolated_variable_trivialization_pressure|collapse_to_trivial_or_singleton|bare_variable_elimination_transfer|bare_variable_transfer|duplication_sensitive_transfer,7,1,7,7,multi_key_or_feature_law,residual_search_family,FALSE_OBSTRUCTION,needs_finite_countermodel_constructor,116143,16945,1.0,0.1911855957034734,0.4922392745029648,1.0,6221,10.0,10,36.153845662911486,36.24392203678983,115.73651059206654,116.6106907850982,146.2469150018361,146.8925020509231,171.9522958388469,0.0,0.0,0.0,1,1,0.0,0.0,0.0,20efe0f20ed4e6e9,18,0698e389d82513bc,7,False,0.3779644730092272,0.7200840128541524,0.27991598714584764,0.0,0.0,0.0,3.031080432746792
transition_signature,left_absorption_pressure|left_boundary_constructor|absorption_model_transfer|bare_variable_transfer|duplication_sensitive_transfer|left_boundary_transfer|TO|general_magma_pressure|general_residual_pressure|duplication_sensitive_transfer,7,1,7,7,multi_key_or_feature_law,residual_search_family,FALSE_OBSTRUCTION,needs_finite_countermodel_constructor,103798,15626,1.0,0.1907415059115485,0.4958122321776393,1.0,5609,10.0,10,35.659243774049585,35.90239936440475,114.3523112294964,115.47082168043384,144.4403757983883,145.32584806092757,170.2732673850829,0.0,0.0,0.0,1,1,0.0,0.0,0.0,8806d4e3bf449eff,15,9ef9db4814ac098c,17,False,0.24253562503633297,0.6591410312663499,0.34085896873365007,0.0,0.0,0.0,1.8826989444266198
transition_signature,right_absorption_pressure|right_boundary_constructor|absorption_model_transfer|bare_variable_transfer|duplication_sensitive_transfer|right_boundary_transfer|TO|general_magma_pressure|general_residual_pressure|duplication_sensitive_transfer,7,1,7,7,multi_key_or_feature_law,residual_search_family,FALSE_OBSTRUCTION,needs_finite_countermodel_constructor,102358,15043,1.0,0.1903313043284787,0.4929318357862122,1.0,5617,10.0,10,35.59949572748494,35.711752965091655,114.15148013455132,115.45455145426774,144.1954333184725,145.3107364738884,170.2441857030724,0.0,0.0,0.0,1,1,0.0,0.0,0.0,1c12e8a51fca8b8d,15,9ef9db4814ac098c,17,False,0.24253562503633297,0.6591410312663499,0.34085896873365007,0.0,0.0,0.0,1.8826989444266198
transition_signature,right_boundary_weak_pressure|right_boundary_constructor|duplication_sensitive_transfer|right_boundary_transfer|TO|left_absorption_pressure|left_boundary_constructor|absorption_model_transfer|bare_variable_transfer|duplication_sensitive_transfer|left_boundary_transfer,7,1,7,7,multi_key_or_feature_law,residual_search_family,FALSE_OBSTRUCTION,needs_finite_countermodel_constructor,29609,4560,1.0,0.2494464867222267,0.4871382636655949,1.0,1664,11.0,11,32.41239592084583,32.804841806527804,114.71766282892536,115.93707103401402,141.76393971670456,143.26622161569273,166.95929674518754,0.0,0.0,0.0,1,1,0.0,0.0,0.0,3ad2982094da0205,15,9ef9db4814ac098c,17,False,0.24253562503633297,0.6591410312663499,0.34085896873365007,0.0,0.0,0.0,1.8826989444266198
transition_signature,left_boundary_weak_pressure|left_boundary_constructor|duplication_sensitive_transfer|left_boundary_transfer|TO|right_absorption_pressure|right_boundary_constructor|absorption_model_transfer|bare_variable_transfer|duplication_sensitive_transfer|right_boundary_transfer,7,1,7,7,multi_key_or_feature_law,residual_search_family,FALSE_OBSTRUCTION,needs_finite_countermodel_constructor,30670,4561,1.0,0.246592535225111,0.489294710327456,1.0,1705,11.0,11,32.59317166215946,32.788011251754625,114.97657129600688,115.67810106655168,142.17072169374595,143.0532817572482,166.78156232737578,0.0,0.0,0.0,1,1,0.0,0.0,0.0,4555e3988b351067,15,9ef9db4814ac098c,17,False,0.24253562503633297,0.6591410312663499,0.34085896873365007,0.0,0.0,0.0,1.8826989444266198
transition_signature,left_boundary_preservation_pressure|left_boundary_constructor|bare_variable_transfer|duplication_sensitive_transfer|left_boundary_transfer|TO|internal_anchor_pressure|expansion_pressure|bare_variable_transfer|duplication_sensitive_transfer,7,1,7,7,multi_key_or_feature_law,residual_search_family,FALSE_OBSTRUCTION,needs_finite_countermodel_constructor,166364,24723,1.0,0.2130050341528256,0.494682108248641,1.0,9307,9.0,9,34.95387197408898,35.114218870206635,109.99242739256164,111.46872418288518,139.804368381566,141.04449724724745,166.46364440435357,0.0,0.0,0.0,1,1,0.0,0.0,0.0,5e0f8d91d335a30b,11,ff6de053892901bc,19,False,0.22941573387056174,0.6532370802417529,0.34676291975824713,0.0,0.0,0.0,1.7750026959764467
transition_signature,right_boundary_preservation_pressure|right_boundary_constructor|bare_variable_transfer|duplication_sensitive_transfer|right_boundary_transfer|TO|internal_anchor_pressure|expansion_pressure|bare_variable_transfer|duplication_sensitive_transfer,7,1,7,7,multi_key_or_feature_law,residual_search_family,FALSE_OBSTRUCTION,needs_finite_countermodel_constructor,165896,24351,1.0,0.2128073017889161,0.4938115837539053,1.0,9174,9.0,9,34.94170271727192,35.05409851754672,109.94212706599956,111.12675591786476,139.73762924441374,140.6793871763721,166.09571727760368,0.0,0.0,0.0,1,1,0.0,0.0,0.0,b905220881aa3a5f,19,0ad55242b8f34fde,4,False,0.5,0.775,0.22499999999999998,0.0,0.0,0.0,4.120913721630244
named_basin+constructor_family,trivialization_escape_obstruction || proof_template_constraint_preservation_family,7,1,7,7,trivialization_escape_obstruction,proof_template_constraint_preservation_family,TRUE_ROUTE,needs_lean_proof_template,1057594,189581,1.0,0.2213962212748634,0.4987003446911906,1.0,67685,7.0,7,35.33695095153551,36.1364241694186,101.92519893979566,105.51605194543455,133.01628743896015,137.21379592019468,164.48251164897692,0.0,0.0,0.0,1,1,0.0,0.0,0.0,656b0e393f431604,76,656b0e393f431604,2,True,0.7071067811865475,0.8681980515339465,0.13180194846605353,0.0,0.0,0.0,6.082420634702476
named_basin+source_route,trivialization_escape_obstruction || collapse_to_trivial_or_singleton,7,1,7,7,trivialization_escape_obstruction,proof_template_constraint_preservation_family,TRUE_ROUTE,needs_lean_proof_template,1057594,189581,1.0,0.2215914301187019,0.4976902864892354,1.0,67685,7.0,7,35.33695095153551,36.1364241694186,101.9413933441522,105.50392877234204,133.03248184331667,137.20167274710215,164.4703884758844,0.0,0.0,0.0,1,1,0.0,0.0,0.0,426605ba8fc2478f,77,426605ba8fc2478f,1,True,1.0,1.0,0.0,0.0,0.0,0.0,9.079441541679836
named_basin,trivialization_escape_obstruction,7,1,7,7,trivialization_escape_obstruction,proof_template_constraint_preservation_family,TRUE_ROUTE,needs_lean_proof_template,1057594,189581,1.0,0.2214380048360365,0.4976408430807482,1.0,67685,7.0,7,35.33695095153551,36.1364241694186,101.92844783795144,105.44365307493796,133.01953633711597,137.14139704969807,164.4101127784803,0.0,0.0,0.0,1,1,0.0,0.0,0.0,92448c58e330f88c,76,656b0e393f431604,2,False,0.7071067811865475,0.8681980515339465,0.13180194846605353,0.0,0.0,0.0,6.082420634702476
constructor_family,proof_template_constraint_preservation_family,7,1,7,7,multi_key_or_feature_law,proof_template_constraint_preservation_family,TRUE_ROUTE,needs_lean_proof_template,1057594,189581,1.0,0.2215214366897679,0.4963325668067559,1.0,67685,7.0,7,35.33695095153551,36.1364241694186,101.9351885735632,105.38007795163216,133.0262770727277,137.07782192639226,164.3465376551745,0.0,0.0,0.0,1,1,0.0,0.0,0.0,8dc802e33a9a5d5f,75,8dc802e33a9a5d5f,1,True,1.0,1.0,0.0,0.0,0.0,0.0,9.079441541679836
named_basin+source_mercury,trivialization_escape_obstruction || bare_variable_elimination_transfer|bare_variable_transfer|duplication_sensitive_transfer,7,1,7,7,trivialization_escape_obstruction,proof_template_constraint_preservation_family,TRUE_ROUTE,needs_lean_proof_template,1026509,184001,1.0,0.2211596029822806,0.4982732602008242,1.0,65863,7.0,7,35.244662310685456,36.043962942253344,101.65032496530576,105.18352280475128,132.6585588022451,136.7984861354403,164.03736910107438,0.0,0.0,0.0,1,1,0.0,0.0,0.0,732c650035e833df,27,732c650035e833df,9,True,0.3333333333333333,0.7000000000000001,0.29999999999999993,0.0,0.0,0.0,2.6453539091394545
transition_signature,right_boundary_preservation_pressure|right_boundary_constructor|bare_variable_transfer|duplication_sensitive_transfer|right_boundary_transfer|TO|isolated_variable_trivialization_pressure|collapse_to_trivial_or_singleton|bare_variable_elimination_transfer|bare_variable_transfer|duplication_sensitive_transfer,7,1,7,7,multi_key_or_feature_law,residual_search_family,FALSE_OBSTRUCTION,needs_finite_countermodel_constructor,145075,21199,1.0,0.2113160958260283,0.4927944002195993,1.0,7663,9.0,9,34.296145711600545,34.38697249387977,108.348577853354,109.6874848943164,137.5700392593311,138.7021634985581,163.9843842289787,0.0,0.0,0.0,1,1,0.0,0.0,0.0,61682056200fcbe1,18,0698e389d82513bc,7,False,0.3779644730092272,0.7200840128541524,0.27991598714584764,0.0,0.0,0.0,3.031080432746792
transition_signature,left_boundary_preservation_pressure|left_boundary_constructor|bare_variable_transfer|duplication_sensitive_transfer|left_boundary_transfer|TO|isolated_variable_trivialization_pressure|collapse_to_trivial_or_singleton|bare_variable_elimination_transfer|bare_variable_transfer|duplication_sensitive_transfer,7,1,7,7,multi_key_or_feature_law,residual_search_family,FALSE_OBSTRUCTION,needs_finite_countermodel_constructor,143358,21085,1.0,0.21261257342853,0.4935167615433269,1.0,7790,9.0,9,34.24661230395769,34.37650062357442,108.33175049324208,109.50580916978404,137.52445344111993,138.44352574265469,163.71384070379187,0.0,0.0,0.0,1,1,0.0,0.0,0.0,a95a742e8076abee,18,0698e389d82513bc,7,False,0.3779644730092272,0.7200840128541524,0.27991598714584764,0.0,0.0,0.0,3.031080432746792
transition_signature,left_boundary_preservation_pressure|left_boundary_constructor|bare_variable_transfer|duplication_sensitive_transfer|left_boundary_transfer|TO|general_magma_pressure|general_residual_pressure|duplication_sensitive_transfer,7,1,7,7,multi_key_or_feature_law,residual_search_family,FALSE_OBSTRUCTION,needs_finite_countermodel_constructor,125780,18879,1.0,0.212635462128441,0.4924154025670946,1.0,6945,9.0,9,33.75112441919733,33.9483316303108,106.9056711631737,108.1360478400332,135.66930937715352,136.66354294479785,161.80304823165247,0.0,0.0,0.0,1,1,0.0,0.0,0.0,2b16cc474c3a9b0c,11,ff6de053892901bc,19,False,0.22941573387056174,0.6532370802417529,0.34676291975824713,0.0,0.0,0.0,1.7750026959764467
transition_signature,right_boundary_preservation_pressure|right_boundary_constructor|bare_variable_transfer|duplication_sensitive_transfer|right_boundary_transfer|TO|general_magma_pressure|general_residual_pressure|duplication_sensitive_transfer,7,1,7,7,multi_key_or_feature_law,residual_search_family,FALSE_OBSTRUCTION,needs_finite_countermodel_constructor,125341,18633,1.0,0.2122618160716171,0.4933489827856026,1.0,6870,9.0,9,33.73418770952791,33.90509598654045,106.83769273883703,108.04578103000968,135.58317772197736,136.62242509761657,161.75843408626517,0.0,0.0,0.0,1,1,0.0,0.0,0.0,45b96fe5fc408120,15,9ef9db4814ac098c,17,False,0.24253562503633297,0.6591410312663499,0.34085896873365007,0.0,0.0,0.0,1.8826989444266198
coarse_pair_hash,1ecaffc6b5e6ed2c,7,1,7,7,multi_key_or_feature_law,residual_search_family,FALSE_OBSTRUCTION,needs_finite_countermodel_constructor,111706,16428,1.0,0.372948171149346,0.494914971657219,1.0,6127,8.0,8,30.410146762210086,30.51555633609584,106.29418494573584,107.06803055365496,132.48939395476123,133.3400925176813,158.36093487703457,0.0,0.0,0.0,1,1,0.0,0.0,0.0,49f058f1238f519b,16,66459d4873da67ca,16,False,0.25,0.6625000000000001,0.3374999999999999,0.0,0.0,0.0,1.9442571875786836
transition_signature,left_boundary_weak_pressure|left_boundary_constructor|duplication_sensitive_transfer|left_boundary_transfer|TO|internal_anchor_pressure|expansion_pressure|bare_variable_transfer|duplication_sensitive_transfer,7,1,7,7,multi_key_or_feature_law,residual_search_family,FALSE_OBSTRUCTION,needs_finite_countermodel_constructor,97408,14218,1.0,0.2127637360511182,0.4944952222683838,1.0,5394,9.0,9,32.7023198812352,32.806052325419465,104.12537224082728,105.26341253916368,131.97586262075924,132.85916511424068,157.7430467104657,0.0,0.0,0.0,1,1,0.0,0.0,0.0,fad82ea293fe62d0,19,0ad55242b8f34fde,4,False,0.5,0.775,0.22499999999999998,0.0,0.0,0.0,4.120913721630244
transition_signature,right_boundary_weak_pressure|right_boundary_constructor|duplication_sensitive_transfer|right_boundary_transfer|TO|internal_anchor_pressure|expansion_pressure|bare_variable_transfer|duplication_sensitive_transfer,7,1,7,7,multi_key_or_feature_law,residual_search_family,FALSE_OBSTRUCTION,needs_finite_countermodel_constructor,96160,14321,1.0,0.2114618989655141,0.4904016538688718,1.0,5335,9.0,9,32.647899212592165,32.82285706032736,103.8715790829142,104.69041659164074,131.67587294657167,132.1680905687137,157.0390774261623,0.0,0.0,0.0,1,1,0.0,0.0,0.0,da8f7c9fdc453413,19,0ad55242b8f34fde,4,False,0.5,0.775,0.22499999999999998,0.0,0.0,0.0,4.120913721630244
transition_signature,left_boundary_weak_pressure|left_boundary_constructor|duplication_sensitive_transfer|left_boundary_transfer|TO|isolated_variable_trivialization_pressure|collapse_to_trivial_or_singleton|bare_variable_elimination_transfer|bare_variable_transfer|duplication_sensitive_transfer,7,1,7,7,multi_key_or_feature_law,residual_search_family,FALSE_OBSTRUCTION,needs_finite_countermodel_constructor,83767,12365,1.0,0.2131613734190832,0.4943752991862135,1.0,4619,9.0,9,32.01247524527596,32.14355778263868,102.51475764648524,103.70044951170362,129.77062479430143,130.72364580067415,155.45665986104063,0.0,0.0,0.0,1,1,0.0,0.0,0.0,d558d177dd78ab32,18,0698e389d82513bc,7,False,0.3779644730092272,0.7200840128541524,0.27991598714584764,0.0,0.0,0.0,3.031080432746792
transition_signature,right_boundary_weak_pressure|right_boundary_constructor|duplication_sensitive_transfer|right_boundary_transfer|TO|isolated_variable_trivialization_pressure|collapse_to_trivial_or_singleton|bare_variable_elimination_transfer|bare_variable_transfer|duplication_sensitive_transfer,7,1,7,7,multi_key_or_feature_law,residual_search_family,FALSE_OBSTRUCTION,needs_finite_countermodel_constructor,84740,12543,1.0,0.2109324347731874,0.4932851239669421,1.0,4550,9.0,9,32.062472879341776,32.21477360144129,102.44855767453296,103.47400353683145,129.73334042651396,130.4315554667272,155.17611800003974,0.0,0.0,0.0,1,1,0.0,0.0,0.0,7b3c0e264d739c4b,18,0698e389d82513bc,7,False,0.3779644730092272,0.7200840128541524,0.27991598714584764,0.0,0.0,0.0,3.031080432746792
transition_signature,left_boundary_preservation_pressure|left_boundary_constructor|bare_variable_transfer|duplication_sensitive_transfer|left_boundary_transfer|TO|left_absorption_pressure|left_boundary_constructor|absorption_model_transfer|bare_variable_transfer|duplication_sensitive_transfer|left_boundary_transfer,7,1,7,7,multi_key_or_feature_law,residual_search_family,FALSE_OBSTRUCTION,needs_finite_countermodel_constructor,51181,7694,1.0,0.3075319819363559,0.4923702950152594,1.0,2803,9.0,9,30.08027683754952,30.30256271987242,104.68727141270833,105.16073483731005,130.24472923842094,130.84931759032423,155.08966848543844,0.0,0.0,0.0,1,1,0.0,0.0,0.0,2e904ef841da5ecd,11,ff6de053892901bc,19,False,0.22941573387056174,0.6532370802417529,0.34676291975824713,0.0,0.0,0.0,1.7750026959764467
transition_signature,right_boundary_preservation_pressure|right_boundary_constructor|bare_variable_transfer|duplication_sensitive_transfer|right_boundary_transfer|TO|right_absorption_pressure|right_boundary_constructor|absorption_model_transfer|bare_variable_transfer|duplication_sensitive_transfer|right_boundary_transfer,7,1,7,7,multi_key_or_feature_law,residual_search_family,FALSE_OBSTRUCTION,needs_finite_countermodel_constructor,50295,7573,1.0,0.3086057931651642,0.4978753541076487,1.0,2853,9.0,9,30.00973609404724,30.229159445710103,104.57636995760434,104.91368727770872,130.08960289100995,130.49341225387664,154.71630079233873,0.0,0.0,0.0,1,1,0.0,0.0,0.0,b9a4abb3bde0745e,15,9ef9db4814ac098c,17,False,0.24253562503633297,0.6591410312663499,0.34085896873365007,0.0,0.0,0.0,1.8826989444266198
transition_signature,right_boundary_weak_pressure|right_boundary_constructor|duplication_sensitive_transfer|right_boundary_transfer|TO|general_magma_pressure|general_residual_pressure|duplication_sensitive_transfer,7,1,7,7,multi_key_or_feature_law,residual_search_family,FALSE_OBSTRUCTION,needs_finite_countermodel_constructor,72875,11111,1.0,0.2131825008966557,0.4960828203693341,1.0,4137,9.0,9,31.503135916791475,31.785561175814145,100.98891986225826,102.07171890585964,127.80752863127802,128.5923972123468,153.18611956643156,0.0,0.0,0.0,1,1,0.0,0.0,0.0,56c825e7b91a4123,26,56c825e7b91a4123,6,True,0.4082482904638631,0.7337117307087384,0.2662882692912616,0.0,0.0,0.0,3.296780397361731
transition_signature,left_boundary_weak_pressure|left_boundary_constructor|duplication_sensitive_transfer|left_boundary_transfer|TO|general_magma_pressure|general_residual_pressure|duplication_sensitive_transfer,7,1,7,7,multi_key_or_feature_law,residual_search_family,FALSE_OBSTRUCTION,needs_finite_countermodel_constructor,72102,10593,1.0,0.2121270109045641,0.4942956349206349,1.0,4006,9.0,9,31.456649048752105,31.57269400410581,100.79067153245076,101.90521381001204,127.55817545843064,128.39967610396096,152.9827347436441,0.0,0.0,0.0,1,1,0.0,0.0,0.0,f66bc85b4c2e9ca9,26,56c825e7b91a4123,6,False,0.4082482904638631,0.7337117307087384,0.2662882692912616,0.0,0.0,0.0,3.296780397361731
transition_signature,general_magma_pressure|general_residual_pressure|duplication_sensitive_transfer|TO|shape_preservation_pressure|shape_quotient_constructor|duplication_sensitive_transfer|shape_preserving_renaming_transfer,5,1,6,5,multi_key_or_feature_law,residual_search_family,TRUE_LEANING_RESIDUAL,named_residual_requires_split,49855,14620,0.9470566300594786,0.2618929446347725,0.4409448818897639,0.8907691578975733,5154,7.4,9,28.54110411740749,33.580253758144444,81.33718526165373,101.5829047601474,105.83336793596824,129.83280690770522,152.28080585676864,0.0,0.0,0.0,1,1,0.0,0.0,0.0,409631361c0c5447,25,409631361c0c5447,4,True,0.5,0.775,0.22499999999999998,0.0,0.0,0.0,4.120913721630244
transition_signature,shape_preservation_pressure|shape_quotient_constructor|duplication_sensitive_transfer|shape_preserving_renaming_transfer|TO|isolated_variable_trivialization_pressure|collapse_to_trivial_or_singleton|bare_variable_elimination_transfer|bare_variable_transfer|duplication_sensitive_transfer,7,1,7,7,multi_key_or_feature_law,residual_search_family,FALSE_OBSTRUCTION,needs_finite_countermodel_constructor,43182,6513,1.0,0.3067877828020707,0.494535519125683,1.0,2418,9.0,9,29.362512802975623,29.59323014572984,102.63929961484324,103.01484191539456,127.58468467883225,128.08317928149134,152.15358916815546,0.0,0.0,0.0,1,1,0.0,0.0,0.0,a14df553b2a2584d,24,a14df553b2a2584d,3,True,0.5773502691896258,0.8098076211353317,0.19019237886466833,0.0,0.0,0.0,4.837440865250368
source_mercury,duplication_sensitive_transfer|same_varset_substitution_transfer|two_sided_anchor_transfer,4,4,7,4,multi_key_or_feature_law,residual_search_family,FALSE_OBSTRUCTION,needs_finite_countermodel_constructor,49176,12744,0.99795692744097,0.1912691456743795,0.4784482758620689,0.969430491034147,2586,9.0,9,32.06133123404912,32.17040713227623,100.7648739702706,102.55263321128427,127.94427069823074,129.90026554558872,151.65892789436458,0.0,0.0,0.0,1,1,0.0,0.0,0.0,da290c521731f370,23,da290c521731f370,2,True,0.7071067811865475,0.8681980515339465,0.13180194846605353,0.0,0.0,0.0,6.082420634702476
source_constraint,two_sided_boundary_weak_pressure|boundary_signature_constructor|duplication_sensitive_transfer|same_varset_substitution_transfer|two_sided_anchor_transfer,4,4,7,4,multi_key_or_feature_law,residual_search_family,FALSE_OBSTRUCTION,needs_finite_countermodel_constructor,49176,12744,0.99795692744097,0.1908961695855318,0.475735294117647,0.969430491034147,2586,9.0,9,32.06133123404912,32.17040713227623,100.73306556913056,102.45296999142774,127.91246229709068,129.80060232573217,151.55926467450803,0.0,0.0,0.0,1,1,0.0,0.0,0.0,5aff79b213cd2fb8,23,da290c521731f370,2,False,0.7071067811865475,0.8681980515339465,0.13180194846605353,0.0,0.0,0.0,6.082420634702476
transition_signature,right_boundary_preservation_pressure|right_boundary_constructor|bare_variable_transfer|duplication_sensitive_transfer|right_boundary_transfer|TO|left_boundary_preservation_pressure|left_boundary_constructor|bare_variable_transfer|duplication_sensitive_transfer|left_boundary_transfer,7,1,7,7,multi_key_or_feature_law,residual_search_family,FALSE_OBSTRUCTION,needs_finite_countermodel_constructor,65114,9650,1.0,0.211219565919444,0.4912979351032448,1.0,3588,9.0,9,31.06061512572798,31.222447447180016,99.60913059124648,100.7053004396643,126.02500236693392,126.99479480351393,151.47591272831494,0.0,0.0,0.0,1,1,0.0,0.0,0.0,dd6ed1f06ac08bf2,11,ff6de053892901bc,19,False,0.22941573387056174,0.6532370802417529,0.34676291975824713,0.0,0.0,0.0,1.7750026959764467
transition_signature,left_boundary_preservation_pressure|left_boundary_constructor|bare_variable_transfer|duplication_sensitive_transfer|left_boundary_transfer|TO|right_boundary_preservation_pressure|right_boundary_constructor|bare_variable_transfer|duplication_sensitive_transfer|right_boundary_transfer,7,1,7,7,multi_key_or_feature_law,residual_search_family,FALSE_OBSTRUCTION,needs_finite_countermodel_constructor,65847,9865,1.0,0.2128833570813402,0.4946686976389947,1.0,3644,9.0,9,31.105066360254067,31.306781900131263,99.8591996056472,100.59616687810755,126.31613145987951,126.75891992982764,151.25123197287928,0.0,0.0,0.0,1,1,0.0,0.0,0.0,a50f4b3f1bbfabdb,11,ff6de053892901bc,19,False,0.22941573387056174,0.6532370802417529,0.34676291975824713,0.0,0.0,0.0,1.7750026959764467
transition_signature,right_boundary_weak_pressure|right_boundary_constructor|duplication_sensitive_transfer|right_boundary_transfer|TO|right_boundary_preservation_pressure|right_boundary_constructor|bare_variable_transfer|duplication_sensitive_transfer|right_boundary_transfer,7,1,7,7,multi_key_or_feature_law,residual_search_family,FALSE_OBSTRUCTION,needs_finite_countermodel_constructor,37785,5691,1.0,0.3052519849122678,0.4948822927328556,1.0,2090,9.0,9,28.831858905498443,29.05894721077503,100.94704999389846,101.4105430421225,125.42154183781749,126.0599669588912,149.99686860992364,0.0,0.0,0.0,1,1,0.0,0.0,0.0,049368a319b1a004,32,049368a319b1a004,1,True,1.0,1.0,0.0,0.0,0.0,0.0,9.079441541679836
transition_signature,left_boundary_weak_pressure|left_boundary_constructor|duplication_sensitive_transfer|left_boundary_transfer|TO|left_boundary_preservation_pressure|left_boundary_constructor|bare_variable_transfer|duplication_sensitive_transfer|left_boundary_transfer,7,1,7,7,multi_key_or_feature_law,residual_search_family,FALSE_OBSTRUCTION,needs_finite_countermodel_constructor,37303,5544,1.0,0.3055977328033958,0.4897214854111406,1.0,2094,9.0,9,28.77973408656834,28.9595870319174,100.8272485248265,101.42647720299634,125.2623445212167,125.91483461044363,149.838898157331,0.0,0.0,0.0,1,1,0.0,0.0,0.0,f81fc4a260c67530,11,ff6de053892901bc,19,False,0.22941573387056174,0.6532370802417529,0.34676291975824713,0.0,0.0,0.0,1.7750026959764467
coarse_pair_hash,378a7bf93550fe6c,7,1,7,7,multi_key_or_feature_law,residual_search_family,FALSE_OBSTRUCTION,needs_finite_countermodel_constructor,59254,9009,1.0,0.3724615601618216,0.4935643564356435,1.0,3130,8.0,8,27.934965620302133,28.17766541653052,99.29304257621412,100.09260693359003,123.29597090701785,124.2186634751104,148.6054766271321,0.0,0.0,0.0,1,1,0.0,0.0,0.0,13e6fc0c5d4131db,16,66459d4873da67ca,16,False,0.25,0.6625000000000001,0.3374999999999999,0.0,0.0,0.0,1.9442571875786836
transition_signature,right_absorption_pressure|right_boundary_constructor|absorption_model_transfer|bare_variable_transfer|duplication_sensitive_transfer|right_boundary_transfer|TO|left_boundary_preservation_pressure|left_boundary_constructor|bare_variable_transfer|duplication_sensitive_transfer|left_boundary_transfer,7,1,7,7,multi_key_or_feature_law,residual_search_family,FALSE_OBSTRUCTION,needs_finite_countermodel_constructor,52876,7687,1.0,0.2116740715145317,0.4957782672540382,1.0,3030,9.0,9,30.167845108578927,30.24621426423352,97.3768858823261,98.48827940701908,123.038817857248,123.97861667263676,148.2515481217283,0.0,0.0,0.0,1,1,0.0,0.0,0.0,8880b5cbad5e17c9,15,9ef9db4814ac098c,17,False,0.24253562503633297,0.6591410312663499,0.34085896873365007,0.0,0.0,0.0,1.8826989444266198
transition_signature,left_absorption_pressure|left_boundary_constructor|absorption_model_transfer|bare_variable_transfer|duplication_sensitive_transfer|left_boundary_transfer|TO|right_boundary_preservation_pressure|right_boundary_constructor|bare_variable_transfer|duplication_sensitive_transfer|right_boundary_transfer,7,1,7,7,multi_key_or_feature_law,residual_search_family,FALSE_OBSTRUCTION,needs_finite_countermodel_constructor,53296,7859,1.0,0.2118108164660021,0.4904708520179373,1.0,2936,9.0,9,30.205426343181504,30.341556295341466,97.4697504671794,98.22434469476312,123.14427743876348,123.6450673422074,147.9259103739982,0.0,0.0,0.0,1,1,0.0,0.0,0.0,24973aa7d78bf25a,15,9ef9db4814ac098c,17,False,0.24253562503633297,0.6591410312663499,0.34085896873365007,0.0,0.0,0.0,1.8826989444266198
named_basin+source_route,new_variable_freedom_obstruction || left_boundary_constructor,7,1,7,7,new_variable_freedom_obstruction,free_variable_separating_countermodel_family,FALSE_LEANING_RESIDUAL,named_residual_requires_split,1026964,148968,0.9377328438950436,0.1432789468409414,0.4115335326783426,0.8853089291517409,56306,7.0,7,35.18353113129511,35.23393714001352,89.26899742254841,89.526351909664,119.63729025338576,119.91292512942854,146.8081780337687,0.0,0.0,0.0,1,1,0.0,0.0,0.0,7e86e5e35d1881c4,31,7e86e5e35d1881c4,2,True,0.7071067811865475,0.8681980515339465,0.13180194846605353,0.0,0.0,0.0,6.082420634702476
transition_signature,right_boundary_weak_pressure|right_boundary_constructor|duplication_sensitive_transfer|right_boundary_transfer|TO|right_absorption_pressure|right_boundary_constructor|absorption_model_transfer|bare_variable_transfer|duplication_sensitive_transfer|right_boundary_transfer,7,1,7,7,multi_key_or_feature_law,residual_search_family,FALSE_OBSTRUCTION,needs_finite_countermodel_constructor,29923,4621,1.0,0.3069640298046514,0.4907094594594594,1.0,1646,9.0,9,27.82745505364498,28.13667591600985,98.33460601695154,99.2131070938198,121.935043412498,122.94175074485052,146.64537456624197,0.0,0.0,0.0,1,1,0.0,0.0,0.0,60e8b03699181ccb,15,9ef9db4814ac098c,17,False,0.24253562503633297,0.6591410312663499,0.34085896873365007,0.0,0.0,0.0,1.8826989444266198
coarse_pair_hash,9d1beee885adf023,7,1,7,7,multi_key_or_feature_law,residual_search_family,FALSE_OBSTRUCTION,needs_finite_countermodel_constructor,76507,11292,1.0,0.2926317745882837,0.4928175403225806,1.0,4466,8.0,8,29.259448563686053,29.3796697111336,96.16079185094068,96.58773593818636,121.3350109898004,121.85702187453552,146.49938017244511,0.0,0.0,0.0,1,1,0.0,0.0,0.0,ad28e281675aa6d5,16,66459d4873da67ca,16,False,0.25,0.6625000000000001,0.3374999999999999,0.0,0.0,0.0,1.9442571875786836
route_basin_constructor_loop,collapse_to_trivial_or_singleton|right_boundary_constructor|trivialization_escape_obstruction|proof_template_constraint_preservation_family,7,1,7,7,multi_key_or_feature_law,residual_search_family,TRUE_ROUTE,needs_lean_proof_template,260971,46673,1.0,0.2221560955400232,0.4965369879162982,1.0,16560,7.0,7,30.48700582389821,31.278126148194417,90.01788052382577,93.27023840050713,116.76764274240936,120.60176712654908,146.47114323580473,0.0,0.0,0.0,1,1,0.0,0.0,0.0,8604d7280423b7c0,30,8604d7280423b7c0,4,True,0.5,0.775,0.22499999999999998,0.0,0.0,0.0,4.120913721630244
constructor_family+source_route+target_route,proof_template_constraint_preservation_family || collapse_to_trivial_or_singleton || right_boundary_constructor,7,1,7,7,multi_key_or_feature_law,proof_template_constraint_preservation_family,TRUE_ROUTE,needs_lean_proof_template,260971,46673,1.0,0.2208707277024608,0.4952844090775126,1.0,16560,7.0,7,30.48700582389821,31.278126148194417,89.92348803983903,93.24847784382033,116.6732502584226,120.58000656986226,146.44938267911792,0.0,0.0,0.0,1,1,0.0,0.0,0.0,4cd1db40eea099ff,28,4cd1db40eea099ff,4,True,0.5,0.775,0.22499999999999998,0.0,0.0,0.0,4.120913721630244
named_basin+target_route,trivialization_escape_obstruction || left_boundary_constructor,7,1,7,7,trivialization_escape_obstruction,proof_template_constraint_preservation_family,TRUE_ROUTE,needs_lean_proof_template,260764,46297,1.0,0.221296771129667,0.4957558139534883,1.0,16371,7.0,7,30.48691398963,31.2557364532026,89.94988916015775,93.2342883395193,116.69374364696198,120.57658171505012,146.445164321024,0.0,0.0,0.0,1,1,0.0,0.0,0.0,964739f7af331275,29,964739f7af331275,4,True,0.5,0.775,0.22499999999999998,0.0,0.0,0.0,4.120913721630244
constructor_family+source_route+target_route,proof_template_constraint_preservation_family || collapse_to_trivial_or_singleton || left_boundary_constructor,7,1,7,7,multi_key_or_feature_law,proof_template_constraint_preservation_family,TRUE_ROUTE,needs_lean_proof_template,260764,46297,1.0,0.2219618666175563,0.4982267441860465,1.0,16371,7.0,7,30.48691398963,31.2557364532026,89.99869749011269,93.20742608173842,116.74255197691694,120.54971945726923,146.41830206324312,0.0,0.0,0.0,1,1,0.0,0.0,0.0,3455e43ea8b8d2c6,28,4cd1db40eea099ff,4,False,0.5,0.775,0.22499999999999998,0.0,0.0,0.0,4.120913721630244
named_basin+target_mercury,trivialization_escape_obstruction || bare_variable_transfer|duplication_sensitive_transfer,7,1,7,7,trivialization_escape_obstruction,proof_template_constraint_preservation_family,TRUE_ROUTE,needs_lean_proof_template,252072,45785,1.0,0.2207936869371652,0.4956297754109747,1.0,16331,7.0,7,30.42841278415792,31.270945294538148,89.61518126551628,93.11669858198232,116.3140123241734,120.46256014415589,146.29724185963843,0.0,0.0,0.0,1,1,0.0,0.0,0.0,3a95fbcfc94b9e82,27,732c650035e833df,9,False,0.3333333333333333,0.7000000000000001,0.29999999999999993,0.0,0.0,0.0,2.6453539091394545
named_basin+target_route,trivialization_escape_obstruction || right_boundary_constructor,7,1,7,7,trivialization_escape_obstruction,proof_template_constraint_preservation_family,TRUE_ROUTE,needs_lean_proof_template,260971,46673,1.0,0.2205226837010874,0.4923752310536045,1.0,16560,7.0,7,30.48700582389821,31.278126148194417,89.89733079577009,93.07648153131662,116.64709301435369,120.40801025735855,146.27738636661422,0.0,0.0,0.0,1,1,0.0,0.0,0.0,3f8858ff80f44de9,29,964739f7af331275,4,False,0.5,0.775,0.22499999999999998,0.0,0.0,0.0,4.120913721630244
constructor_family+source_route+target_route,proof_template_constraint_preservation_family || collapse_to_trivial_or_singleton || expansion_pressure,7,1,7,7,multi_key_or_feature_law,proof_template_constraint_preservation_family,TRUE_ROUTE,needs_lean_proof_template,252072,45785,1.0,0.2209297381266671,0.4950219958323687,1.0,16331,7.0,7,30.42841278415792,31.270945294538148,89.62480633334482,93.06444780505358,116.32363739200194,120.41030936722711,146.24499108270967,0.0,0.0,0.0,1,1,0.0,0.0,0.0,68a21cf79810b9f2,28,4cd1db40eea099ff,4,False,0.5,0.775,0.22499999999999998,0.0,0.0,0.0,4.120913721630244
route_basin_constructor_loop,collapse_to_trivial_or_singleton|expansion_pressure|trivialization_escape_obstruction|proof_template_constraint_preservation_family,7,1,7,7,multi_key_or_feature_law,residual_search_family,TRUE_ROUTE,needs_lean_proof_template,252072,45785,1.0,0.2212787555386126,0.4956306306306306,1.0,16331,7.0,7,30.42841278415792,31.270945294538148,89.65034538624312,93.06053483362088,116.34917644490028,120.40639639579445,146.24107811127695,0.0,0.0,0.0,1,1,0.0,0.0,0.0,9d635ee3da6566c6,30,8604d7280423b7c0,4,False,0.5,0.775,0.22499999999999998,0.0,0.0,0.0,4.120913721630244
named_basin+target_route,trivialization_escape_obstruction || expansion_pressure,7,1,7,7,trivialization_escape_obstruction,proof_template_constraint_preservation_family,TRUE_ROUTE,needs_lean_proof_template,252072,45785,1.0,0.220838840870078,0.4970189858763603,1.0,16331,7.0,7,30.42841278415792,31.270945294538148,89.61832237737273,93.04539170725312,116.31715343602988,120.39125326942666,146.22593498490917,0.0,0.0,0.0,1,1,0.0,0.0,0.0,4f098019a9df60b9,29,964739f7af331275,4,False,0.5,0.775,0.22499999999999998,0.0,0.0,0.0,4.120913721630244
route_basin_constructor_loop,collapse_to_trivial_or_singleton|left_boundary_constructor|trivialization_escape_obstruction|proof_template_constraint_preservation_family,7,1,7,7,multi_key_or_feature_law,residual_search_family,TRUE_ROUTE,needs_lean_proof_template,260764,46297,1.0,0.2209934893524184,0.4933430232558139,1.0,16371,7.0,7,30.48691398963,31.2557364532026,89.92637612500302,92.87032594190984,116.67023061180726,120.21261931744068,146.08120192341454,0.0,0.0,0.0,1,1,0.0,0.0,0.0,0fe7f1126919cdb9,30,8604d7280423b7c0,4,False,0.5,0.775,0.22499999999999998,0.0,0.0,0.0,4.120913721630244
transition_signature,left_boundary_weak_pressure|left_boundary_constructor|duplication_sensitive_transfer|left_boundary_transfer|TO|left_absorption_pressure|left_boundary_constructor|absorption_model_transfer|bare_variable_transfer|duplication_sensitive_transfer|left_boundary_transfer,7,1,7,7,multi_key_or_feature_law,residual_search_family,FALSE_OBSTRUCTION,needs_finite_countermodel_constructor,29246,4418,1.0,0.30713454183885,0.4911317567567568,1.0,1647,9.0,9,27.724276079752084,27.948555388887737,98.07879374033978,98.6470459996634,121.60405634420466,122.34249261189676,146.0232326035933,0.0,0.0,0.0,1,1,0.0,0.0,0.0,24b048d48880db09,15,9ef9db4814ac098c,17,False,0.24253562503633297,0.6591410312663499,0.34085896873365007,0.0,0.0,0.0,1.8826989444266198
mercury_basin_loop,bare_variable_elimination_transfer|bare_variable_transfer|duplication_sensitive_transfer|bare_variable_transfer|duplication_sensitive_transfer|trivialization_escape_obstruction,7,1,7,7,multi_key_or_feature_law,residual_search_family,TRUE_ROUTE,needs_lean_proof_template,244839,44429,1.0,0.2221722880946879,0.4952145999286649,1.0,15909,7.0,7,30.339581042310375,31.179080152037933,89.46766151281147,92.913428893456,116.0867686898656,120.17647839077654,145.98204631414072,0.0,0.0,0.0,1,1,0.0,0.0,0.0,04e8d4ed28d37244,20,a14ba09511145267,6,False,0.4082482904638631,0.7337117307087384,0.2662882692912616,0.0,0.0,0.0,3.296780397361731
constructor_family+source_mercury+target_mercury,proof_template_constraint_preservation_family || bare_variable_elimination_transfer|bare_variable_transfer|duplication_sensitive_transfer || bare_variable_transfer|duplication_sensitive_transfer,7,1,7,7,multi_key_or_feature_law,proof_template_constraint_preservation_family,TRUE_ROUTE,needs_lean_proof_template,244839,44429,1.0,0.2217871740261002,0.4968790869099988,1.0,15909,7.0,7,30.339581042310375,31.179080152037933,89.43914027335371,92.816952547589,116.05824745040786,120.08000204490952,145.88556996827373,0.0,0.0,0.0,1,1,0.0,0.0,0.0,8111733277d40b92,35,8111733277d40b92,8,True,0.35355339059327373,0.7090990257669733,0.29090097423302674,0.0,0.0,0.0,2.819235721576728
named_basin+source_route,new_variable_freedom_obstruction || right_boundary_constructor,6,1,7,6,new_variable_freedom_obstruction,free_variable_separating_countermodel_family,FALSE_LEANING_RESIDUAL,named_residual_requires_split,878078,148345,0.937066402858305,0.1436335257092354,0.4094823892364384,0.8878548373021898,48165,7.0,7,35.17559358494718,35.22303104749084,89.21416746580041,89.36756828313469,119.58706458428472,119.77740310066407,145.8560102036377,0.0,0.0,0.0,1,1,0.0,0.0,0.0,0699144467528f23,31,7e86e5e35d1881c4,2,False,0.7071067811865475,0.8681980515339465,0.13180194846605353,0.0,0.0,0.0,6.082420634702476
transition_signature,isolated_variable_trivialization_pressure|collapse_to_trivial_or_singleton|bare_variable_elimination_transfer|bare_variable_transfer|duplication_sensitive_transfer|TO|internal_anchor_pressure|expansion_pressure|bare_variable_transfer|duplication_sensitive_transfer,7,1,7,7,multi_key_or_feature_law,residual_search_family,TRUE_ROUTE,needs_lean_proof_template,244839,44429,1.0,0.2209825143883262,0.4939974726200505,1.0,15909,7.0,7,30.339581042310375,31.179080152037933,89.38018206874976,92.74264004037,115.9992892458039,120.00568953769051,145.8112574610547,0.0,0.0,0.0,1,1,0.0,0.0,0.0,444ef2a906420f56,17,ddfa6069a843764b,11,False,0.30151134457776363,0.6856801050599937,0.31431989494000634,0.0,0.0,0.0,2.374657450412351
named_basin+target_mercury,new_variable_freedom_obstruction || bare_variable_transfer|duplication_sensitive_transfer,7,1,7,7,new_variable_freedom_obstruction,free_variable_separating_countermodel_family,FALSE_LEANING_RESIDUAL,named_residual_requires_split,645505,93650,0.9556084002098372,0.1606503793352766,0.4497338852749851,0.9170692821756036,35244,7.0,7,33.612749213504465,33.66828814963947,88.74931165703728,89.31022598877223,117.86753202633828,118.31451402601124,144.84071936528298,0.0,0.0,0.0,1,1,0.0,0.0,0.0,18cfa3157ae41aca,9,18cfa3157ae41aca,4,True,0.5,0.775,0.22499999999999998,0.0,0.0,0.0,4.120913721630244
named_basin+target_route,new_variable_freedom_obstruction || expansion_pressure,7,1,7,7,new_variable_freedom_obstruction,free_variable_separating_countermodel_family,FALSE_LEANING_RESIDUAL,named_residual_requires_split,645505,93650,0.9556084002098372,0.1610659311343638,0.4477010644589,0.9170692821756036,35244,7.0,7,33.612749213504465,33.66828814963947,88.78138725687086,89.23708582693662,117.89960762617186,118.2759942171907,144.8021995564624,0.0,0.0,0.0,1,1,0.0,0.0,0.0,ef44c416dae204d8,34,ef44c416dae204d8,1,True,1.0,1.0,0.0,0.0,0.0,0.0,9.079441541679836
source_constraint,right_boundary_weak_pressure|right_boundary_constructor|duplication_sensitive_transfer|right_boundary_transfer|same_varset_substitution_transfer,5,3,7,5,multi_key_or_feature_law,residual_search_family,FALSE_OBSTRUCTION,needs_finite_countermodel_constructor,35753,7292,0.9985030850018728,0.1985018608308849,0.4844290657439446,0.9769063180827888,1943,8.8,9,29.41303184209845,29.952390241540616,93.54981260658715,96.77988172524988,118.51941077195424,122.18527381267202,144.55920754303568,0.0,0.0,0.0,1,1,0.0,0.0,0.0,236047460477832d,33,236047460477832d,4,True,0.5,0.775,0.22499999999999998,0.0,0.0,0.0,4.120913721630244
source_mercury,duplication_sensitive_transfer|right_boundary_transfer|same_varset_substitution_transfer,5,3,7,5,multi_key_or_feature_law,residual_search_family,FALSE_OBSTRUCTION,needs_finite_countermodel_constructor,35753,7292,0.9985030850018728,0.1987825822385175,0.4922145328719722,0.9769063180827888,1943,8.8,9,29.41303184209845,29.952390241540616,93.56486717118764,96.74343002557046,118.53446533655472,122.16851191654784,144.5424456469115,0.0,0.0,0.0,1,1,0.0,0.0,0.0,13a7a437ec8b5c90,33,236047460477832d,4,False,0.5,0.775,0.22499999999999998,0.0,0.0,0.0,4.120913721630244
coarse_pair_hash,d5d3cc9878936734,7,1,7,7,multi_key_or_feature_law,residual_search_family,FALSE_OBSTRUCTION,needs_finite_countermodel_constructor,43540,6674,1.0,0.3751631344380587,0.4928500986193294,1.0,2492,8.0,8,26.80937443307057,27.085236057520117,96.0956339878004,97.11831170755246,119.14044074966289,120.38899025351168,144.46765626382197,0.0,0.0,0.0,1,1,0.0,0.0,0.0,ea4eb59543458ed1,16,66459d4873da67ca,16,False,0.25,0.6625000000000001,0.3374999999999999,0.0,0.0,0.0,1.9442571875786836
coarse_pair_hash,50533e47592bedce,7,1,7,7,multi_key_or_feature_law,residual_search_family,FALSE_OBSTRUCTION,needs_finite_countermodel_constructor,44607,6650,1.0,0.3734077576607392,0.4908536585365853,1.0,2420,8.0,8,26.899871215734574,27.060759322329258,96.24326462358168,97.12891918764888,119.34160614171408,120.32251755477851,144.42539375729788,0.0,0.0,0.0,1,1,0.0,0.0,0.0,9fe3dcd462c396bd,16,66459d4873da67ca,16,False,0.25,0.6625000000000001,0.3374999999999999,0.0,0.0,0.0,1.9442571875786836
coarse_pair_hash,50adb9a698493447,7,1,7,7,multi_key_or_feature_law,residual_search_family,TRUE_ROUTE,needs_lean_proof_template,57527,10574,0.9929953998660316,0.2859791506482794,0.4895196506550218,0.993090758787943,4051,8.0,8,28.12310703058433,29.10305832141953,92.02746291448784,94.92325406916008,116.27855569905672,119.91521459044652,144.25172163999184,0.0,0.0,0.0,1,1,0.0,0.0,0.0,1a7597ac79d37a58,14,c30d4a4f72f9dd16,9,False,0.3333333333333333,0.7000000000000001,0.29999999999999993,0.0,0.0,0.0,2.6453539091394545
transition_signature,shape_preservation_pressure|shape_quotient_constructor|duplication_sensitive_transfer|shape_preserving_renaming_transfer|TO|shape_preservation_pressure|shape_quotient_constructor|duplication_sensitive_transfer|shape_preserving_renaming_transfer,5,1,7,5,multi_key_or_feature_law,residual_search_family,TRUE_LEANING_RESIDUAL,named_residual_requires_split,32911,7727,0.9500362363888076,0.2348506788786213,0.4285714285714286,0.9421816306638549,3148,8.4,9,28.72337133176138,30.82264815364576,86.65604183375267,95.79080802485534,111.23550076137022,121.98936520865126,144.17630005867585,0.0,0.0,0.0,1,1,0.0,0.0,0.0,61fa1d7cecae8296,25,409631361c0c5447,4,False,0.5,0.775,0.22499999999999998,0.0,0.0,0.0,4.120913721630244
transition_signature,left_boundary_preservation_pressure|left_boundary_constructor|bare_variable_transfer|duplication_sensitive_transfer|left_boundary_transfer|TO|right_boundary_weak_pressure|right_boundary_constructor|duplication_sensitive_transfer|right_boundary_transfer,7,1,7,7,multi_key_or_feature_law,residual_search_family,FALSE_OBSTRUCTION,needs_finite_countermodel_constructor,39128,5937,1.0,0.2127076826537906,0.493993993993994,1.0,2119,9.0,9,28.92865731022287,29.16335523326508,94.16856545138629,95.50237357056103,118.72234932915204,119.88378756778305,143.85561443522062,0.0,0.0,0.0,1,1,0.0,0.0,0.0,469c0405e5efe362,11,ff6de053892901bc,19,False,0.22941573387056174,0.6532370802417529,0.34676291975824713,0.0,0.0,0.0,1.7750026959764467
transition_signature,right_boundary_preservation_pressure|right_boundary_constructor|bare_variable_transfer|duplication_sensitive_transfer|right_boundary_transfer|TO|left_boundary_weak_pressure|left_boundary_constructor|duplication_sensitive_transfer|left_boundary_transfer,7,1,7,7,multi_key_or_feature_law,residual_search_family,FALSE_OBSTRUCTION,needs_finite_countermodel_constructor,38944,5805,1.0,0.211131800431826,0.4954798331015299,1.0,2155,9.0,9,28.911583262780432,29.07778519137372,93.9967363882126,95.46722141527576,118.5466948490439,119.80343791394402,143.77055129569723,0.0,0.0,0.0,1,1,0.0,0.0,0.0,54b857a4974b8afb,11,ff6de053892901bc,19,False,0.22941573387056174,0.6532370802417529,0.34676291975824713,0.0,0.0,0.0,1.7750026959764467
transition_signature,left_boundary_weak_pressure|left_boundary_constructor|duplication_sensitive_transfer|left_boundary_transfer|TO|right_boundary_preservation_pressure|right_boundary_constructor|bare_variable_transfer|duplication_sensitive_transfer|right_boundary_transfer,7,1,7,7,multi_key_or_feature_law,residual_search_family,FALSE_OBSTRUCTION,needs_finite_countermodel_constructor,38589,5940,1.0,0.2140919582302374,0.4859198998748435,1.0,2167,9.0,9,28.86154120286016,29.178058525881905,94.10471523390916,94.57509978931137,118.61893255136744,119.20112621713103,143.15908238006188,0.0,0.0,0.0,1,1,0.0,0.0,0.0,8b9c40b7ed9329c3,11,ff6de053892901bc,19,False,0.22941573387056174,0.6532370802417529,0.34676291975824713,0.0,0.0,0.0,1.7750026959764467
transition_signature,right_boundary_weak_pressure|right_boundary_constructor|duplication_sensitive_transfer|right_boundary_transfer|TO|left_boundary_preservation_pressure|left_boundary_constructor|bare_variable_transfer|duplication_sensitive_transfer|left_boundary_transfer,7,1,7,7,multi_key_or_feature_law,residual_search_family,FALSE_OBSTRUCTION,needs_finite_countermodel_constructor,37966,5897,1.0,0.2114808232545717,0.4933712121212121,1.0,2093,9.0,9,28.79737593213213,29.13379143949449,93.74350828105035,94.6629823194481,118.19281804088804,119.0857632882427,143.02744363700177,0.0,0.0,0.0,1,1,0.0,0.0,0.0,7bde09da08a85b37,11,ff6de053892901bc,19,False,0.22941573387056174,0.6532370802417529,0.34676291975824713,0.0,0.0,0.0,1.7750026959764467
coarse_pair_hash,50205ff301701692,7,1,7,7,multi_key_or_feature_law,residual_search_family,TRUE_ROUTE,needs_lean_proof_template,52306,9131,0.9937623136734358,0.3236253646141039,0.4837383845604002,0.9930070078126454,3539,8.0,8,27.623301869474965,28.397662534522347,93.8046867850936,94.79040873175234,117.61357017863236,118.5788522554256,142.81996647157172,0.0,0.0,0.0,1,1,0.0,0.0,0.0,4ecb5c4a00e07f64,14,c30d4a4f72f9dd16,9,False,0.3333333333333333,0.7000000000000001,0.29999999999999993,0.0,0.0,0.0,2.6453539091394545
transition_signature,shape_preservation_pressure|shape_quotient_constructor|duplication_sensitive_transfer|shape_preserving_renaming_transfer|TO|general_magma_pressure|general_residual_pressure|duplication_sensitive_transfer,7,1,7,7,multi_key_or_feature_law,residual_search_family,FALSE_LEANING_RESIDUAL,named_residual_requires_split,37658,5634,0.9627137636812916,0.2557824833631854,0.4875168690958164,0.9552715980842652,2288,8.142857142857142,9,26.947068608178068,29.02101276017179,84.57403267111731,94.45592146891433,107.55048693525237,118.97782500632492,142.77717475746323,0.0,0.0,0.0,1,1,0.0,0.0,0.0,756efa8dcb55664a,25,409631361c0c5447,4,False,0.5,0.775,0.22499999999999998,0.0,0.0,0.0,4.120913721630244
coarse_pair_hash,d37c3eb97f38b375,7,1,7,7,multi_key_or_feature_law,residual_search_family,TRUE_ROUTE,needs_lean_proof_template,44325,8164,1.0,0.3323017303589238,0.4908455392809587,1.0,2708,8.0,8,26.806780665605267,27.7978298810613,93.2261119395356,94.78622586637908,116.31077282030571,118.57206364260108,142.66859804231987,0.0,0.0,0.0,1,1,0.0,0.0,0.0,4f5c038b812a9b37,14,c30d4a4f72f9dd16,9,False,0.3333333333333333,0.7000000000000001,0.29999999999999993,0.0,0.0,0.0,2.6453539091394545
route_basin_constructor_loop,collapse_to_trivial_or_singleton|general_residual_pressure|trivialization_escape_obstruction|proof_template_constraint_preservation_family,7,1,7,7,multi_key_or_feature_law,residual_search_family,TRUE_ROUTE,needs_lean_proof_template,188297,33789,1.0,0.2206950381154158,0.496677091477717,1.0,12329,7.0,7,29.430957430807887,30.23382685514076,87.11999838171694,90.39758451289444,112.93033859394843,116.8193348047112,142.36232360635032,0.0,0.0,0.0,1,1,0.0,0.0,0.0,e0cc5f6ef1be408e,30,8604d7280423b7c0,4,False,0.5,0.775,0.22499999999999998,0.0,0.0,0.0,4.120913721630244
named_basin+target_route,trivialization_escape_obstruction || general_residual_pressure,7,1,7,7,trivialization_escape_obstruction,proof_template_constraint_preservation_family,TRUE_ROUTE,needs_lean_proof_template,188297,33789,1.0,0.2208706576488086,0.4977140482128013,1.0,12329,7.0,7,29.430957430807887,30.23382685514076,87.13249415199509,90.38190929592712,112.9428343642266,116.8036595877439,142.346648389383,0.0,0.0,0.0,1,1,0.0,0.0,0.0,f2787f3042f75dd7,29,964739f7af331275,4,False,0.5,0.775,0.22499999999999998,0.0,0.0,0.0,4.120913721630244
constructor_family+source_route+target_route,proof_template_constraint_preservation_family || collapse_to_trivial_or_singleton || general_residual_pressure,7,1,7,7,multi_key_or_feature_law,proof_template_constraint_preservation_family,TRUE_ROUTE,needs_lean_proof_template,188297,33789,1.0,0.2207871352987303,0.4984753713838936,1.0,12329,7.0,7,29.430957430807887,30.23382685514076,87.12638585060935,90.34354368012312,112.93672606284083,116.7652939719399,142.308282773579,0.0,0.0,0.0,1,1,0.0,0.0,0.0,f6c7a61a2a428085,28,4cd1db40eea099ff,4,False,0.5,0.775,0.22499999999999998,0.0,0.0,0.0,4.120913721630244
named_basin+target_mercury,trivialization_escape_obstruction || duplication_sensitive_transfer,7,1,7,7,trivialization_escape_obstruction,proof_template_constraint_preservation_family,TRUE_ROUTE,needs_lean_proof_template,185519,33304,1.0,0.2220153470969456,0.4961035346507096,1.0,12162,7.0,7,29.38495420298789,30.188763660368306,87.0869366560443,90.3279281210208,112.8559535919642,116.70830298789583,142.23642866822442,0.0,0.0,0.0,1,1,0.0,0.0,0.0,2fd8118136014051,27,732c650035e833df,9,False,0.3333333333333333,0.7000000000000001,0.29999999999999993,0.0,0.0,0.0,2.6453539091394545
transition_signature,isolated_variable_trivialization_pressure|collapse_to_trivial_or_singleton|bare_variable_elimination_transfer|bare_variable_transfer|duplication_sensitive_transfer|TO|general_magma_pressure|general_residual_pressure|duplication_sensitive_transfer,7,1,7,7,multi_key_or_feature_law,residual_search_family,TRUE_ROUTE,needs_lean_proof_template,180063,32471,1.0,0.2206123847256657,0.4953005995786744,1.0,11838,7.0,7,29.29272088465529,30.11083483651652,86.73137273017475,90.29162525269211,112.41773432471392,116.59862702010344,142.09690235073563,0.0,0.0,0.0,1,1,0.0,0.0,0.0,9aaac535d3b2486c,17,ddfa6069a843764b,11,False,0.30151134457776363,0.6856801050599937,0.31431989494000634,0.0,0.0,0.0,2.374657450412351
constructor_family+source_mercury+target_mercury,proof_template_constraint_preservation_family || bare_variable_elimination_transfer|bare_variable_transfer|duplication_sensitive_transfer || duplication_sensitive_transfer,7,1,7,7,multi_key_or_feature_law,proof_template_constraint_preservation_family,TRUE_ROUTE,needs_lean_proof_template,180063,32471,1.0,0.2212942296723364,0.4979743963701183,1.0,11838,7.0,7,29.29272088465529,30.11083483651652,86.77900724075381,90.14050469414842,112.465368835293,116.44750646155975,141.94578179219195,0.0,0.0,0.0,1,1,0.0,0.0,0.0,a992f65aaec6de57,35,8111733277d40b92,8,False,0.35355339059327373,0.7090990257669733,0.29090097423302674,0.0,0.0,0.0,2.819235721576728
mercury_basin_loop,bare_variable_elimination_transfer|bare_variable_transfer|duplication_sensitive_transfer|duplication_sensitive_transfer|trivialization_escape_obstruction,7,1,7,7,multi_key_or_feature_law,residual_search_family,TRUE_ROUTE,needs_lean_proof_template,180063,32471,1.0,0.2215530649757581,0.495786744449846,1.0,11838,7.0,7,29.29272088465529,30.11083483651652,86.79664979386966,89.95400355964271,112.48301138840884,116.26100532705404,141.75928065768625,0.0,0.0,0.0,1,1,0.0,0.0,0.0,0d6b3584e69110ba,20,a14ba09511145267,6,False,0.4082482904638631,0.7337117307087384,0.2662882692912616,0.0,0.0,0.0,3.296780397361731
coarse_pair_hash,9088c3c7095b0a3b,2,1,3,2,multi_key_or_feature_law,residual_search_family,TRUE_LEANING_RESIDUAL,named_residual_requires_split,18239,9889,0.9317834837929198,0.2558372306887445,0.4068600867678958,0.8951738139888101,1136,9.0,9,30.855474642016905,31.208973409369708,95.9908489652621,97.1465380564146,121.97192281639256,123.34673700808364,141.33669215701894,0.0,0.0,0.0,1,1,0.0,0.0,0.0,852abdece0363c9f,0,852abdece0363c9f,12,True,0.2886751345948129,0.6799038105676658,0.3200961894323342,0.0,0.0,0.0,2.266498507123598
named_basin+constructor_family,left_boundary_break_obstruction || projection_or_boundary_breaking_table_family,7,1,7,7,left_boundary_break_obstruction,projection_or_boundary_breaking_table_family,FALSE_OBSTRUCTION,needs_finite_countermodel_constructor,854979,124604,1.0,0.222312555592713,0.4973291812519889,1.0,47753,6.0,6,31.2281498791618,31.29122208860309,85.8968642387921,86.16561683290735,113.73193719045211,113.86892940317908,140.9249704674107,0.0,0.0,0.0,1,1,0.0,0.0,0.0,234d29f04d35419e,2,234d29f04d35419e,7,True,0.3779644730092272,0.7200840128541524,0.27991598714584764,0.0,0.0,0.0,3.031080432746792
coarse_pair_hash,688f5572f3a56200,1,1,1,1,multi_key_or_feature_law,residual_search_family,TRUE_LEANING_RESIDUAL,named_residual_requires_split,9967,9967,0.9507195929541524,0.2607330947327699,0.4326783114992721,0.8853615520282186,567,9.0,9,31.23587787961373,31.23587787961373,99.32135353861666,99.32135353861666,125.55579717954214,125.55579717954214,140.88475297945376,0.0,0.0,0.0,1,1,0.0,0.0,0.0,6d0d17933fdee085,0,852abdece0363c9f,12,False,0.2886751345948129,0.6799038105676658,0.3200961894323342,0.0,0.0,0.0,2.266498507123598
named_basin,left_boundary_break_obstruction,7,1,7,7,left_boundary_break_obstruction,projection_or_boundary_breaking_table_family,FALSE_OBSTRUCTION,needs_finite_countermodel_constructor,854979,124604,1.0,0.2221083928490219,0.4963631404282402,1.0,47753,6.0,6,31.2281498791618,31.29122208860309,85.88256319725387,86.1066907157347,113.7176361489139,113.81707897455632,140.87312003878793,0.0,0.0,0.0,1,1,0.0,0.0,0.0,e4c84aed44645ee8,2,234d29f04d35419e,7,False,0.3779644730092272,0.7200840128541524,0.27991598714584764,0.0,0.0,0.0,3.031080432746792
named_basin+constructor_family,right_boundary_break_obstruction || projection_or_boundary_breaking_table_family,7,1,7,7,right_boundary_break_obstruction,projection_or_boundary_breaking_table_family,FALSE_OBSTRUCTION,needs_finite_countermodel_constructor,849417,123515,1.0,0.2222825845194982,0.4991652563692081,1.0,47772,6.0,6,31.20724535873354,31.264070133202107,85.8470509029609,86.12347548445018,113.66666284072858,113.77785392514986,140.82736832161504,0.0,0.0,0.0,1,1,0.0,0.0,0.0,25765bcc2a88b0b7,38,25765bcc2a88b0b7,4,True,0.5,0.775,0.22499999999999998,0.0,0.0,0.0,4.120913721630244
named_basin,right_boundary_break_obstruction,7,1,7,7,right_boundary_break_obstruction,projection_or_boundary_breaking_table_family,FALSE_OBSTRUCTION,needs_finite_countermodel_constructor,849417,123515,1.0,0.2223876979388478,0.4981132506975254,1.0,47772,6.0,6,31.20724535873354,31.264070133202107,85.85442905176411,86.12266723735718,113.6740409895318,113.77704567805684,140.82656007452204,0.0,0.0,0.0,1,1,0.0,0.0,0.0,f7ea226990211635,38,25765bcc2a88b0b7,4,False,0.5,0.775,0.22499999999999998,0.0,0.0,0.0,4.120913721630244
coarse_pair_hash,2c6ae9a1a1a55c52,7,1,7,7,multi_key_or_feature_law,residual_search_family,FALSE_OBSTRUCTION,needs_finite_countermodel_constructor,33248,5197,1.0,0.3715439437171309,0.4942489851150202,1.0,1712,8.0,8,25.74541646788607,26.082452887521224,92.88469524929266,94.59931072009849,114.94492194585337,116.90354885248472,140.7125365313277,0.0,0.0,0.0,1,1,0.0,0.0,0.0,3fb020b06158fab3,16,66459d4873da67ca,16,False,0.25,0.6625000000000001,0.3374999999999999,0.0,0.0,0.0,1.9442571875786836
transition_signature,right_absorption_pressure|right_boundary_constructor|absorption_model_transfer|bare_variable_transfer|duplication_sensitive_transfer|right_boundary_transfer|TO|left_boundary_weak_pressure|left_boundary_constructor|duplication_sensitive_transfer|left_boundary_transfer,7,1,7,7,multi_key_or_feature_law,residual_search_family,FALSE_OBSTRUCTION,needs_finite_countermodel_constructor,32256,4953,1.0,0.2115836347740519,0.4847746650426309,1.0,1738,9.0,9,28.08343627960173,28.366016032511304,91.9738225046885,93.20335228424987,115.79515003769328,116.83604273060756,140.61474079194136,0.0,0.0,0.0,1,1,0.0,0.0,0.0,43cc0c09ba2db0b1,15,9ef9db4814ac098c,17,False,0.24253562503633297,0.6591410312663499,0.34085896873365007,0.0,0.0,0.0,1.8826989444266198
transition_signature,left_absorption_pressure|left_boundary_constructor|absorption_model_transfer|bare_variable_transfer|duplication_sensitive_transfer|left_boundary_transfer|TO|right_boundary_weak_pressure|right_boundary_constructor|duplication_sensitive_transfer|right_boundary_transfer,7,1,7,7,multi_key_or_feature_law,residual_search_family,FALSE_OBSTRUCTION,needs_finite_countermodel_constructor,31608,4656,1.0,0.211059040865529,0.4940828402366863,1.0,1724,9.0,9,28.009777851987177,28.131957325393486,91.71800966082216,93.00262930897546,115.48041317206456,116.63124360968278,140.38964848723285,0.0,0.0,0.0,1,1,0.0,0.0,0.0,80ec3ebdbccea2a8,15,9ef9db4814ac098c,17,False,0.24253562503633297,0.6591410312663499,0.34085896873365007,0.0,0.0,0.0,1.8826989444266198
named_basin+source_route,left_boundary_break_obstruction || left_boundary_constructor,7,1,7,7,left_boundary_break_obstruction,projection_or_boundary_breaking_table_family,FALSE_OBSTRUCTION,needs_finite_countermodel_constructor,810657,117966,1.0,0.2224437695662609,0.4957606821230121,1.0,45228,6.0,6,31.06196148291117,31.121648567892613,85.51581059990154,85.74026106216155,113.1990775396945,113.3508845698153,140.35369382076794,0.0,0.0,0.0,1,1,0.0,0.0,0.0,61c0d032ee8ae649,2,234d29f04d35419e,7,False,0.3779644730092272,0.7200840128541524,0.27991598714584764,0.0,0.0,0.0,3.031080432746792
named_basin+source_route,right_boundary_break_obstruction || right_boundary_constructor,7,1,7,7,right_boundary_break_obstruction,projection_or_boundary_breaking_table_family,FALSE_OBSTRUCTION,needs_finite_countermodel_constructor,805316,117121,1.0,0.2217299456758289,0.4973328848094573,1.0,45175,6.0,6,31.040776621517207,31.09787596612797,85.41786581791462,85.6522554667703,113.08467804650648,113.16408511897605,140.16028409508132,0.0,0.0,0.0,1,1,0.0,0.0,0.0,d15d5d463b7f51d6,38,25765bcc2a88b0b7,4,False,0.5,0.775,0.22499999999999998,0.0,0.0,0.0,4.120913721630244
constructor_family+source_route+target_route,projection_or_boundary_breaking_table_family || left_boundary_constructor || expansion_pressure,7,1,7,7,multi_key_or_feature_law,projection_or_boundary_breaking_table_family,FALSE_OBSTRUCTION,needs_finite_countermodel_constructor,244070,35764,1.0,0.1900557260343635,0.4936190326138333,1.0,13654,7.0,7,30.442736740707723,30.52983322396289,87.12621903886578,87.45809368232838,113.7462251660356,114.15691883140292,139.9593409853565,0.0,0.0,0.0,1,1,0.0,0.0,0.0,0a46255606a003a6,37,0a46255606a003a6,5,True,0.4472135954999579,0.7512461179749811,0.2487538820250189,0.0,0.0,0.0,3.643294160039365
named_basin+source_mercury,new_variable_freedom_obstruction || absorption_model_transfer|bare_variable_transfer|duplication_sensitive_transfer|right_boundary_transfer,7,1,7,7,new_variable_freedom_obstruction,free_variable_separating_countermodel_family,FALSE_LEANING_RESIDUAL,named_residual_requires_split,324419,47382,0.9711735643564606,0.1767235458928447,0.4599947875944749,0.9457206801098714,17475,7.0,7,31.1938618222624,31.271743905652823,85.93983773673935,87.0194390139423,113.03438134411178,113.9802647942014,139.90442879453428,0.0,0.0,0.0,1,1,0.0,0.0,0.0,83df4601b57a25c1,9,18cfa3157ae41aca,4,False,0.5,0.775,0.22499999999999998,0.0,0.0,0.0,4.120913721630244
source_constraint,left_boundary_weak_pressure|left_boundary_constructor|duplication_sensitive_transfer|left_boundary_transfer|same_varset_substitution_transfer,2,6,7,2,multi_key_or_feature_law,residual_search_family,FALSE_OBSTRUCTION,needs_finite_countermodel_constructor,14310,7210,0.996279992942837,0.1856020524959419,0.4744318181818182,0.9401330376940134,824,8.5,9,28.732281502353068,29.887952717756257,89.24511274586156,96.59672118504334,113.62080457663264,121.9748136220678,139.85705792980127,0.0,0.0,0.0,1,1,0.0,0.0,0.0,fd353ac0ea228f45,36,fd353ac0ea228f45,3,True,0.5773502691896258,0.8098076211353317,0.19019237886466833,0.0,0.0,0.0,4.837440865250368
source_mercury,duplication_sensitive_transfer|left_boundary_transfer|same_varset_substitution_transfer,2,6,7,2,multi_key_or_feature_law,residual_search_family,FALSE_OBSTRUCTION,needs_finite_countermodel_constructor,14310,7210,0.996279992942837,0.1858861885598373,0.4753787878787878,0.9401330376940134,824,8.5,9,28.732281502353068,29.887952717756257,89.26294992679226,96.56031779389616,113.63864175756332,121.9384102309206,139.82065453865408,0.0,0.0,0.0,1,1,0.0,0.0,0.0,e320b84c891d45bd,33,236047460477832d,4,False,0.5,0.775,0.22499999999999998,0.0,0.0,0.0,4.120913721630244
named_basin+source_mercury,new_variable_freedom_obstruction || absorption_model_transfer|bare_variable_transfer|duplication_sensitive_transfer|left_boundary_transfer,7,1,7,7,new_variable_freedom_obstruction,free_variable_separating_countermodel_family,FALSE_LEANING_RESIDUAL,named_residual_requires_split,323883,47283,0.9713151491272056,0.1765202457773795,0.4606456776947706,0.9445492965422282,17496,7.0,7,31.189636733845905,31.26054649232265,85.92326151448877,86.8910349854288,113.01056787101746,113.79774440080432,139.71674070480717,0.0,0.0,0.0,1,1,0.0,0.0,0.0,7d407972faaefc84,9,18cfa3157ae41aca,4,False,0.5,0.775,0.22499999999999998,0.0,0.0,0.0,4.120913721630244
constructor_family+source_route+target_route,projection_or_boundary_breaking_table_family || right_boundary_constructor || expansion_pressure,7,1,7,7,multi_key_or_feature_law,projection_or_boundary_breaking_table_family,FALSE_OBSTRUCTION,needs_finite_countermodel_constructor,241205,35474,1.0,0.1901944947301635,0.4932111892687714,1.0,13809,7.0,7,30.40105476157518,30.503994128672016,87.03472880187728,87.14655825534972,113.62904069146109,113.84629530539232,139.63690963293917,0.0,0.0,0.0,1,1,0.0,0.0,0.0,41ece0cb38cc3123,37,0a46255606a003a6,5,False,0.4472135954999579,0.7512461179749811,0.2487538820250189,0.0,0.0,0.0,3.643294160039365
coarse_pair_hash,f322aac6d57a39ea,7,1,7,7,multi_key_or_feature_law,residual_search_family,FALSE_OBSTRUCTION,needs_finite_countermodel_constructor,32692,4885,1.0,0.3703474346959293,0.4947513812154696,1.0,1787,8.0,8,25.694257836766724,25.87434936296332,92.62142950559088,93.60053004740304,114.66446774610436,115.7360848266976,139.52820880178817,0.0,0.0,0.0,1,1,0.0,0.0,0.0,a24cb55a8ef9145c,16,66459d4873da67ca,16,False,0.25,0.6625000000000001,0.3374999999999999,0.0,0.0,0.0,1.9442571875786836
coarse_pair_hash,aa67d4829cfdc511,7,1,7,7,multi_key_or_feature_law,residual_search_family,TRUE_ROUTE,needs_lean_proof_template,40619,7226,0.9938269363035018,0.2872495523754417,0.4870421561852108,0.9948140035962436,2816,8.0,8,26.805564224184035,27.656166577193517,88.64512037777858,91.32805601561724,111.732954412536,115.02962787564896,139.02329342997126,0.0,0.0,0.0,1,1,0.0,0.0,0.0,72cb74760a05ff5c,14,c30d4a4f72f9dd16,9,False,0.3333333333333333,0.7000000000000001,0.29999999999999993,0.0,0.0,0.0,2.6453539091394545
named_basin+target_route,mercury_signature_transition_residual || expansion_pressure,7,1,7,7,mercury_signature_transition_residual,residual_search_family,FALSE_OBSTRUCTION,needs_finite_countermodel_constructor,310416,45147,1.0,0.3640655104445672,0.497805933250927,1.0,17503,6.0,6,28.09518420841008,28.150835956060742,87.56903032856114,87.9486063714957,112.55264159870406,112.97403263361676,139.0169121758487,0.0,0.0,0.0,1,1,0.0,0.0,0.0,fb5016c46371b8c5,44,fb5016c46371b8c5,1,True,1.0,1.0,0.0,0.0,0.0,0.0,9.079441541679836
named_basin+target_mercury,mercury_signature_transition_residual || bare_variable_transfer|duplication_sensitive_transfer,7,1,7,7,mercury_signature_transition_residual,residual_search_family,FALSE_OBSTRUCTION,needs_finite_countermodel_constructor,310416,45147,1.0,0.3650152165962063,0.495859085290482,1.0,17503,6.0,6,28.09518420841008,28.150835956060742,87.62989891074982,87.90483880728662,112.61351018089272,112.9302650694077,138.9731446116396,0.0,0.0,0.0,1,1,0.0,0.0,0.0,d2b4813fcf4eb151,43,d2b4813fcf4eb151,1,True,1.0,1.0,0.0,0.0,0.0,0.0,9.079441541679836
transition_signature,shape_preservation_pressure|shape_quotient_constructor|duplication_sensitive_transfer|shape_preserving_renaming_transfer|TO|left_boundary_preservation_pressure|left_boundary_constructor|bare_variable_transfer|duplication_sensitive_transfer|left_boundary_transfer,5,2,7,5,multi_key_or_feature_law,residual_search_family,FALSE_OBSTRUCTION,needs_finite_countermodel_constructor,14579,3132,1.0,0.3044658746927968,0.4871244635193132,1.0,795,9.0,9,26.30012224223941,26.588551942187657,93.64666612377827,94.7612690950724,115.90903040337764,117.24648121932934,138.79268457103225,0.0,0.0,0.0,1,1,0.0,0.0,0.0,c9e5d84bcc77c946,13,57239a084c4ef92a,7,False,0.3779644730092272,0.7200840128541524,0.27991598714584764,0.0,0.0,0.0,3.031080432746792
transition_signature,two_sided_boundary_preservation_pressure|boundary_signature_constructor|bare_variable_transfer|duplication_sensitive_transfer|two_sided_anchor_transfer|TO|internal_anchor_pressure|expansion_pressure|bare_variable_transfer|duplication_sensitive_transfer,7,1,7,7,multi_key_or_feature_law,residual_search_family,FALSE_OBSTRUCTION,needs_finite_countermodel_constructor,26988,4081,1.0,0.2107390707092656,0.4903433476394849,1.0,1448,9.0,9,27.28290987522275,27.539178206099585,89.97323498677963,91.53102566071414,113.10300022357691,114.62708622946424,138.22747859242955,0.0,0.0,0.0,1,1,0.0,0.0,0.0,afb2ec99c2df7a2a,11,ff6de053892901bc,19,False,0.22941573387056174,0.6532370802417529,0.34676291975824713,0.0,0.0,0.0,1.7750026959764467
coarse_pair_hash,d696eaef4dea6ed9,5,1,7,5,multi_key_or_feature_law,residual_search_family,TRUE_ROUTE,needs_lean_proof_template,25098,5992,0.9951734247530968,0.3649847094048756,0.4885993485342019,0.9951657977617636,1620,8.0,8,26.052939486079477,26.74404266109929,92.54639406379872,93.13771639160782,114.96354455496969,116.07766829322044,138.15254631633476,0.0,0.0,0.0,1,1,0.0,0.0,0.0,dfc38ca8f2cd1f3e,14,c30d4a4f72f9dd16,9,False,0.3333333333333333,0.7000000000000001,0.29999999999999993,0.0,0.0,0.0,2.6453539091394545
transition_signature,two_sided_boundary_weak_pressure|boundary_signature_constructor|duplication_sensitive_transfer|two_sided_anchor_transfer|TO|internal_anchor_pressure|expansion_pressure|bare_variable_transfer|duplication_sensitive_transfer,7,1,7,7,multi_key_or_feature_law,residual_search_family,FALSE_OBSTRUCTION,needs_finite_countermodel_constructor,27203,3984,1.0,0.211586744980657,0.4859625668449198,1.0,1480,9.0,9,27.37175274052753,27.47883345482116,90.12287933492787,91.04940526909684,113.33025457837824,114.10289700648369,137.71122401517837,0.0,0.0,0.0,1,1,0.0,0.0,0.0,984ea2fb3e7e2342,11,ff6de053892901bc,19,False,0.22941573387056174,0.6532370802417529,0.34676291975824713,0.0,0.0,0.0,1.7750026959764467
coarse_pair_hash,8270b5bda34bf2cd,7,1,7,7,multi_key_or_feature_law,residual_search_family,FALSE_OBSTRUCTION,needs_finite_countermodel_constructor,29331,4375,1.0,0.3724801022720215,0.4939024390243902,1.0,1473,8.0,8,24.938989119965694,25.100132099603165,91.5759591120423,92.5580935821552,112.95597395439748,114.00932937088088,137.69297142849376,0.0,0.0,0.0,1,1,0.0,0.0,0.0,f85135dbd0215582,16,66459d4873da67ca,16,False,0.25,0.6625000000000001,0.3374999999999999,0.0,0.0,0.0,1.9442571875786836
mercury_basin_loop,duplication_sensitive_transfer|bare_variable_transfer|duplication_sensitive_transfer|mercury_signature_transition_residual,7,1,7,7,multi_key_or_feature_law,residual_search_family,FALSE_OBSTRUCTION,needs_finite_countermodel_constructor,274087,39863,1.0,0.3636137222379672,0.4936022933855404,1.0,15484,6.0,6,27.710959836752743,27.77067671254172,86.52164539432036,87.00915338213176,111.15578828957908,111.67453160401524,137.59294381410447,0.0,0.0,0.0,1,1,0.0,0.0,0.0,e39f0f3e12a4c7b0,41,e39f0f3e12a4c7b0,7,True,0.3779644730092272,0.7200840128541524,0.27991598714584764,0.0,0.0,0.0,3.031080432746792
route_basin_constructor_loop,general_residual_pressure|expansion_pressure|mercury_signature_transition_residual|residual_search_family,7,1,7,7,multi_key_or_feature_law,residual_search_family,FALSE_OBSTRUCTION,needs_finite_countermodel_constructor,274087,39863,1.0,0.3632437328953214,0.4949822904368358,1.0,15484,6.0,6,27.710959836752743,27.77067671254172,86.4980394164905,86.86113434206878,111.13218231174922,111.55620252813922,137.47461473822847,0.0,0.0,0.0,1,1,0.0,0.0,0.0,3d56de7a3c06a5d4,42,3d56de7a3c06a5d4,1,True,1.0,1.0,0.0,0.0,0.0,0.0,9.079441541679836
constructor_family+source_mercury+target_mercury,residual_search_family || duplication_sensitive_transfer || bare_variable_transfer|duplication_sensitive_transfer,7,1,7,7,multi_key_or_feature_law,residual_search_family,FALSE_OBSTRUCTION,needs_finite_countermodel_constructor,274087,39863,1.0,0.363682084825282,0.4932177317857642,1.0,15484,6.0,6,27.710959836752743,27.77067671254172,86.52599163931907,86.83634887033621,111.1601345345778,111.52407424304516,137.4424864531344,0.0,0.0,0.0,1,1,0.0,0.0,0.0,87f0f78b6ff2986e,41,e39f0f3e12a4c7b0,7,False,0.3779644730092272,0.7200840128541524,0.27991598714584764,0.0,0.0,0.0,3.031080432746792
constructor_family+source_route+target_route,residual_search_family || general_residual_pressure || expansion_pressure,7,1,7,7,multi_key_or_feature_law,residual_search_family,FALSE_OBSTRUCTION,needs_finite_countermodel_constructor,274087,39863,1.0,0.3636382707179384,0.4948958187666061,1.0,15484,6.0,6,27.710959836752743,27.77067671254172,86.52313251400616,86.81976029527804,111.1572754092649,111.51482848134847,137.43324069143773,0.0,0.0,0.0,1,1,0.0,0.0,0.0,5c0e0f65b554d434,40,5c0e0f65b554d434,1,True,1.0,1.0,0.0,0.0,0.0,0.0,9.079441541679836
coarse_pair_hash,e9bf16c4a8d7e0af,7,1,7,7,multi_key_or_feature_law,residual_search_family,TRUE_LEANING_RESIDUAL,named_residual_requires_split,34603,5830,0.9284823111319096,0.2827795743912289,0.4267621145374449,0.9153396687981672,2164,8.428571428571429,9,26.60482512428399,28.017071096087555,85.26224555898874,89.8736999935904,107.84031027248288,113.47882506213324,137.07377633822716,0.0,0.0,0.0,1,1,0.0,0.0,0.0,3e23900f5479d82b,0,852abdece0363c9f,12,False,0.2886751345948129,0.6799038105676658,0.3200961894323342,0.0,0.0,0.0,2.266498507123598
transition_signature,left_boundary_weak_pressure|left_boundary_constructor|duplication_sensitive_transfer|left_boundary_transfer|TO|left_boundary_weak_pressure|left_boundary_constructor|duplication_sensitive_transfer|left_boundary_transfer|shape_preserving_renaming_transfer,4,1,6,4,multi_key_or_feature_law,residual_search_family,TRUE_LEANING_RESIDUAL,named_residual_requires_split,19480,5475,0.9444178306902622,0.2184637901045624,0.4575862068965517,0.9640970601775544,1589,9.0,9,28.43994709364317,28.920729070119087,87.92932717729332,91.4633749904258,112.14492275683114,115.9796694811174,136.79634513440175,0.0,0.0,0.0,1,1,0.0,0.0,0.0,89b6c6e94eaff33c,39,89b6c6e94eaff33c,3,True,0.5773502691896258,0.8098076211353317,0.19019237886466833,0.0,0.0,0.0,4.837440865250368
coarse_pair_hash,0607f2fbbc01aaa2,7,1,7,7,multi_key_or_feature_law,residual_search_family,TRUE_LEANING_RESIDUAL,named_residual_requires_split,34971,5716,0.9244893023572603,0.2728573310373181,0.4208248472505093,0.9249856813979572,2207,8.571428571428571,9,26.980911149211387,28.060526990536832,85.76791662352923,89.32816580631464,108.6651794562524,113.07789526375936,136.71236303665322,0.0,0.0,0.0,1,1,0.0,0.0,0.0,01ba2e50a76efa53,0,852abdece0363c9f,12,False,0.2886751345948129,0.6799038105676658,0.3200961894323342,0.0,0.0,0.0,2.266498507123598
transition_signature,two_sided_boundary_preservation_pressure|boundary_signature_constructor|bare_variable_transfer|duplication_sensitive_transfer|two_sided_anchor_transfer|TO|isolated_variable_trivialization_pressure|collapse_to_trivial_or_singleton|bare_variable_elimination_transfer|bare_variable_transfer|duplication_sensitive_transfer,7,1,7,7,multi_key_or_feature_law,residual_search_family,FALSE_OBSTRUCTION,needs_finite_countermodel_constructor,23042,3603,1.0,0.2106047953441946,0.4858803986710963,1.0,1270,9.0,9,26.52793979249233,26.89218493199561,88.23788638455936,90.1527198034926,110.73596335987952,112.74745611815662,136.1897811412226,0.0,0.0,0.0,1,1,0.0,0.0,0.0,c20b331ff44ce33e,45,c20b331ff44ce33e,2,True,0.7071067811865475,0.8681980515339465,0.13180194846605353,0.0,0.0,0.0,6.082420634702476
transition_signature,general_magma_pressure|general_residual_pressure|duplication_sensitive_transfer|TO|left_boundary_weak_pressure|left_boundary_constructor|duplication_sensitive_transfer|left_boundary_transfer|shape_preserving_renaming_transfer,1,1,1,1,multi_key_or_feature_law,residual_search_family,TRUE_LEANING_RESIDUAL,named_residual_requires_split,6385,6385,0.957364095973076,0.2687516677080687,0.4045419553502695,0.9105882352941176,425,9.0,9,29.75599610531596,29.75599610531596,95.78395124871034,95.78395124871034,120.85749894770466,120.85749894770466,135.81686292966145,0.0,0.0,0.0,1,1,0.0,0.0,0.0,4c4df8cf46498412,25,409631361c0c5447,4,False,0.5,0.775,0.22499999999999998,0.0,0.0,0.0,4.120913721630244
source_mercury,duplication_sensitive_transfer|same_varset_substitution_transfer|shape_preserving_renaming_transfer,4,4,7,4,multi_key_or_feature_law,residual_search_family,FALSE_OBSTRUCTION,needs_finite_countermodel_constructor,17628,4471,0.9944277140505416,0.1989673626269399,0.4875478927203065,0.9686677891192256,951,9.0,9,27.860850102123656,27.923808744301517,90.04806032900001,91.35556194094448,113.59362913707,115.01527950094774,135.74577298276165,0.0,0.0,0.0,1,1,0.0,0.0,0.0,9307488b90bcc0d0,46,9307488b90bcc0d0,2,True,0.7071067811865475,0.8681980515339465,0.13180194846605353,0.0,0.0,0.0,6.082420634702476
source_constraint,shape_preservation_pressure|shape_quotient_constructor|duplication_sensitive_transfer|same_varset_substitution_transfer|shape_preserving_renaming_transfer,4,4,7,4,multi_key_or_feature_law,residual_search_family,FALSE_OBSTRUCTION,needs_finite_countermodel_constructor,17628,4471,0.9944277140505416,0.1995807802311432,0.4913793103448276,0.9686677891192256,951,9.0,9,27.860850102123656,27.923808744301517,90.09370035191829,91.28340703057796,113.63926915998826,114.94312459058122,135.67361807239513,0.0,0.0,0.0,1,1,0.0,0.0,0.0,776315ca09f55b23,46,9307488b90bcc0d0,2,False,0.7071067811865475,0.8681980515339465,0.13180194846605353,0.0,0.0,0.0,6.082420634702476
transition_signature,right_boundary_weak_pressure|right_boundary_constructor|duplication_sensitive_transfer|right_boundary_transfer|TO|left_boundary_weak_pressure|left_boundary_constructor|duplication_sensitive_transfer|left_boundary_transfer,7,1,7,7,multi_key_or_feature_law,residual_search_family,FALSE_OBSTRUCTION,needs_finite_countermodel_constructor,22845,3441,1.0,0.2128027348130481,0.4873348017621145,1.0,1292,9.0,9,26.722950219388867,26.96161620927133,88.30130951822575,89.70579368744814,110.954339548331,112.19466627932196,135.62840531401503,0.0,0.0,0.0,1,1,0.0,0.0,0.0,94f226d8b4e8af7e,26,56c825e7b91a4123,6,False,0.4082482904638631,0.7337117307087384,0.2662882692912616,0.0,0.0,0.0,3.296780397361731
source_constraint,isolated_variable_trivialization_pressure|collapse_to_trivial_or_singleton|bare_variable_elimination_transfer|bare_variable_transfer,7,1,7,7,multi_key_or_feature_law,residual_search_family,TRUE_ROUTE,needs_lean_proof_template,37176,6640,1.0,0.2684227089505761,0.4869513641755634,1.0,2185,8.0,8,25.843667423308403,26.70716544182041,86.98492823688274,88.695547444645,109.24010576474582,111.60379263280376,135.52444591068064,0.0,0.0,0.0,1,1,0.0,0.0,0.0,c44d816de47a1c02,17,ddfa6069a843764b,11,False,0.30151134457776363,0.6856801050599937,0.31431989494000634,0.0,0.0,0.0,2.374657450412351
transition_signature,two_sided_boundary_weak_pressure|boundary_signature_constructor|duplication_sensitive_transfer|two_sided_anchor_transfer|TO|isolated_variable_trivialization_pressure|collapse_to_trivial_or_singleton|bare_variable_elimination_transfer|bare_variable_transfer|duplication_sensitive_transfer,7,1,7,7,multi_key_or_feature_law,residual_search_family,FALSE_OBSTRUCTION,needs_finite_countermodel_constructor,23554,3632,1.0,0.2102110738520906,0.4796195652173913,1.0,1268,9.0,9,26.670054585779887,26.99900384953215,88.43506890575053,89.18842771770956,111.03926755262349,112.0424236812794,135.5067247808127,0.0,0.0,0.0,1,1,0.0,0.0,0.0,01178c18858afba4,45,c20b331ff44ce33e,2,False,0.7071067811865475,0.8681980515339465,0.13180194846605353,0.0,0.0,0.0,6.082420634702476
source_mercury,bare_variable_elimination_transfer|bare_variable_transfer,7,1,7,7,multi_key_or_feature_law,residual_search_family,TRUE_ROUTE,needs_lean_proof_template,37176,6640,1.0,0.263774397591154,0.4884341637010676,1.0,2185,8.0,8,25.843667423308403,26.70716544182041,86.66790919987932,88.50151375508163,108.9230867277424,111.4097589432404,135.33041222111729,0.0,0.0,0.0,1,1,0.0,0.0,0.0,91749161a919ca40,20,a14ba09511145267,6,False,0.4082482904638631,0.7337117307087384,0.2662882692912616,0.0,0.0,0.0,3.296780397361731
transition_signature,left_boundary_weak_pressure|left_boundary_constructor|duplication_sensitive_transfer|left_boundary_transfer|TO|right_boundary_weak_pressure|right_boundary_constructor|duplication_sensitive_transfer|right_boundary_transfer,7,1,7,7,multi_key_or_feature_law,residual_search_family,FALSE_OBSTRUCTION,needs_finite_countermodel_constructor,22934,3455,1.0,0.2118605607252659,0.493820224719101,1.0,1225,9.0,9,26.74164235077274,26.96161620927133,88.27407246446273,89.12363419856275,110.91396361144736,111.67492229441528,135.11254940984574,0.0,0.0,0.0,1,1,0.0,0.0,0.0,ff3bd9a697505297,26,56c825e7b91a4123,6,False,0.4082482904638631,0.7337117307087384,0.2662882692912616,0.0,0.0,0.0,3.296780397361731
coarse_pair_hash,46a4e783a084f2e1,7,1,7,7,multi_key_or_feature_law,residual_search_family,FALSE_OBSTRUCTION,needs_finite_countermodel_constructor,23163,3570,1.0,0.3719588099382577,0.4887033398821218,1.0,1134,8.0,8,24.00579455620305,24.2956448650124,88.94467091428994,90.3759886687715,109.49550878614654,111.15069505448108,134.59825739122596,0.0,0.0,0.0,1,1,0.0,0.0,0.0,14886dece55dc59b,16,66459d4873da67ca,16,False,0.25,0.6625000000000001,0.3374999999999999,0.0,0.0,0.0,1.9442571875786836
coarse_pair_hash,3c674361c57ab5e9,6,1,7,6,multi_key_or_feature_law,residual_search_family,TRUE_ROUTE,needs_lean_proof_template,32210,6477,0.990732006724188,0.242856987141904,0.482266769468003,0.9935256976435436,2199,8.0,8,26.51227491535117,27.24060360960333,84.56866484741604,87.96972349358325,107.3863860360842,111.31335761854449,134.40354874485394,0.0,0.0,0.0,1,1,0.0,0.0,0.0,295c4bf846bcf53f,14,c30d4a4f72f9dd16,9,False,0.3333333333333333,0.7000000000000001,0.29999999999999993,0.0,0.0,0.0,2.6453539091394545
coarse_pair_hash,6f85dcc004ef629d,7,1,7,7,multi_key_or_feature_law,residual_search_family,FALSE_OBSTRUCTION,needs_finite_countermodel_constructor,23705,3574,1.0,0.3715394243849351,0.4876957494407159,1.0,1172,8.0,8,24.096166989997148,24.30833268982136,89.17025870248678,90.1501441206385,109.8046513230717,110.88051768780528,134.35120885584388,0.0,0.0,0.0,1,1,0.0,0.0,0.0,81eeda2fe0b7d598,16,66459d4873da67ca,16,False,0.25,0.6625000000000001,0.3374999999999999,0.0,0.0,0.0,1.9442571875786836
transition_signature,right_boundary_preservation_pressure|right_boundary_constructor|bare_variable_transfer|duplication_sensitive_transfer|right_boundary_transfer|TO|shape_preservation_pressure|shape_quotient_constructor|duplication_sensitive_transfer|shape_preserving_renaming_transfer,7,1,7,7,multi_key_or_feature_law,residual_search_family,FALSE_OBSTRUCTION,needs_finite_countermodel_constructor,21519,3315,1.0,0.212415353020839,0.4838560885608856,1.0,1117,9.0,9,26.377855797515643,26.6967013848676,87.61968813592128,88.75537395210762,109.94160276273624,110.9288779999994,134.3028237226743,0.0,0.0,0.0,1,1,0.0,0.0,0.0,3a550f881ff84679,13,57239a084c4ef92a,7,False,0.3779644730092272,0.7200840128541524,0.27991598714584764,0.0,0.0,0.0,3.031080432746792
transition_signature,left_boundary_preservation_pressure|left_boundary_constructor|bare_variable_transfer|duplication_sensitive_transfer|left_boundary_transfer|TO|shape_preservation_pressure|shape_quotient_constructor|duplication_sensitive_transfer|shape_preserving_renaming_transfer,7,1,7,7,multi_key_or_feature_law,residual_search_family,FALSE_OBSTRUCTION,needs_finite_countermodel_constructor,21615,3263,1.0,0.2127827708228311,0.4872013651877134,1.0,1199,9.0,9,26.41488900454318,26.642978951810644,87.69877169254737,88.45227413900301,110.08341543089774,110.67704142369456,134.0554381922937,0.0,0.0,0.0,1,1,0.0,0.0,0.0,b54f1f3e08a3f25b,13,57239a084c4ef92a,7,False,0.3779644730092272,0.7200840128541524,0.27991598714584764,0.0,0.0,0.0,3.031080432746792
transition_signature,left_boundary_preservation_pressure|left_boundary_constructor|bare_variable_transfer|duplication_sensitive_transfer|left_boundary_transfer|TO|left_boundary_weak_pressure|left_boundary_constructor|duplication_sensitive_transfer|left_boundary_transfer|shape_preserving_renaming_transfer,1,1,1,1,multi_key_or_feature_law,residual_search_family,TRUE_LEANING_RESIDUAL,named_residual_requires_split,6253,6253,0.947818900801081,0.2630410788945716,0.4474231088944306,0.9375,368,9.0,9,29.43762919735538,29.43762919735538,94.17709815128109,94.17709815128109,119.02600597619164,119.02600597619164,134.04521841700912,0.0,0.0,0.0,1,1,0.0,0.0,0.0,584bb57c211a4881,39,89b6c6e94eaff33c,3,False,0.5773502691896258,0.8098076211353317,0.19019237886466833,0.0,0.0,0.0,4.837440865250368
named_basin+target_mercury,trivialization_escape_obstruction || bare_variable_transfer|duplication_sensitive_transfer|right_boundary_transfer,7,1,7,7,trivialization_escape_obstruction,proof_template_constraint_preservation_family,TRUE_ROUTE,needs_lean_proof_template,100393,17793,1.0,0.2202372600952383,0.4908775633293124,1.0,6304,7.0,7,27.209482472992523,27.96851533436733,81.71926186824886,84.71399822405003,105.52815484984114,109.0729042132158,133.9869696451128,0.0,0.0,0.0,1,1,0.0,0.0,0.0,879e2e0295af0a45,27,732c650035e833df,9,False,0.3333333333333333,0.7000000000000001,0.29999999999999993,0.0,0.0,0.0,2.6453539091394545
named_basin+target_mercury,trivialization_escape_obstruction || bare_variable_transfer|duplication_sensitive_transfer|left_boundary_transfer,7,1,7,7,trivialization_escape_obstruction,proof_template_constraint_preservation_family,TRUE_ROUTE,needs_lean_proof_template,99929,17742,1.0,0.2212341338693886,0.4938162544169611,1.0,6378,7.0,7,27.19743143429934,27.97475027582335,81.7446716584594,84.63960984920429,105.55016708468972,109.05569926197089,133.9651321902259,0.0,0.0,0.0,1,1,0.0,0.0,0.0,4df65e38546f0415,27,732c650035e833df,9,False,0.3333333333333333,0.7000000000000001,0.29999999999999993,0.0,0.0,0.0,2.6453539091394545
transition_signature,shape_preservation_pressure|shape_quotient_constructor|duplication_sensitive_transfer|shape_preserving_renaming_transfer|TO|right_boundary_preservation_pressure|right_boundary_constructor|bare_variable_transfer|duplication_sensitive_transfer|right_boundary_transfer,2,4,5,2,multi_key_or_feature_law,residual_search_family,FALSE_OBSTRUCTION,needs_finite_countermodel_constructor,6181,3151,1.0,0.3022028480238953,0.4772727272727273,1.0,336,9.0,9,26.54327716956505,26.60904581099608,94.1823527083533,94.25941656797823,116.6546811518196,116.67354185825704,133.89600042428964,0.0,0.0,0.0,1,1,0.0,0.0,0.0,e1313a892641619c,13,57239a084c4ef92a,7,False,0.3779644730092272,0.7200840128541524,0.27991598714584764,0.0,0.0,0.0,3.031080432746792
mercury_basin_loop,bare_variable_elimination_transfer|bare_variable_transfer|duplication_sensitive_transfer|bare_variable_transfer|duplication_sensitive_transfer|right_boundary_transfer|trivialization_escape_obstruction,7,1,7,7,multi_key_or_feature_law,residual_search_family,TRUE_ROUTE,needs_lean_proof_template,97400,17209,1.0,0.2219744288600471,0.4930857675574891,1.0,6132,7.0,7,27.1165505602767,27.865049807980885,81.57861653552911,84.6849423276312,105.30402372689092,108.95810945736272,133.84190892228025,0.0,0.0,0.0,1,1,0.0,0.0,0.0,c84c2bfb05e95486,50,c84c2bfb05e95486,6,True,0.4082482904638631,0.7337117307087384,0.2662882692912616,0.0,0.0,0.0,3.296780397361731
constructor_family+source_mercury+target_mercury,proof_template_constraint_preservation_family || bare_variable_elimination_transfer|bare_variable_transfer|duplication_sensitive_transfer || bare_variable_transfer|duplication_sensitive_transfer|left_boundary_transfer,7,1,7,7,multi_key_or_feature_law,proof_template_constraint_preservation_family,TRUE_ROUTE,needs_lean_proof_template,96947,17199,1.0,0.2201123448067201,0.494919168591224,1.0,6212,7.0,7,27.10399389046253,27.8789546477614,81.41227481495199,84.54011050922617,105.13450838282812,108.87491895879408,133.75405669846097,0.0,0.0,0.0,1,1,0.0,0.0,0.0,75c3c98a386b15db,35,8111733277d40b92,8,False,0.35355339059327373,0.7090990257669733,0.29090097423302674,0.0,0.0,0.0,2.819235721576728
mercury_basin_loop,bare_variable_elimination_transfer|bare_variable_transfer|duplication_sensitive_transfer|bare_variable_transfer|duplication_sensitive_transfer|left_boundary_transfer|trivialization_escape_obstruction,7,1,7,7,multi_key_or_feature_law,residual_search_family,TRUE_ROUTE,needs_lean_proof_template,96947,17199,1.0,0.2217758451833951,0.4953574744661095,1.0,6212,7.0,7,27.10399389046253,27.8789546477614,81.52260628825194,84.49520721264555,105.24483985612804,108.83001566221348,133.70915340188037,0.0,0.0,0.0,1,1,0.0,0.0,0.0,c11d0914eeeebe60,50,c84c2bfb05e95486,6,False,0.4082482904638631,0.7337117307087384,0.2662882692912616,0.0,0.0,0.0,3.296780397361731
transition_signature,isolated_variable_trivialization_pressure|collapse_to_trivial_or_singleton|bare_variable_elimination_transfer|bare_variable_transfer|duplication_sensitive_transfer|TO|left_boundary_preservation_pressure|left_boundary_constructor|bare_variable_transfer|duplication_sensitive_transfer|left_boundary_transfer,7,1,7,7,multi_key_or_feature_law,residual_search_family,TRUE_ROUTE,needs_lean_proof_template,96947,17199,1.0,0.2204223833691019,0.4952107279693486,1.0,6212,7.0,7,27.10399389046253,27.8789546477614,81.43268588190453,84.4944783127941,105.15491944978068,108.82928676236202,133.7084245020289,0.0,0.0,0.0,1,1,0.0,0.0,0.0,6dcfd7a43b423be2,17,ddfa6069a843764b,11,False,0.30151134457776363,0.6856801050599937,0.31431989494000634,0.0,0.0,0.0,2.374657450412351
transition_signature,isolated_variable_trivialization_pressure|collapse_to_trivial_or_singleton|bare_variable_elimination_transfer|bare_variable_transfer|duplication_sensitive_transfer|TO|right_boundary_preservation_pressure|right_boundary_constructor|bare_variable_transfer|duplication_sensitive_transfer|right_boundary_transfer,7,1,7,7,multi_key_or_feature_law,residual_search_family,TRUE_ROUTE,needs_lean_proof_template,97400,17209,1.0,0.2220013361263878,0.4973586078309508,1.0,6132,7.0,7,27.1165505602767,27.865049807980885,81.5796622110752,84.51639280717508,105.305069402437,108.78955993690658,133.67335940182414,0.0,0.0,0.0,1,1,0.0,0.0,0.0,9bf49e0dab64ad3f,17,ddfa6069a843764b,11,False,0.30151134457776363,0.6856801050599937,0.31431989494000634,0.0,0.0,0.0,2.374657450412351
constructor_family+source_mercury+target_mercury,proof_template_constraint_preservation_family || bare_variable_elimination_transfer|bare_variable_transfer|duplication_sensitive_transfer || bare_variable_transfer|duplication_sensitive_transfer|right_boundary_transfer,7,1,7,7,multi_key_or_feature_law,proof_template_constraint_preservation_family,TRUE_ROUTE,needs_lean_proof_template,97400,17209,1.0,0.2205271573991816,0.4966594157862025,1.0,6132,7.0,7,27.1165505602767,27.865049807980885,81.48128209091075,84.42201014979085,105.20668928227256,108.69517727952235,133.5789767444399,0.0,0.0,0.0,1,1,0.0,0.0,0.0,9a2488bb4caf9274,35,8111733277d40b92,8,False,0.35355339059327373,0.7090990257669733,0.29090097423302674,0.0,0.0,0.0,2.819235721576728
coarse_pair_hash,3f9c77d4a1ee6cbe,7,1,7,7,multi_key_or_feature_law,residual_search_family,FALSE_OBSTRUCTION,needs_finite_countermodel_constructor,22615,3438,1.0,0.3695029079193506,0.4849585062240664,1.0,1080,8.0,8,23.96188139038265,24.19911130813187,88.52824266448866,89.50565195386042,109.02075730763096,110.1293653801484,133.552985987921,0.0,0.0,0.0,1,1,0.0,0.0,0.0,f963e0c2899671a9,16,66459d4873da67ca,16,False,0.25,0.6625000000000001,0.3374999999999999,0.0,0.0,0.0,1.9442571875786836
constructor_family+source_route+target_route,projection_or_boundary_breaking_table_family || left_boundary_constructor || general_residual_pressure,7,1,7,7,multi_key_or_feature_law,projection_or_boundary_breaking_table_family,FALSE_OBSTRUCTION,needs_finite_countermodel_constructor,146333,21292,1.0,0.1905730593937313,0.4921500479386385,1.0,8290,7.0,7,28.69731721191342,28.76054715804085,82.90262134665429,83.08391578719166,107.96427556205607,108.21575948502183,133.5066141526085,0.0,0.0,0.0,1,1,0.0,0.0,0.0,fa602080f585b5c1,37,0a46255606a003a6,5,False,0.4472135954999579,0.7512461179749811,0.2487538820250189,0.0,0.0,0.0,3.643294160039365
constructor_family+source_route+target_route,projection_or_boundary_breaking_table_family || right_boundary_constructor || general_residual_pressure,7,1,7,7,multi_key_or_feature_law,projection_or_boundary_breaking_table_family,FALSE_OBSTRUCTION,needs_finite_countermodel_constructor,145255,21404,1.0,0.1906432156780388,0.4942581837381203,1.0,8229,7.0,7,28.67099003375508,28.78443979084706,82.84301750478083,83.04721898933694,107.88136033228768,108.1425039495832,133.42596463993286,0.0,0.0,0.0,1,1,0.0,0.0,0.0,a097aa86405d4088,49,a097aa86405d4088,1,True,1.0,1.0,0.0,0.0,0.0,0.0,9.079441541679836
coarse_pair_hash,de1ca0b0b3a7bc72,7,1,7,7,multi_key_or_feature_law,residual_search_family,FALSE_OBSTRUCTION,needs_finite_countermodel_constructor,22094,3333,1.0,0.3710360607460523,0.4887387387387387,1.0,1052,8.0,8,23.873352454023244,24.07993777835648,88.36990180421124,89.36872226529607,108.78369751332109,109.89813086460644,133.29844519057048,0.0,0.0,0.0,1,1,0.0,0.0,0.0,de020114d0ba25f6,16,66459d4873da67ca,16,False,0.25,0.6625000000000001,0.3374999999999999,0.0,0.0,0.0,1.9442571875786836
constructor_family+source_route+target_route,residual_search_family || general_residual_pressure || collapse_to_trivial_or_singleton,7,1,7,7,multi_key_or_feature_law,residual_search_family,FALSE_OBSTRUCTION,needs_finite_countermodel_constructor,190418,27974,1.0,0.3632231180432216,0.4979302188054405,1.0,10726,6.0,6,26.57749611294359,26.660194274639448,83.51876482134594,84.03405114994737,107.11928035777883,107.6989657036308,133.25315559830665,0.0,0.0,0.0,1,1,0.0,0.0,0.0,ad840f8b3457a9dc,48,ad840f8b3457a9dc,1,True,1.0,1.0,0.0,0.0,0.0,0.0,9.079441541679836
route_basin_constructor_loop,general_residual_pressure|collapse_to_trivial_or_singleton|mercury_signature_transition_residual|residual_search_family,7,1,7,7,multi_key_or_feature_law,residual_search_family,FALSE_OBSTRUCTION,needs_finite_countermodel_constructor,190418,27974,1.0,0.3640406451212447,0.4938892174255864,1.0,10726,6.0,6,26.57749611294359,26.660194274639448,83.56886947661827,84.06609175785084,107.16938501305118,107.68524492373788,133.23943481841374,0.0,0.0,0.0,1,1,0.0,0.0,0.0,e15fb4081e992bf6,47,e15fb4081e992bf6,1,True,1.0,1.0,0.0,0.0,0.0,0.0,9.079441541679836
constructor_family+source_mercury+target_mercury,residual_search_family || duplication_sensitive_transfer || bare_variable_elimination_transfer|bare_variable_transfer|duplication_sensitive_transfer,7,1,7,7,multi_key_or_feature_law,residual_search_family,FALSE_OBSTRUCTION,needs_finite_countermodel_constructor,189023,27754,1.0,0.3639591145356524,0.4961775218427322,1.0,10670,6.0,6,26.55692060366328,26.6378569955454,83.50364287847594,83.90425113825846,107.08611009949291,107.4963816916494,133.04321867015554,0.0,0.0,0.0,1,1,0.0,0.0,0.0,cfaaabeea9db3a55,41,e39f0f3e12a4c7b0,7,False,0.3779644730092272,0.7200840128541524,0.27991598714584764,0.0,0.0,0.0,3.031080432746792
mercury_basin_loop,duplication_sensitive_transfer|bare_variable_elimination_transfer|bare_variable_transfer|duplication_sensitive_transfer|mercury_signature_transition_residual,7,1,7,7,multi_key_or_feature_law,residual_search_family,FALSE_OBSTRUCTION,needs_finite_countermodel_constructor,189023,27754,1.0,0.3627377148036561,0.494241461477363,1.0,10670,6.0,6,26.55692060366328,26.6378569955454,83.4289947679457,83.79820109676237,107.01146198896268,107.44277844638594,132.9896154248921,0.0,0.0,0.0,1,1,0.0,0.0,0.0,6540a33d935a6e6d,53,6540a33d935a6e6d,3,True,0.5773502691896258,0.8098076211353317,0.19019237886466833,0.0,0.0,0.0,4.837440865250368
transition_signature,two_sided_boundary_weak_pressure|boundary_signature_constructor|duplication_sensitive_transfer|two_sided_anchor_transfer|TO|general_magma_pressure|general_residual_pressure|duplication_sensitive_transfer,7,1,7,7,multi_key_or_feature_law,residual_search_family,FALSE_OBSTRUCTION,needs_finite_countermodel_constructor,20588,3110,1.0,0.2103948664692495,0.4856459330143541,1.0,1138,9.0,9,26.187795977465363,26.427976823354545,86.99093876273919,87.7025586918878,109.17959013912056,109.6414461604689,132.97116610044483,0.0,0.0,0.0,1,1,0.0,0.0,0.0,3706e8a86c5446e9,26,56c825e7b91a4123,6,False,0.4082482904638631,0.7337117307087384,0.2662882692912616,0.0,0.0,0.0,3.296780397361731
constructor_family+source_route+target_route,projection_or_boundary_breaking_table_family || left_boundary_constructor || collapse_to_trivial_or_singleton,7,1,7,7,multi_key_or_feature_law,projection_or_boundary_breaking_table_family,FALSE_OBSTRUCTION,needs_finite_countermodel_constructor,139209,20650,1.0,0.1904940721185582,0.4954857578840285,1.0,7780,7.0,7,28.505616910064983,28.635966654991687,82.47787161398183,82.6337362216507,107.3640645722021,107.63793604196093,132.87888261374272,0.0,0.0,0.0,1,1,0.0,0.0,0.0,d3c92849b6b99ddd,52,d3c92849b6b99ddd,2,True,0.7071067811865475,0.8681980515339465,0.13180194846605353,0.0,0.0,0.0,6.082420634702476
transition_signature,two_sided_boundary_preservation_pressure|boundary_signature_constructor|bare_variable_transfer|duplication_sensitive_transfer|two_sided_anchor_transfer|TO|general_magma_pressure|general_residual_pressure|duplication_sensitive_transfer,7,1,7,7,multi_key_or_feature_law,residual_search_family,FALSE_OBSTRUCTION,needs_finite_countermodel_constructor,19978,3006,1.0,0.2104611190378887,0.4836065573770491,1.0,1011,9.0,9,25.999535864976345,26.238645745698232,86.6723602624789,87.733722490079,108.66121918436512,109.5008674403504,132.8005121496495,0.0,0.0,0.0,1,1,0.0,0.0,0.0,05c1490f63af7dc6,11,ff6de053892901bc,19,False,0.22941573387056174,0.6532370802417529,0.34676291975824713,0.0,0.0,0.0,1.7750026959764467
constructor_family+source_route+target_route,projection_or_boundary_breaking_table_family || right_boundary_constructor || collapse_to_trivial_or_singleton,7,1,7,7,multi_key_or_feature_law,projection_or_boundary_breaking_table_family,FALSE_OBSTRUCTION,needs_finite_countermodel_constructor,139035,20423,1.0,0.1901676722464369,0.493961021136426,1.0,7674,7.0,7,28.500904619849816,28.598044714351094,82.44698794089781,82.545162926243,107.322670169139,107.46186782992334,132.70156370970824,0.0,0.0,0.0,1,1,0.0,0.0,0.0,82483fc84c434c72,52,d3c92849b6b99ddd,2,False,0.7071067811865475,0.8681980515339465,0.13180194846605353,0.0,0.0,0.0,6.082420634702476
coarse_pair_hash,8adb96303c48bf4f,1,1,1,1,multi_key_or_feature_law,residual_search_family,TRUE_LEANING_RESIDUAL,named_residual_requires_split,16501,16501,0.9348001205004712,0.2314029675280569,0.4008838383838383,0.9051162790697674,1075,8.0,8,31.17047425029142,31.17047425029142,89.430053298053,89.430053298053,115.96721995587492,115.96721995587492,131.85954156054822,0.0,0.0,0.0,1,1,0.0,0.0,0.0,1990d1e19cd77d1a,0,852abdece0363c9f,12,False,0.2886751345948129,0.6799038105676658,0.3200961894323342,0.0,0.0,0.0,2.266498507123598
transition_signature,isolated_variable_trivialization_pressure|collapse_to_trivial_or_singleton|bare_variable_elimination_transfer|bare_variable_transfer|duplication_sensitive_transfer|TO|right_absorption_pressure|right_boundary_constructor|absorption_model_transfer|bare_variable_transfer|duplication_sensitive_transfer|right_boundary_transfer,7,1,7,7,multi_key_or_feature_law,residual_search_family,TRUE_ROUTE,needs_lean_proof_template,78259,14028,1.0,0.2239406006975128,0.4944066147859922,1.0,4892,7.0,7,26.331438794747207,27.129596865797847,79.8295455151894,83.08189348929459,102.85333390710088,106.71101890190904,131.37601850607265,0.0,0.0,0.0,1,1,0.0,0.0,0.0,460b6f4a1096e6d7,17,ddfa6069a843764b,11,False,0.30151134457776363,0.6856801050599937,0.31431989494000634,0.0,0.0,0.0,2.374657450412351
constructor_family+source_mercury+target_mercury,proof_template_constraint_preservation_family || bare_variable_elimination_transfer|bare_variable_transfer|duplication_sensitive_transfer || absorption_model_transfer|bare_variable_transfer|duplication_sensitive_transfer|right_boundary_transfer,7,1,7,7,multi_key_or_feature_law,proof_template_constraint_preservation_family,TRUE_ROUTE,needs_lean_proof_template,78259,14028,1.0,0.2217535062192997,0.4968269230769231,1.0,4892,7.0,7,26.331438794747207,27.129596865797847,79.68632120292617,82.92221586040517,102.71010959483765,106.55134127301964,131.2163408771832,0.0,0.0,0.0,1,1,0.0,0.0,0.0,ddac675b533fd957,35,8111733277d40b92,8,False,0.35355339059327373,0.7090990257669733,0.29090097423302674,0.0,0.0,0.0,2.819235721576728
mercury_basin_loop,bare_variable_elimination_transfer|bare_variable_transfer|duplication_sensitive_transfer|absorption_model_transfer|bare_variable_transfer|duplication_sensitive_transfer|right_boundary_transfer|trivialization_escape_obstruction,7,1,7,7,multi_key_or_feature_law,residual_search_family,TRUE_ROUTE,needs_lean_proof_template,78259,14028,1.0,0.2209607609227334,0.495136186770428,1.0,4892,7.0,7,26.331438794747207,27.129596865797847,79.6353448258362,82.90226445163611,102.65913321774768,106.53138986425056,131.19638946841417,0.0,0.0,0.0,1,1,0.0,0.0,0.0,173582e84aa95c8a,50,c84c2bfb05e95486,6,False,0.4082482904638631,0.7337117307087384,0.2662882692912616,0.0,0.0,0.0,3.296780397361731
named_basin+target_mercury,trivialization_escape_obstruction || absorption_model_transfer|bare_variable_transfer|duplication_sensitive_transfer|right_boundary_transfer,7,1,7,7,trivialization_escape_obstruction,proof_template_constraint_preservation_family,TRUE_ROUTE,needs_lean_proof_template,80612,14471,1.0,0.2200781639779067,0.491914103923648,1.0,5023,7.0,7,26.423485124401225,27.226381074688867,79.82833497375715,82.6711238325184,102.9343238985377,106.38537287730182,131.0799957915124,0.0,0.0,0.0,1,1,0.0,0.0,0.0,a5a71beb5446a25c,27,732c650035e833df,9,False,0.3333333333333333,0.7000000000000001,0.29999999999999993,0.0,0.0,0.0,2.6453539091394545
named_basin+target_mercury,trivialization_escape_obstruction || absorption_model_transfer|bare_variable_transfer|duplication_sensitive_transfer|left_boundary_transfer,7,1,7,7,trivialization_escape_obstruction,proof_template_constraint_preservation_family,TRUE_ROUTE,needs_lean_proof_template,79055,14161,1.0,0.221114132357806,0.494548584544759,1.0,4903,7.0,7,26.36046483954609,27.148116848921628,79.73087078734538,82.5803862805511,102.77716696894944,106.22691539841212,130.90203484789683,0.0,0.0,0.0,1,1,0.0,0.0,0.0,809729bfb49dfdfe,27,732c650035e833df,9,False,0.3333333333333333,0.7000000000000001,0.29999999999999993,0.0,0.0,0.0,2.6453539091394545
mercury_basin_loop,bare_variable_elimination_transfer|bare_variable_transfer|duplication_sensitive_transfer|absorption_model_transfer|bare_variable_transfer|duplication_sensitive_transfer|left_boundary_transfer|trivialization_escape_obstruction,7,1,7,7,multi_key_or_feature_law,residual_search_family,TRUE_ROUTE,needs_lean_proof_template,76872,13827,1.0,0.2219731363304258,0.4927333705980994,1.0,4745,7.0,7,26.27269810258869,27.07343283475127,79.54644053631704,82.68016202040542,102.5104215359422,106.25213106543556,130.89924876234494,0.0,0.0,0.0,1,1,0.0,0.0,0.0,5d8e2db5b58d8027,50,c84c2bfb05e95486,6,False,0.4082482904638631,0.7337117307087384,0.2662882692912616,0.0,0.0,0.0,3.296780397361731
transition_signature,isolated_variable_trivialization_pressure|collapse_to_trivial_or_singleton|bare_variable_elimination_transfer|bare_variable_transfer|duplication_sensitive_transfer|TO|left_absorption_pressure|left_boundary_constructor|absorption_model_transfer|bare_variable_transfer|duplication_sensitive_transfer|left_boundary_transfer,7,1,7,7,multi_key_or_feature_law,residual_search_family,TRUE_ROUTE,needs_lean_proof_template,76872,13827,1.0,0.2206018977726804,0.4959420289855072,1.0,4745,7.0,7,26.27269810258869,27.07343283475127,79.45757158736626,82.64128608057695,102.42155258699144,106.21325512560708,130.86037282251647,0.0,0.0,0.0,1,1,0.0,0.0,0.0,f9f9dadd652901f1,17,ddfa6069a843764b,11,False,0.30151134457776363,0.6856801050599937,0.31431989494000634,0.0,0.0,0.0,2.374657450412351
constructor_family+source_mercury+target_mercury,proof_template_constraint_preservation_family || bare_variable_elimination_transfer|bare_variable_transfer|duplication_sensitive_transfer || absorption_model_transfer|bare_variable_transfer|duplication_sensitive_transfer|left_boundary_transfer,7,1,7,7,multi_key_or_feature_law,proof_template_constraint_preservation_family,TRUE_ROUTE,needs_lean_proof_template,76872,13827,1.0,0.2214581316758036,0.491106333072713,1.0,4745,7.0,7,26.27269810258869,27.07343283475127,79.51294789067107,82.5757757895258,102.47692889029624,106.14774483455594,130.79486253146536,0.0,0.0,0.0,1,1,0.0,0.0,0.0,687f7b3ac8e16948,35,8111733277d40b92,8,False,0.35355339059327373,0.7090990257669733,0.29090097423302674,0.0,0.0,0.0,2.819235721576728
transition_signature,right_absorption_pressure|right_boundary_constructor|absorption_model_transfer|bare_variable_transfer|duplication_sensitive_transfer|right_boundary_transfer|TO|shape_preservation_pressure|shape_quotient_constructor|duplication_sensitive_transfer|shape_preserving_renaming_transfer,7,1,7,7,multi_key_or_feature_law,residual_search_family,FALSE_OBSTRUCTION,needs_finite_countermodel_constructor,17131,2584,1.0,0.2108075521450346,0.4818281938325991,1.0,959,9.0,9,25.452004224725844,25.68129611079275,85.0246723381747,86.09523425536767,106.57510807008484,107.61189693841786,130.7578079855523,0.0,0.0,0.0,1,1,0.0,0.0,0.0,6debe5d030ba68f9,51,6debe5d030ba68f9,3,True,0.5773502691896258,0.8098076211353317,0.19019237886466833,0.0,0.0,0.0,4.837440865250368
transition_signature,right_boundary_weak_pressure|right_boundary_constructor|duplication_sensitive_transfer|right_boundary_transfer|TO|right_boundary_weak_pressure|right_boundary_constructor|duplication_sensitive_transfer|right_boundary_transfer|shape_preserving_renaming_transfer,2,2,4,2,multi_key_or_feature_law,residual_search_family,TRUE_LEANING_RESIDUAL,named_residual_requires_split,9414,4878,0.9463269509390104,0.2220229361088048,0.4517906336088154,0.9551835585166436,803,8.5,9,27.20813054846569,28.46304489438417,83.18404253668771,89.04982528959037,106.45458225198875,113.22496587204242,130.73363743202415,0.0,0.0,0.0,1,1,0.0,0.0,0.0,2034b4f576278f6d,39,89b6c6e94eaff33c,3,False,0.5773502691896258,0.8098076211353317,0.19019237886466833,0.0,0.0,0.0,4.837440865250368
named_basin,same_behavior_continuation_route,1,1,1,1,same_behavior_continuation_route,residual_search_family,TRUE_LEANING_RESIDUAL,named_residual_requires_split,202966,202966,0.9286711721139996,0.2162847888961457,0.4078638497652583,0.8992746358436045,16957,6.0,6,33.47437926031709,33.47437926031709,82.82245127058034,82.82245127058034,112.30702647825984,112.30702647825984,130.69138497182337,0.0,0.0,0.0,1,1,0.0,0.0,0.0,1119f81859028404,57,1119f81859028404,2,True,0.7071067811865475,0.8681980515339465,0.13180194846605353,0.0,0.0,0.0,6.082420634702476
named_basin+constructor_family,same_behavior_continuation_route || residual_search_family,1,1,1,1,same_behavior_continuation_route,residual_search_family,TRUE_LEANING_RESIDUAL,named_residual_requires_split,202966,202966,0.9286711721139996,0.2161632806428035,0.4107981220657276,0.8992746358436045,16957,6.0,6,33.47437926031709,33.47437926031709,82.81417721216633,82.81417721216633,112.29875241984584,112.29875241984584,130.68311091340937,0.0,0.0,0.0,1,1,0.0,0.0,0.0,78250ebe18502112,57,1119f81859028404,2,False,0.7071067811865475,0.8681980515339465,0.13180194846605353,0.0,0.0,0.0,6.082420634702476
named_basin+source_mercury,left_boundary_break_obstruction || bare_variable_transfer|duplication_sensitive_transfer|left_boundary_transfer,7,1,7,7,left_boundary_break_obstruction,projection_or_boundary_breaking_table_family,FALSE_OBSTRUCTION,needs_finite_countermodel_constructor,339286,50104,1.0,0.2222481192548699,0.4991387230133211,1.0,19121,6.0,6,28.3647933396234,28.4697522139022,79.11381925565112,79.20143505612342,104.34383844593825,104.48771551932052,130.61952486358177,0.0,0.0,0.0,1,1,0.0,0.0,0.0,2a8980f478dafa4c,56,2a8980f478dafa4c,3,True,0.5773502691896258,0.8098076211353317,0.19019237886466833,0.0,0.0,0.0,4.837440865250368
named_basin+source_mercury,right_boundary_break_obstruction || bare_variable_transfer|duplication_sensitive_transfer|right_boundary_transfer,7,1,7,7,right_boundary_break_obstruction,projection_or_boundary_breaking_table_family,FALSE_OBSTRUCTION,needs_finite_countermodel_constructor,338951,49506,1.0,0.2218330649013476,0.4948776323278315,1.0,18717,6.0,6,28.361431202068328,28.431958585345228,79.08092389927295,79.20578325152809,104.29764203725014,104.48417015527708,130.61499164709326,0.0,0.0,0.0,1,1,0.0,0.0,0.0,0f9292e08557c09d,3,0f9292e08557c09d,6,True,0.4082482904638631,0.7337117307087384,0.2662882692912616,0.0,0.0,0.0,3.296780397361731
transition_signature,left_boundary_weak_pressure|left_boundary_constructor|duplication_sensitive_transfer|left_boundary_transfer|shape_preserving_renaming_transfer|TO|internal_anchor_pressure|expansion_pressure|bare_variable_transfer|duplication_sensitive_transfer,7,1,7,7,multi_key_or_feature_law,residual_search_family,FALSE_OBSTRUCTION,needs_finite_countermodel_constructor,16727,2456,1.0,0.2088797267571898,0.4801401869158879,1.0,859,9.0,9,25.34968701580844,25.44458993135504,84.63273752081305,86.16926667690954,106.04990630198536,107.33813643006704,130.4601833795747,0.0,0.0,0.0,1,1,0.0,0.0,0.0,3fa69621019d4eb4,13,57239a084c4ef92a,7,False,0.3779644730092272,0.7200840128541524,0.27991598714584764,0.0,0.0,0.0,3.031080432746792
transition_signature,right_boundary_weak_pressure|right_boundary_constructor|duplication_sensitive_transfer|right_boundary_transfer|shape_preserving_renaming_transfer|TO|internal_anchor_pressure|expansion_pressure|bare_variable_transfer|duplication_sensitive_transfer,7,1,7,7,multi_key_or_feature_law,residual_search_family,FALSE_OBSTRUCTION,needs_finite_countermodel_constructor,16542,2550,1.0,0.2087437042968423,0.4845183486238532,1.0,936,9.0,9,25.3129850648591,25.62984917093891,84.4982379042026,85.94179804137339,105.93290739478948,107.3399700562975,130.4508960953037,0.0,0.0,0.0,1,1,0.0,0.0,0.0,8161ab5e86133506,13,57239a084c4ef92a,7,False,0.3779644730092272,0.7200840128541524,0.27991598714584764,0.0,0.0,0.0,3.031080432746792
transition_signature,general_magma_pressure|general_residual_pressure|duplication_sensitive_transfer|TO|two_sided_boundary_weak_pressure|boundary_signature_constructor|duplication_sensitive_transfer|same_varset_substitution_transfer|two_sided_anchor_transfer,1,1,1,1,multi_key_or_feature_law,residual_search_family,TRUE_LEANING_RESIDUAL,named_residual_requires_split,6697,6697,0.9264946672297883,0.234521586938251,0.4178614097968938,0.897172236503856,389,9.0,9,29.329377371911928,29.329377371911928,90.68564563124652,90.68564563124652,115.35900926680536,115.35900926680536,130.3258261324708,0.0,0.0,0.0,1,1,0.0,0.0,0.0,0204175ff5b2fad0,55,0204175ff5b2fad0,1,True,1.0,1.0,0.0,0.0,0.0,0.0,9.079441541679836
constructor_family+source_route+target_route,free_variable_separating_countermodel_family || left_boundary_constructor || collapse_to_trivial_or_singleton,7,1,7,7,multi_key_or_feature_law,free_variable_separating_countermodel_family,FALSE_OBSTRUCTION,needs_finite_countermodel_constructor,245675,36113,1.0,0.2392625019352119,0.4971172325432416,1.0,12958,6.0,6,27.1383633077784,27.222821921493843,77.81406165710108,80.2805188974332,101.9297517922452,104.26643044819926,130.07540703023903,0.0,0.0,0.0,1,1,0.0,0.0,0.0,255ffadcb554b68e,10,255ffadcb554b68e,3,True,0.5773502691896258,0.8098076211353317,0.19019237886466833,0.0,0.0,0.0,4.837440865250368
route_basin_constructor_loop,left_boundary_constructor|collapse_to_trivial_or_singleton|new_variable_freedom_obstruction|free_variable_separating_countermodel_family,7,1,7,7,multi_key_or_feature_law,residual_search_family,FALSE_OBSTRUCTION,needs_finite_countermodel_constructor,245675,36113,1.0,0.2396625593438437,0.4957733511884834,1.0,12958,6.0,6,27.1383633077784,27.222821921493843,77.83924099100966,80.24989329800665,101.9549311261538,104.23580484877272,130.04478143081246,0.0,0.0,0.0,1,1,0.0,0.0,0.0,a05f2862fda06cd0,4,a05f2862fda06cd0,3,True,0.5773502691896258,0.8098076211353317,0.19019237886466833,0.0,0.0,0.0,4.837440865250368
constructor_family+source_route+target_route,free_variable_separating_countermodel_family || right_boundary_constructor || collapse_to_trivial_or_singleton,7,1,7,7,multi_key_or_feature_law,free_variable_separating_countermodel_family,FALSE_OBSTRUCTION,needs_finite_countermodel_constructor,246266,36184,1.0,0.239146156754292,0.4947035708183838,1.0,12762,6.0,6,27.145084658765,27.232801235699142,77.8217246505518,80.18857883031862,101.9347576997753,104.09307280377666,129.90445210436033,0.0,0.0,0.0,1,1,0.0,0.0,0.0,f87af91785c91b62,10,255ffadcb554b68e,3,False,0.5773502691896258,0.8098076211353317,0.19019237886466833,0.0,0.0,0.0,4.837440865250368
route_basin_constructor_loop,right_boundary_constructor|collapse_to_trivial_or_singleton|new_variable_freedom_obstruction|free_variable_separating_countermodel_family,7,1,7,7,multi_key_or_feature_law,residual_search_family,FALSE_OBSTRUCTION,needs_finite_countermodel_constructor,246266,36184,1.0,0.2396282698591352,0.4926848874598071,1.0,12762,6.0,6,27.145084658765,27.232801235699142,77.85210851647939,80.1065957896526,101.9651415657029,104.01108976311065,129.8224690636943,0.0,0.0,0.0,1,1,0.0,0.0,0.0,178de55b3e0c7724,4,a05f2862fda06cd0,3,False,0.5773502691896258,0.8098076211353317,0.19019237886466833,0.0,0.0,0.0,4.837440865250368
transition_signature,left_boundary_weak_pressure|left_boundary_constructor|duplication_sensitive_transfer|left_boundary_transfer|shape_preserving_renaming_transfer|TO|isolated_variable_trivialization_pressure|collapse_to_trivial_or_singleton|bare_variable_elimination_transfer|bare_variable_transfer|duplication_sensitive_transfer,7,1,7,7,multi_key_or_feature_law,residual_search_family,FALSE_OBSTRUCTION,needs_finite_countermodel_constructor,14700,2212,1.0,0.210199653971278,0.4856321839080459,1.0,801,9.0,9,24.788435924133275,25.0173558589574,83.31424077895117,85.65705561032684,104.275422145328,106.82752565204694,129.82040415811008,0.0,0.0,0.0,1,1,0.0,0.0,0.0,f34aba4962ef2342,24,a14df553b2a2584d,3,False,0.5773502691896258,0.8098076211353317,0.19019237886466833,0.0,0.0,0.0,4.837440865250368
named_basin+target_route,left_boundary_break_obstruction || right_boundary_constructor,7,1,7,7,left_boundary_break_obstruction,projection_or_boundary_breaking_table_family,FALSE_OBSTRUCTION,needs_finite_countermodel_constructor,309077,45605,1.0,0.2219555593017756,0.4941725692208628,1.0,17175,6.0,6,28.053169884848053,28.15823663029692,78.40997935345122,78.7146491574756,103.35258458372006,103.73156125174133,129.77011791135044,0.0,0.0,0.0,1,1,0.0,0.0,0.0,0b9089a04653e0e5,2,234d29f04d35419e,7,False,0.3779644730092272,0.7200840128541524,0.27991598714584764,0.0,0.0,0.0,3.031080432746792
transition_signature,left_absorption_pressure|left_boundary_constructor|absorption_model_transfer|bare_variable_transfer|duplication_sensitive_transfer|left_boundary_transfer|TO|shape_preservation_pressure|shape_quotient_constructor|duplication_sensitive_transfer|shape_preserving_renaming_transfer,7,1,7,7,multi_key_or_feature_law,residual_search_family,FALSE_OBSTRUCTION,needs_finite_countermodel_constructor,16765,2533,1.0,0.2094138433621159,0.4864532019704433,1.0,922,9.0,9,25.36557179919736,25.57775643674376,84.68626070310147,85.00242507926141,106.1532166018037,106.61744617910573,129.7417621927027,0.0,0.0,0.0,1,1,0.0,0.0,0.0,e3d31beb4aad07e5,51,6debe5d030ba68f9,3,False,0.5773502691896258,0.8098076211353317,0.19019237886466833,0.0,0.0,0.0,4.837440865250368
named_basin+source_route,new_variable_freedom_obstruction || boundary_signature_constructor,7,1,7,7,new_variable_freedom_obstruction,free_variable_separating_countermodel_family,FALSE_OBSTRUCTION,needs_finite_countermodel_constructor,250291,36584,0.9993039701312368,0.2391192559327591,0.495409604519774,0.9978546159990872,13096,6.0,6,27.165364284979148,27.2380157028664,77.88787730947978,79.83157087583331,102.02104174021156,103.78419865132156,129.60535372298105,0.0,0.0,0.0,1,1,0.0,0.0,0.0,f3b2379a36137307,54,f3b2379a36137307,1,True,1.0,1.0,0.0,0.0,0.0,0.0,9.079441541679836
coarse_pair_hash,37ee0dd795faaf96,4,1,4,4,multi_key_or_feature_law,residual_search_family,TRUE_LEANING_RESIDUAL,named_residual_requires_split,18504,5400,0.9385376736617436,0.2221057288354497,0.4341507720254315,0.9357926258117436,1231,8.25,9,26.607504077197703,28.449946514231204,79.75773008660741,84.81709226691983,102.39521636637669,108.82653989035065,129.50690357477663,0.0,0.0,0.0,1,1,0.0,0.0,0.0,59c5e307c594b197,0,852abdece0363c9f,12,False,0.2886751345948129,0.6799038105676658,0.3200961894323342,0.0,0.0,0.0,2.266498507123598
named_basin+target_route,right_boundary_break_obstruction || left_boundary_constructor,7,1,7,7,right_boundary_break_obstruction,projection_or_boundary_breaking_table_family,FALSE_OBSTRUCTION,needs_finite_countermodel_constructor,306741,44699,1.0,0.2220431079700974,0.4943930562595033,1.0,17214,6.0,6,28.030106614277532,28.09026627839229,78.36274381372725,78.4967656386167,103.28922593360706,103.44019799316337,129.47116798392602,0.0,0.0,0.0,1,1,0.0,0.0,0.0,794ad0a7abe00187,2,234d29f04d35419e,7,False,0.3779644730092272,0.7200840128541524,0.27991598714584764,0.0,0.0,0.0,3.031080432746792
coarse_pair_hash,365fbea0a057360a,7,1,7,7,multi_key_or_feature_law,residual_search_family,TRUE_LEANING_RESIDUAL,named_residual_requires_split,25320,4331,0.9564145189358878,0.326821877165928,0.4391634980988592,0.9350365363807056,1723,8.0,8,24.82974552206576,25.509233562572863,83.1451868765688,84.14059227417468,104.34331452881956,105.43299653033252,128.7747032178228,0.0,0.0,0.0,1,1,0.0,0.0,0.0,1b6e176a8c0dafef,0,852abdece0363c9f,12,False,0.2886751345948129,0.6799038105676658,0.3200961894323342,0.0,0.0,0.0,2.266498507123598
named_basin+target_mercury,mercury_signature_transition_residual || duplication_sensitive_transfer|left_boundary_transfer|shape_preserving_renaming_transfer,7,1,7,7,mercury_signature_transition_residual,residual_search_family,TRUE_LEANING_RESIDUAL,named_residual_requires_split,91654,14729,0.9378269037212448,0.2497365033060849,0.4288403614457831,0.9321703840841292,6690,7.0,7,26.991825483564984,27.40114971997645,77.76931609991554,80.29303735224838,101.21199832156864,104.00571643664112,128.62522210444612,0.0,0.0,0.0,1,1,0.0,0.0,0.0,af8121151c3a6031,1,3d428a4458ca45ab,6,False,0.4082482904638631,0.7337117307087384,0.2662882692912616,0.0,0.0,0.0,3.296780397361731
named_basin+target_mercury,mercury_signature_transition_residual || duplication_sensitive_transfer|right_boundary_transfer|shape_preserving_renaming_transfer,7,1,7,7,mercury_signature_transition_residual,residual_search_family,TRUE_LEANING_RESIDUAL,named_residual_requires_split,91895,14787,0.9368459251672436,0.2490192309039083,0.4212158808933002,0.932138247187108,6846,7.0,7,27.001543189637893,27.410943906824016,77.6621834532251,79.73066877439334,101.12273836384291,103.4669575079988,128.08899273978454,0.0,0.0,0.0,1,1,0.0,0.0,0.0,b27f6f5ae2bf41fa,1,3d428a4458ca45ab,6,False,0.4082482904638631,0.7337117307087384,0.2662882692912616,0.0,0.0,0.0,3.296780397361731
route_basin_constructor_loop,left_boundary_constructor|right_boundary_constructor|left_boundary_break_obstruction|projection_or_boundary_breaking_table_family,7,1,7,7,multi_key_or_feature_law,residual_search_family,FALSE_OBSTRUCTION,needs_finite_countermodel_constructor,264755,38927,1.0,0.2225444630792258,0.4966887417218544,1.0,14650,6.0,6,27.566355687427023,27.66106728498968,77.31245602506651,77.48319995328413,101.8104674029228,102.03298657798942,127.91675821248496,0.0,0.0,0.0,1,1,0.0,0.0,0.0,5b137c9607628b2e,6,5b137c9607628b2e,5,True,0.4472135954999579,0.7512461179749811,0.2487538820250189,0.0,0.0,0.0,3.643294160039365
constructor_family+source_route+target_route,projection_or_boundary_breaking_table_family || left_boundary_constructor || right_boundary_constructor,7,1,7,7,multi_key_or_feature_law,projection_or_boundary_breaking_table_family,FALSE_OBSTRUCTION,needs_finite_countermodel_constructor,264755,38927,1.0,0.222149736227268,0.4947697170379289,1.0,14650,6.0,6,27.566355687427023,27.66106728498968,77.28751226912404,77.36816175538667,101.78552364698032,101.90946069931276,127.7932323338083,0.0,0.0,0.0,1,1,0.0,0.0,0.0,99bdf55dd8e99e98,37,0a46255606a003a6,5,False,0.4472135954999579,0.7512461179749811,0.2487538820250189,0.0,0.0,0.0,3.643294160039365
route_basin_constructor_loop,right_boundary_constructor|left_boundary_constructor|right_boundary_break_obstruction|projection_or_boundary_breaking_table_family,7,1,7,7,multi_key_or_feature_law,residual_search_family,FALSE_OBSTRUCTION,needs_finite_countermodel_constructor,262640,38188,1.0,0.222410805928736,0.4943001243609231,1.0,14617,6.0,6,27.541874589770885,27.594658548099986,77.24902706294931,77.42241445179042,101.7275915675904,101.84363508574276,127.71938615380331,0.0,0.0,0.0,1,1,0.0,0.0,0.0,a9f9ced67d025fa9,6,5b137c9607628b2e,5,False,0.4472135954999579,0.7512461179749811,0.2487538820250189,0.0,0.0,0.0,3.643294160039365
constructor_family+source_route+target_route,projection_or_boundary_breaking_table_family || right_boundary_constructor || left_boundary_constructor,7,1,7,7,multi_key_or_feature_law,projection_or_boundary_breaking_table_family,FALSE_OBSTRUCTION,needs_finite_countermodel_constructor,262640,38188,1.0,0.22155609072145,0.4943696987423223,1.0,14617,6.0,6,27.541874589770885,27.594658548099986,77.19493120070196,77.45666808501369,101.67349570534304,101.84107152776645,127.716822595827,0.0,0.0,0.0,1,1,0.0,0.0,0.0,66e07cbf9d663c43,37,0a46255606a003a6,5,False,0.4472135954999579,0.7512461179749811,0.2487538820250189,0.0,0.0,0.0,3.643294160039365
named_basin+target_mercury,trivialization_escape_obstruction || duplication_sensitive_transfer|left_boundary_transfer,7,1,7,7,trivialization_escape_obstruction,proof_template_constraint_preservation_family,TRUE_ROUTE,needs_lean_proof_template,60692,10575,1.0,0.2218709750240473,0.4934782608695652,1.0,3818,7.0,7,25.48128200301476,26.184953217030166,77.53005540259376,80.43791683728438,99.7924444334976,103.25555288331104,127.66634424085576,0.0,0.0,0.0,1,1,0.0,0.0,0.0,d95e12125496fe22,27,732c650035e833df,9,False,0.3333333333333333,0.7000000000000001,0.29999999999999993,0.0,0.0,0.0,2.6453539091394545
named_basin+target_mercury,trivialization_escape_obstruction || duplication_sensitive_transfer|right_boundary_transfer,7,1,7,7,trivialization_escape_obstruction,proof_template_constraint_preservation_family,TRUE_ROUTE,needs_lean_proof_template,59529,10749,1.0,0.2192023839465472,0.4946732954545454,1.0,3938,7.0,7,25.411277861516076,26.240320503633267,77.18286018861002,80.2925696828287,99.40788143057488,103.12776919966691,127.51921257421353,0.0,0.0,0.0,1,1,0.0,0.0,0.0,3c3a5a1d3d2a98cc,27,732c650035e833df,9,False,0.3333333333333333,0.7000000000000001,0.29999999999999993,0.0,0.0,0.0,2.6453539091394545
constructor_family+source_mercury+target_mercury,proof_template_constraint_preservation_family || bare_variable_elimination_transfer|bare_variable_transfer|duplication_sensitive_transfer || duplication_sensitive_transfer|right_boundary_transfer,7,1,7,7,multi_key_or_feature_law,proof_template_constraint_preservation_family,TRUE_ROUTE,needs_lean_proof_template,57736,10498,1.0,0.2216382626765318,0.4945158850226929,1.0,3819,7.0,7,25.31566749353625,26.167467117762083,77.07189084885974,80.19032698989811,99.20995683892797,102.9551880403026,127.31604924352004,0.0,0.0,0.0,1,1,0.0,0.0,0.0,08fd96e1adcff19e,35,8111733277d40b92,8,False,0.35355339059327373,0.7090990257669733,0.29090097423302674,0.0,0.0,0.0,2.819235721576728
transition_signature,right_boundary_weak_pressure|right_boundary_constructor|duplication_sensitive_transfer|right_boundary_transfer|shape_preserving_renaming_transfer|TO|isolated_variable_trivialization_pressure|collapse_to_trivial_or_singleton|bare_variable_elimination_transfer|bare_variable_transfer|duplication_sensitive_transfer,7,1,7,7,multi_key_or_feature_law,residual_search_family,FALSE_OBSTRUCTION,needs_finite_countermodel_constructor,14080,2116,1.0,0.2076652703172314,0.4831288343558282,1.0,748,9.0,9,24.60507303500999,24.822868976706097,82.67319144241822,83.72383350899355,103.46614254001548,104.3593517433448,127.30914110166128,0.0,0.0,0.0,1,1,0.0,0.0,0.0,d5840ed3a46a4173,24,a14df553b2a2584d,3,False,0.5773502691896258,0.8098076211353317,0.19019237886466833,0.0,0.0,0.0,4.837440865250368
named_basin+coarse_pair_hash,trivialization_escape_obstruction || a3c56cf8999cc714,6,1,7,6,trivialization_escape_obstruction,proof_template_constraint_preservation_family,TRUE_ROUTE,needs_lean_proof_template,54262,11100,1.0,0.2214215664730847,0.4933763586956521,1.0,3687,7.0,7,25.824797535337296,26.55350143126629,77.85025322826625,80.48834759203841,100.43001657383996,103.62474374872222,127.2558923680309,0.0,0.0,0.0,1,1,0.0,0.0,0.0,6bbff6d25a693567,59,6bbff6d25a693567,1,True,1.0,1.0,0.0,0.0,0.0,0.0,9.079441541679836
mercury_basin_loop,bare_variable_elimination_transfer|bare_variable_transfer|duplication_sensitive_transfer|duplication_sensitive_transfer|right_boundary_transfer|trivialization_escape_obstruction,7,1,7,7,multi_key_or_feature_law,residual_search_family,TRUE_ROUTE,needs_lean_proof_template,57736,10498,1.0,0.220634430616668,0.4939209726443769,1.0,3819,7.0,7,25.31566749353625,26.167467117762083,77.00864020050162,80.11156806414718,99.14670619056984,102.87642911455166,127.23729031776912,0.0,0.0,0.0,1,1,0.0,0.0,0.0,2d1fcfe468ba6949,50,c84c2bfb05e95486,6,False,0.4082482904638631,0.7337117307087384,0.2662882692912616,0.0,0.0,0.0,3.296780397361731
transition_signature,isolated_variable_trivialization_pressure|collapse_to_trivial_or_singleton|bare_variable_elimination_transfer|bare_variable_transfer|duplication_sensitive_transfer|TO|right_boundary_weak_pressure|right_boundary_constructor|duplication_sensitive_transfer|right_boundary_transfer,7,1,7,7,multi_key_or_feature_law,residual_search_family,TRUE_ROUTE,needs_lean_proof_template,57736,10498,1.0,0.2204872632420651,0.4933852140077821,1.0,3819,7.0,7,25.31566749353625,26.167467117762083,76.9992264921071,80.0678347750198,99.13729248217533,102.83269582542428,127.19355702864172,0.0,0.0,0.0,1,1,0.0,0.0,0.0,91e8b7975940886e,17,ddfa6069a843764b,11,False,0.30151134457776363,0.6856801050599937,0.31431989494000634,0.0,0.0,0.0,2.374657450412351
route_basin_constructor_loop,right_boundary_constructor|expansion_pressure|new_variable_freedom_obstruction|free_variable_separating_countermodel_family,7,1,7,7,multi_key_or_feature_law,residual_search_family,FALSE_OBSTRUCTION,needs_finite_countermodel_constructor,186980,27227,1.0,0.240008781951398,0.4958412547528517,1.0,9884,6.0,6,26.34285568718092,26.399576659603124,75.8317095196951,78.38143665663273,99.21552013670096,101.65608732838407,127.19205732317984,0.0,0.0,0.0,1,1,0.0,0.0,0.0,2d944b09ca5b3aff,58,2d944b09ca5b3aff,4,True,0.5,0.775,0.22499999999999998,0.0,0.0,0.0,4.120913721630244
constructor_family+source_route+target_route,free_variable_separating_countermodel_family || right_boundary_constructor || expansion_pressure,7,1,7,7,multi_key_or_feature_law,free_variable_separating_countermodel_family,FALSE_OBSTRUCTION,needs_finite_countermodel_constructor,186980,27227,1.0,0.239622213214765,0.4949208725406331,1.0,9884,6.0,6,26.34285568718092,26.399576659603124,75.80806519193675,78.36425690316788,99.19187580894264,101.63890757491924,127.174877569715,0.0,0.0,0.0,1,1,0.0,0.0,0.0,fa9cb39310cec3da,62,fa9cb39310cec3da,3,True,0.5773502691896258,0.8098076211353317,0.19019237886466833,0.0,0.0,0.0,4.837440865250368
mercury_basin_loop,duplication_sensitive_transfer|bare_variable_transfer|duplication_sensitive_transfer|right_boundary_transfer|mercury_signature_transition_residual,7,1,7,7,multi_key_or_feature_law,residual_search_family,FALSE_OBSTRUCTION,needs_finite_countermodel_constructor,115429,17165,1.0,0.36253202490937,0.4928614823815309,1.0,6403,6.0,6,24.981965780404444,25.108618275366723,79.38261191093989,79.8852590074139,101.52855992247952,102.1179200956011,127.17154736860924,0.0,0.0,0.0,1,1,0.0,0.0,0.0,3fa80d78b9639e4b,53,6540a33d935a6e6d,3,False,0.5773502691896258,0.8098076211353317,0.19019237886466833,0.0,0.0,0.0,4.837440865250368
constructor_family+source_mercury+target_mercury,residual_search_family || duplication_sensitive_transfer || bare_variable_transfer|duplication_sensitive_transfer|right_boundary_transfer,7,1,7,7,multi_key_or_feature_law,residual_search_family,FALSE_OBSTRUCTION,needs_finite_countermodel_constructor,115429,17165,1.0,0.3632954882339973,0.4928040854224698,1.0,6403,6.0,6,24.981965780404444,25.108618275366723,79.42680595590058,79.90358639218218,101.5727539674402,102.1113157869619,127.16494305997004,0.0,0.0,0.0,1,1,0.0,0.0,0.0,f4310849ed3d507c,41,e39f0f3e12a4c7b0,7,False,0.3779644730092272,0.7200840128541524,0.27991598714584764,0.0,0.0,0.0,3.031080432746792
transition_signature,isolated_variable_trivialization_pressure|collapse_to_trivial_or_singleton|bare_variable_elimination_transfer|bare_variable_transfer|duplication_sensitive_transfer|TO|left_boundary_weak_pressure|left_boundary_constructor|duplication_sensitive_transfer|left_boundary_transfer,7,1,7,7,multi_key_or_feature_law,residual_search_family,TRUE_ROUTE,needs_lean_proof_template,58899,10192,1.0,0.2198837565360833,0.4912280701754385,1.0,3716,7.0,7,25.38936682753229,26.0714794734445,77.14940496163716,79.93673106157767,99.32933603317352,102.65430905852566,127.03511313656452,0.0,0.0,0.0,1,1,0.0,0.0,0.0,6e7e39a31f16322d,17,ddfa6069a843764b,11,False,0.30151134457776363,0.6856801050599937,0.31431989494000634,0.0,0.0,0.0,2.374657450412351
named_basin+target_route,same_behavior_continuation_route || collapse_to_trivial_or_singleton,7,1,7,7,same_behavior_continuation_route,residual_search_family,TRUE_ROUTE,needs_lean_proof_template,130184,23515,1.0,0.3097876536149538,0.4936264680607276,1.0,8652,6.0,6,25.391659881515388,26.13469069254075,77.21599041638397,78.70930090920707,99.81978213559078,101.84098611206788,127.01490561521352,0.0,0.0,0.0,1,1,0.0,0.0,0.0,1e8685c194938929,61,1e8685c194938929,3,True,0.5773502691896258,0.8098076211353317,0.19019237886466833,0.0,0.0,0.0,4.837440865250368
named_basin+source_route,same_behavior_continuation_route || collapse_to_trivial_or_singleton,7,1,7,7,same_behavior_continuation_route,residual_search_family,TRUE_ROUTE,needs_lean_proof_template,130184,23515,1.0,0.3098643537768815,0.4929101221640488,1.0,8652,6.0,6,25.391659881515388,26.13469069254075,77.22044607606661,78.70855083957065,99.82423779527343,101.84023604243144,127.01415554557708,0.0,0.0,0.0,1,1,0.0,0.0,0.0,1f26fec029d4a3c7,61,1e8685c194938929,3,False,0.5773502691896258,0.8098076211353317,0.19019237886466833,0.0,0.0,0.0,4.837440865250368
constructor_family+source_mercury+target_mercury,residual_search_family || duplication_sensitive_transfer || bare_variable_transfer|duplication_sensitive_transfer|left_boundary_transfer,7,1,7,7,multi_key_or_feature_law,residual_search_family,FALSE_OBSTRUCTION,needs_finite_countermodel_constructor,113901,16609,1.0,0.3625773784751011,0.4963731443994602,1.0,6528,6.0,6,24.941300532970168,25.012049171566066,79.27784258885598,79.78098052235457,101.40301115895628,101.96263928505536,127.00294070199814,0.0,0.0,0.0,1,1,0.0,0.0,0.0,a88db09becaae934,41,e39f0f3e12a4c7b0,7,False,0.3779644730092272,0.7200840128541524,0.27991598714584764,0.0,0.0,0.0,3.031080432746792
mercury_basin_loop,duplication_sensitive_transfer|bare_variable_transfer|duplication_sensitive_transfer|left_boundary_transfer|mercury_signature_transition_residual,7,1,7,7,multi_key_or_feature_law,residual_search_family,FALSE_OBSTRUCTION,needs_finite_countermodel_constructor,113901,16609,1.0,0.3627848027080703,0.4929360181877233,1.0,6528,6.0,6,24.941300532970168,25.012049171566066,79.28996898527423,79.74568509575883,101.41513755537456,101.94388520857903,126.98418662552184,0.0,0.0,0.0,1,1,0.0,0.0,0.0,c3e9d3d96e7fc257,53,6540a33d935a6e6d,3,False,0.5773502691896258,0.8098076211353317,0.19019237886466833,0.0,0.0,0.0,4.837440865250368
constructor_family+source_route+target_route,residual_search_family || collapse_to_trivial_or_singleton || collapse_to_trivial_or_singleton,7,1,7,7,multi_key_or_feature_law,residual_search_family,TRUE_ROUTE,needs_lean_proof_template,130184,23515,1.0,0.3097639423594269,0.4931967917502148,1.0,8652,6.0,6,25.391659881515388,26.13469069254075,77.21435686737668,78.67797235490951,99.81814858658348,101.8096575577703,126.98357706091592,0.0,0.0,0.0,1,1,0.0,0.0,0.0,7f7add23c1892786,22,9075071d67c9e6be,2,False,0.7071067811865475,0.8681980515339465,0.13180194846605353,0.0,0.0,0.0,6.082420634702476
constructor_family+source_mercury+target_mercury,residual_search_family || bare_variable_elimination_transfer|bare_variable_transfer|duplication_sensitive_transfer || bare_variable_elimination_transfer|bare_variable_transfer|duplication_sensitive_transfer,7,1,7,7,multi_key_or_feature_law,residual_search_family,TRUE_ROUTE,needs_lean_proof_template,129212,23356,1.0,0.3075696017181291,0.4958845478489904,1.0,8591,6.0,6,25.370510837896827,26.115701352918038,77.02692224727413,78.69529818357142,99.61132763190528,101.81145327451928,126.97787846738235,0.0,0.0,0.0,1,1,0.0,0.0,0.0,c9e392bddb9b08a9,20,a14ba09511145267,6,False,0.4082482904638631,0.7337117307087384,0.2662882692912616,0.0,0.0,0.0,3.296780397361731
route_basin_constructor_loop,collapse_to_trivial_or_singleton|collapse_to_trivial_or_singleton|same_behavior_continuation_route|residual_search_family,7,1,7,7,multi_key_or_feature_law,residual_search_family,TRUE_ROUTE,needs_lean_proof_template,130184,23515,1.0,0.3086147719903303,0.4958551483420593,1.0,8652,6.0,6,25.391659881515388,26.13469069254075,77.14673131972349,78.64614928975693,99.7505230389303,101.77783449261771,126.95175399576335,0.0,0.0,0.0,1,1,0.0,0.0,0.0,ef89dc47322afe98,61,1e8685c194938929,3,False,0.5773502691896258,0.8098076211353317,0.19019237886466833,0.0,0.0,0.0,4.837440865250368
mercury_basin_loop,bare_variable_elimination_transfer|bare_variable_transfer|duplication_sensitive_transfer|bare_variable_elimination_transfer|bare_variable_transfer|duplication_sensitive_transfer|same_behavior_continuation_route,7,1,7,7,multi_key_or_feature_law,residual_search_family,TRUE_ROUTE,needs_lean_proof_template,129212,23356,1.0,0.3081482774981354,0.4969820017559262,1.0,8591,6.0,6,25.370510837896827,26.115701352918038,77.06070068941493,78.66745177422365,99.64510607404608,101.7836068651715,126.9500320580346,0.0,0.0,0.0,1,1,0.0,0.0,0.0,3494eda51048af4f,20,a14ba09511145267,6,False,0.4082482904638631,0.7337117307087384,0.2662882692912616,0.0,0.0,0.0,3.296780397361731
named_basin+source_mercury,same_behavior_continuation_route || bare_variable_elimination_transfer|bare_variable_transfer|duplication_sensitive_transfer,7,1,7,7,same_behavior_continuation_route,residual_search_family,TRUE_ROUTE,needs_lean_proof_template,130093,23510,1.0,0.3086002470538935,0.4909103922129973,1.0,8644,6.0,6,25.389381095746227,26.13401450102318,77.14031308454871,78.63777284431642,99.74193505624444,101.7685219030837,126.94174215654952,0.0,0.0,0.0,1,1,0.0,0.0,0.0,8c97e1b00383341d,60,8c97e1b00383341d,2,True,0.7071067811865475,0.8681980515339465,0.13180194846605353,0.0,0.0,0.0,6.082420634702476
coarse_pair_hash,a3c56cf8999cc714,6,1,7,6,multi_key_or_feature_law,residual_search_family,TRUE_ROUTE,needs_lean_proof_template,54262,11100,1.0,0.2189218857012628,0.4894701086956522,1.0,3687,7.0,7,25.824797535337296,26.55350143126629,77.69028085233826,80.14326877122132,100.270044197912,103.27966492790512,126.9108135472138,0.0,0.0,0.0,1,1,0.0,0.0,0.0,363b56f082241471,14,c30d4a4f72f9dd16,9,False,0.3333333333333333,0.7000000000000001,0.29999999999999993,0.0,0.0,0.0,2.6453539091394545
mercury_basin_loop,bare_variable_elimination_transfer|bare_variable_transfer|duplication_sensitive_transfer|duplication_sensitive_transfer|left_boundary_transfer|trivialization_escape_obstruction,7,1,7,7,multi_key_or_feature_law,residual_search_family,TRUE_ROUTE,needs_lean_proof_template,58899,10192,1.0,0.2204970236486318,0.4966021955044433,1.0,3716,7.0,7,25.38936682753229,26.0714794734445,77.18721057295697,79.79398528851186,99.36714164449334,102.51156328545984,126.89236736349868,0.0,0.0,0.0,1,1,0.0,0.0,0.0,b49895f08b2466c5,50,c84c2bfb05e95486,6,False,0.4082482904638631,0.7337117307087384,0.2662882692912616,0.0,0.0,0.0,3.296780397361731
named_basin+target_mercury,same_behavior_continuation_route || bare_variable_elimination_transfer|bare_variable_transfer|duplication_sensitive_transfer,7,1,7,7,same_behavior_continuation_route,residual_search_family,TRUE_ROUTE,needs_lean_proof_template,129212,23356,1.0,0.3086082960096842,0.4913301141352063,1.0,8591,6.0,6,25.370510837896827,26.115701352918038,77.08721131753643,78.5279629195803,99.67161670216755,101.64411801052816,126.81054320339123,0.0,0.0,0.0,1,1,0.0,0.0,0.0,dd526713304e09cc,60,8c97e1b00383341d,2,False,0.7071067811865475,0.8681980515339465,0.13180194846605353,0.0,0.0,0.0,6.082420634702476
constructor_family+source_route+target_route,free_variable_separating_countermodel_family || left_boundary_constructor || expansion_pressure,7,1,7,7,multi_key_or_feature_law,free_variable_separating_countermodel_family,FALSE_OBSTRUCTION,needs_finite_countermodel_constructor,187077,27372,1.0,0.2390616142812111,0.4950991189427313,1.0,10102,6.0,6,26.34496888613845,26.422459556523084,75.77426342872971,78.03161460429146,99.17039459500958,101.2553594303175,126.79184805988572,0.0,0.0,0.0,1,1,0.0,0.0,0.0,76248ec564229097,62,fa9cb39310cec3da,3,False,0.5773502691896258,0.8098076211353317,0.19019237886466833,0.0,0.0,0.0,4.837440865250368
route_basin_constructor_loop,left_boundary_constructor|expansion_pressure|new_variable_freedom_obstruction|free_variable_separating_countermodel_family,7,1,7,7,multi_key_or_feature_law,residual_search_family,FALSE_OBSTRUCTION,needs_finite_countermodel_constructor,187077,27372,1.0,0.2398424756592892,0.4930066079295154,1.0,10102,6.0,6,26.34496888613845,26.422459556523084,75.82214001230811,77.997015442054,99.21827117858795,101.22076026808004,126.75724889764824,0.0,0.0,0.0,1,1,0.0,0.0,0.0,7dcfce8725edac03,58,2d944b09ca5b3aff,4,False,0.5,0.775,0.22499999999999998,0.0,0.0,0.0,4.120913721630244
route_basin_constructor_loop,right_boundary_constructor|general_residual_pressure|new_variable_freedom_obstruction|free_variable_separating_countermodel_family,7,1,7,7,multi_key_or_feature_law,residual_search_family,FALSE_OBSTRUCTION,needs_finite_countermodel_constructor,183553,26801,1.0,0.2393300061423605,0.4978656481689507,1.0,9945,6.0,6,26.25157273529996,26.321632569837565,75.65000407088097,77.98341006896025,98.96839653412928,101.16351603351096,126.6809879230248,0.0,0.0,0.0,1,1,0.0,0.0,0.0,f8e51c32b4dc2dde,58,2d944b09ca5b3aff,4,False,0.5,0.775,0.22499999999999998,0.0,0.0,0.0,4.120913721630244
route_basin_constructor_loop,general_residual_pressure|shape_quotient_constructor|mercury_signature_transition_residual|residual_search_family,7,1,7,7,multi_key_or_feature_law,residual_search_family,TRUE_LEANING_RESIDUAL,named_residual_requires_split,82694,13774,0.9313853365470104,0.2432323012400667,0.4331550802139037,0.9210580163877752,5975,7.0,7,26.689324415716904,27.234110726914057,75.98989331511036,78.71293870158935,99.11555585814553,102.19366030944364,126.67695648669805,0.0,0.0,0.0,1,1,0.0,0.0,0.0,8773fb4b481ee03f,66,8773fb4b481ee03f,1,True,1.0,1.0,0.0,0.0,0.0,0.0,9.079441541679836
constructor_family+source_route+target_route,free_variable_separating_countermodel_family || right_boundary_constructor || general_residual_pressure,7,1,7,7,multi_key_or_feature_law,free_variable_separating_countermodel_family,FALSE_OBSTRUCTION,needs_finite_countermodel_constructor,183553,26801,1.0,0.2390331566037179,0.4933722758930576,1.0,9945,6.0,6,26.25157273529996,26.321632569837565,75.63197263385565,77.91281163138834,98.95036509710394,101.09291759593904,126.61038948545288,0.0,0.0,0.0,1,1,0.0,0.0,0.0,64f184e14068b7d2,62,fa9cb39310cec3da,3,False,0.5773502691896258,0.8098076211353317,0.19019237886466833,0.0,0.0,0.0,4.837440865250368
constructor_family+source_route+target_route,residual_search_family || general_residual_pressure || shape_quotient_constructor,7,1,7,7,multi_key_or_feature_law,residual_search_family,TRUE_LEANING_RESIDUAL,named_residual_requires_split,82694,13774,0.9313853365470104,0.2422638169858232,0.4132462686567165,0.9210580163877752,5975,7.0,7,26.689324415716904,27.234110726914057,75.93016652224794,78.55566838069555,99.0558290652831,102.03638998854984,126.51968616580425,0.0,0.0,0.0,1,1,0.0,0.0,0.0,1757b8ff81af17fb,65,1757b8ff81af17fb,1,True,1.0,1.0,0.0,0.0,0.0,0.0,9.079441541679836
route_basin_constructor_loop,left_boundary_constructor|general_residual_pressure|new_variable_freedom_obstruction|free_variable_separating_countermodel_family,7,1,7,7,multi_key_or_feature_law,residual_search_family,FALSE_OBSTRUCTION,needs_finite_countermodel_constructor,184140,27335,1.0,0.2401685454096365,0.4964293941488136,1.0,9820,6.0,6,26.25760288428776,26.37402107102353,75.72103583816464,77.85771563255673,99.03770563680698,100.95530973737688,126.47597449325372,0.0,0.0,0.0,1,1,0.0,0.0,0.0,19f6ad3ebb5ba830,58,2d944b09ca5b3aff,4,False,0.5,0.775,0.22499999999999998,0.0,0.0,0.0,4.120913721630244
transition_signature,general_magma_pressure|general_residual_pressure|duplication_sensitive_transfer|TO|two_sided_boundary_preservation_pressure|boundary_signature_constructor|bare_variable_transfer|duplication_sensitive_transfer|two_sided_anchor_transfer,1,3,3,1,multi_key_or_feature_law,residual_search_family,FALSE_OBSTRUCTION,needs_finite_countermodel_constructor,3780,3780,1.0,0.3718056428375524,0.4966832504145936,1.0,195,8.0,8,24.953355233252317,24.953355233252317,90.40466747542132,90.40466747542132,111.7587412299758,111.7587412299758,126.46222093666648,0.0,0.0,0.0,1,1,0.0,0.0,0.0,b4cb92f6b57dd185,11,ff6de053892901bc,19,False,0.22941573387056174,0.6532370802417529,0.34676291975824713,0.0,0.0,0.0,1.7750026959764467
named_basin+target_route,left_boundary_break_obstruction || expansion_pressure,7,1,7,7,left_boundary_break_obstruction,projection_or_boundary_breaking_table_family,FALSE_OBSTRUCTION,needs_finite_countermodel_constructor,231483,33994,1.0,0.2212993093331677,0.4937916666666666,1.0,12932,6.0,6,27.1885464847381,27.273337011686262,76.25194808263532,76.43758467001706,100.40412147247814,100.67210655650344,126.4215803005517,0.0,0.0,0.0,1,1,0.0,0.0,0.0,ffd076c57cb30f98,2,234d29f04d35419e,7,False,0.3779644730092272,0.7200840128541524,0.27991598714584764,0.0,0.0,0.0,3.031080432746792
named_basin+target_route,right_boundary_break_obstruction || expansion_pressure,7,1,7,7,right_boundary_break_obstruction,projection_or_boundary_breaking_table_family,FALSE_OBSTRUCTION,needs_finite_countermodel_constructor,228954,33623,1.0,0.2225059518438285,0.4981893429901707,1.0,13129,6.0,6,27.153897298822034,27.24227557070215,76.24413950954722,76.45284434501437,100.37784397257428,100.6789659621949,126.41745442727029,0.0,0.0,0.0,1,1,0.0,0.0,0.0,c8ace2ce3a0bbf76,38,25765bcc2a88b0b7,4,False,0.5,0.775,0.22499999999999998,0.0,0.0,0.0,4.120913721630244
named_basin+target_mercury,left_boundary_break_obstruction || bare_variable_transfer|duplication_sensitive_transfer,7,1,7,7,left_boundary_break_obstruction,projection_or_boundary_breaking_table_family,FALSE_OBSTRUCTION,needs_finite_countermodel_constructor,231483,33994,1.0,0.2224385687698343,0.494587589571581,1.0,12932,6.0,6,27.1885464847381,27.273337011686262,76.32301299580605,76.40139442623315,100.47518638564888,100.5935481914357,126.34302193548396,0.0,0.0,0.0,1,1,0.0,0.0,0.0,4e292a59b88c9857,3,0f9292e08557c09d,6,False,0.4082482904638631,0.7337117307087384,0.2662882692912616,0.0,0.0,0.0,3.296780397361731
route_basin_constructor_loop,left_boundary_constructor|expansion_pressure|left_boundary_break_obstruction|projection_or_boundary_breaking_table_family,7,1,7,7,multi_key_or_feature_law,residual_search_family,FALSE_OBSTRUCTION,needs_finite_countermodel_constructor,231483,33994,1.0,0.2214375565494171,0.4949166666666666,1.0,12932,6.0,6,27.1885464847381,27.273337011686262,76.26039099217614,76.46664626236134,100.41256438201896,100.58695252742253,126.33642627147076,0.0,0.0,0.0,1,1,0.0,0.0,0.0,36110d999a8ac4ba,6,5b137c9607628b2e,5,False,0.4472135954999579,0.7512461179749811,0.2487538820250189,0.0,0.0,0.0,3.643294160039365
route_basin_constructor_loop,right_boundary_constructor|expansion_pressure|right_boundary_break_obstruction|projection_or_boundary_breaking_table_family,7,1,7,7,multi_key_or_feature_law,residual_search_family,FALSE_OBSTRUCTION,needs_finite_countermodel_constructor,228954,33623,1.0,0.2213079101458548,0.4955164683566131,1.0,13129,6.0,6,27.153897298822034,27.24227557070215,76.16953892374113,76.3598452137486,100.30324338676816,100.58596683092912,126.32445529600452,0.0,0.0,0.0,1,1,0.0,0.0,0.0,27974846731b7e69,64,27974846731b7e69,1,True,1.0,1.0,0.0,0.0,0.0,0.0,9.079441541679836
constructor_family+source_route+target_route,free_variable_separating_countermodel_family || left_boundary_constructor || general_residual_pressure,7,1,7,7,multi_key_or_feature_law,free_variable_separating_countermodel_family,FALSE_OBSTRUCTION,needs_finite_countermodel_constructor,184140,27335,1.0,0.2390680676264478,0.4948744528910389,1.0,9820,6.0,6,26.25760288428776,26.37402107102353,75.65395397993481,77.70373075036439,98.97062377857716,100.80132485518452,126.32198961106138,0.0,0.0,0.0,1,1,0.0,0.0,0.0,9d02dc6fda46ccd3,63,9d02dc6fda46ccd3,1,True,1.0,1.0,0.0,0.0,0.0,0.0,9.079441541679836
named_basin+target_mercury,right_boundary_break_obstruction || bare_variable_transfer|duplication_sensitive_transfer,7,1,7,7,right_boundary_break_obstruction,projection_or_boundary_breaking_table_family,FALSE_OBSTRUCTION,needs_finite_countermodel_constructor,228954,33623,1.0,0.2212768180360892,0.4954302465942404,1.0,13129,6.0,6,27.153897298822034,27.24227557070215,76.16737948266578,76.32673154262872,100.30108394569284,100.55285315980925,126.29134162488464,0.0,0.0,0.0,1,1,0.0,0.0,0.0,cbbd494290fabcdc,3,0f9292e08557c09d,6,False,0.4082482904638631,0.7337117307087384,0.2662882692912616,0.0,0.0,0.0,3.296780397361731
constructor_family+source_mercury+target_mercury,proof_template_constraint_preservation_family || bare_variable_elimination_transfer|bare_variable_transfer|duplication_sensitive_transfer || duplication_sensitive_transfer|left_boundary_transfer,6,1,7,6,multi_key_or_feature_law,proof_template_constraint_preservation_family,TRUE_ROUTE,needs_lean_proof_template,50776,10192,1.0,0.2205386468939823,0.4964114832535886,1.0,3202,7.0,7,25.407076487539623,26.0714794734445,77.23663887974368,79.97773798805977,99.43248927971142,102.69531598500777,126.26006550542049,0.0,0.0,0.0,1,1,0.0,0.0,0.0,668e077a4cd423ee,35,8111733277d40b92,8,False,0.35355339059327373,0.7090990257669733,0.29090097423302674,0.0,0.0,0.0,2.819235721576728
named_basin+source_mercury,left_boundary_break_obstruction || absorption_model_transfer|bare_variable_transfer|duplication_sensitive_transfer|left_boundary_transfer,7,1,7,7,left_boundary_break_obstruction,projection_or_boundary_breaking_table_family,FALSE_OBSTRUCTION,needs_finite_countermodel_constructor,223917,32767,1.0,0.2220753029159138,0.4958716377255703,1.0,12292,6.0,6,27.07260090728836,27.146691269233013,76.05825756528678,76.3685190901736,100.09815488149412,100.46250870824127,126.17875160902857,0.0,0.0,0.0,1,1,0.0,0.0,0.0,2ee8c4f973ebd994,56,2a8980f478dafa4c,3,False,0.5773502691896258,0.8098076211353317,0.19019237886466833,0.0,0.0,0.0,4.837440865250368
named_basin+source_mercury,right_boundary_break_obstruction || absorption_model_transfer|bare_variable_transfer|duplication_sensitive_transfer|right_boundary_transfer,7,1,7,7,right_boundary_break_obstruction,projection_or_boundary_breaking_table_family,FALSE_OBSTRUCTION,needs_finite_countermodel_constructor,221387,32287,1.0,0.2221746536951263,0.4954112848402447,1.0,12603,6.0,6,27.03566025756748,27.099504691466567,75.98182517759302,76.37844082166613,100.00664368838493,100.31939249629046,126.0242723019354,0.0,0.0,0.0,1,1,0.0,0.0,0.0,a48092181739b578,56,2a8980f478dafa4c,3,False,0.5773502691896258,0.8098076211353317,0.19019237886466833,0.0,0.0,0.0,4.837440865250368
source_constraint,right_boundary_weak_pressure|right_boundary_constructor|duplication_sensitive_transfer|right_boundary_transfer|same_varset_substitution_transfer|shape_preserving_renaming_transfer,6,2,7,6,multi_key_or_feature_law,residual_search_family,FALSE_OBSTRUCTION,needs_finite_countermodel_constructor,11662,2109,0.996837266704029,0.2035366488584888,0.4779411764705883,0.9817708333333334,650,9.0,9,24.48300208382167,24.843775821930414,81.74833531848672,82.9744205482248,102.41122095634644,103.85643182251096,125.89547178447856,0.0,0.0,0.0,1,1,0.0,0.0,0.0,f16712c665b09121,36,fd353ac0ea228f45,3,False,0.5773502691896258,0.8098076211353317,0.19019237886466833,0.0,0.0,0.0,4.837440865250368
transition_signature,right_boundary_weak_pressure|right_boundary_constructor|duplication_sensitive_transfer|right_boundary_transfer|shape_preserving_renaming_transfer|TO|general_magma_pressure|general_residual_pressure|duplication_sensitive_transfer,7,1,7,7,multi_key_or_feature_law,residual_search_family,FALSE_OBSTRUCTION,needs_finite_countermodel_constructor,12144,1952,1.0,0.2104160989884438,0.4886731391585761,1.0,702,9.0,9,24.04946343205291,24.541037473398823,81.24180752432459,82.49023569454431,101.5816266331022,102.89789162072216,125.69977217055762,0.0,0.0,0.0,1,1,0.0,0.0,0.0,9a747197d4ec6864,69,9a747197d4ec6864,1,True,1.0,1.0,0.0,0.0,0.0,0.0,9.079441541679836
transition_signature,right_boundary_weak_pressure|right_boundary_constructor|duplication_sensitive_transfer|right_boundary_transfer|TO|shape_preservation_pressure|shape_quotient_constructor|duplication_sensitive_transfer|shape_preserving_renaming_transfer,7,1,7,7,multi_key_or_feature_law,residual_search_family,FALSE_OBSTRUCTION,needs_finite_countermodel_constructor,12257,1847,1.0,0.2105121751915654,0.4849726775956283,1.0,704,9.0,9,24.087779690991272,24.31042259110636,81.35070403813741,82.14624105468053,101.7241728191945,102.73382309866646,125.54496487111132,0.0,0.0,0.0,1,1,0.0,0.0,0.0,46c7373ec2c1f815,51,6debe5d030ba68f9,3,False,0.5773502691896258,0.8098076211353317,0.19019237886466833,0.0,0.0,0.0,4.837440865250368
source_mercury,duplication_sensitive_transfer|right_boundary_transfer|same_varset_substitution_transfer|shape_preserving_renaming_transfer,6,2,7,6,multi_key_or_feature_law,residual_search_family,FALSE_OBSTRUCTION,needs_finite_countermodel_constructor,11662,2109,0.996837266704029,0.1995027879986945,0.4772727272727273,0.9817708333333334,650,9.0,9,24.48300208382167,24.843775821930414,81.47432222762991,82.61604187923982,102.13720786548964,103.49805315352596,125.5370931154936,0.0,0.0,0.0,1,1,0.0,0.0,0.0,9552b0228305fb62,33,236047460477832d,4,False,0.5,0.775,0.22499999999999998,0.0,0.0,0.0,4.120913721630244
named_basin+source_mercury,left_boundary_break_obstruction || duplication_sensitive_transfer|left_boundary_transfer,7,1,7,7,left_boundary_break_obstruction,projection_or_boundary_breaking_table_family,FALSE_OBSTRUCTION,needs_finite_countermodel_constructor,209536,30781,1.0,0.2225974676487296,0.4936947110860155,1.0,11754,6.0,6,26.8693381362652,26.9581451255285,75.60049648774317,75.85357176829598,99.46566394806504,99.77279624464886,125.422659566777,0.0,0.0,0.0,1,1,0.0,0.0,0.0,92530f1dc858f09d,3,0f9292e08557c09d,6,False,0.4082482904638631,0.7337117307087384,0.2662882692912616,0.0,0.0,0.0,3.296780397361731
transition_signature,left_boundary_weak_pressure|left_boundary_constructor|duplication_sensitive_transfer|left_boundary_transfer|shape_preserving_renaming_transfer|TO|general_magma_pressure|general_residual_pressure|duplication_sensitive_transfer,6,1,6,6,multi_key_or_feature_law,residual_search_family,FALSE_OBSTRUCTION,needs_finite_countermodel_constructor,10466,2004,1.0,0.213660786926581,0.4864130434782608,1.0,585,9.0,9,24.0684764665305,24.640775251092077,81.49561711809703,82.59325378394884,101.83572993108965,103.37139514733518,125.35692862246664,0.0,0.0,0.0,1,1,0.0,0.0,0.0,5ba7de424c718775,26,56c825e7b91a4123,6,False,0.4082482904638631,0.7337117307087384,0.2662882692912616,0.0,0.0,0.0,3.296780397361731
source_constraint,left_boundary_weak_pressure|left_boundary_constructor|duplication_sensitive_transfer|left_boundary_transfer|same_varset_substitution_transfer|shape_preserving_renaming_transfer,5,3,7,5,multi_key_or_feature_law,residual_search_family,FALSE_OBSTRUCTION,needs_finite_countermodel_constructor,9786,2112,0.9978206540406732,0.2056230910188016,0.4743589743589743,0.9853211009174312,516,9.0,9,24.501072556784276,24.81237592433966,82.05696779880142,83.31679583116437,102.72080030620508,104.2482732239898,125.35184412630818,0.0,0.0,0.0,1,1,0.0,0.0,0.0,f6def314478d6937,36,fd353ac0ea228f45,3,False,0.5773502691896258,0.8098076211353317,0.19019237886466833,0.0,0.0,0.0,4.837440865250368
named_basin+target_mercury,mercury_signature_transition_residual || duplication_sensitive_transfer|shape_preserving_renaming_transfer,4,1,7,4,mercury_signature_transition_residual,residual_search_family,TRUE_LEANING_RESIDUAL,named_residual_requires_split,56550,15972,0.9296644295793438,0.2387315402023811,0.4270557029177718,0.9125573131477652,3961,7.0,7,27.32234011532953,27.75727956877217,77.02614810369298,79.66665307869974,100.66555686611063,103.59368380417632,125.32144347064398,0.0,0.0,0.0,1,1,0.0,0.0,0.0,166b32070165a037,1,3d428a4458ca45ab,6,False,0.4082482904638631,0.7337117307087384,0.2662882692912616,0.0,0.0,0.0,3.296780397361731
source_mercury,duplication_sensitive_transfer|left_boundary_transfer|same_varset_substitution_transfer|shape_preserving_renaming_transfer,5,3,7,5,multi_key_or_feature_law,residual_search_family,FALSE_OBSTRUCTION,needs_finite_countermodel_constructor,9786,2112,0.9978206540406732,0.2036996912429018,0.4800884955752211,0.9853211009174312,516,9.0,9,24.501072556784276,24.81237592433966,81.92509592551406,83.27655520844326,102.58892843291773,104.20803260126868,125.31160350358708,0.0,0.0,0.0,1,1,0.0,0.0,0.0,50574754e75057fa,68,50574754e75057fa,1,True,1.0,1.0,0.0,0.0,0.0,0.0,9.079441541679836
named_basin+source_mercury,right_boundary_break_obstruction || duplication_sensitive_transfer|right_boundary_transfer,7,1,7,7,right_boundary_break_obstruction,projection_or_boundary_breaking_table_family,FALSE_OBSTRUCTION,needs_finite_countermodel_constructor,207442,30515,1.0,0.2216374597154415,0.4935974561705053,1.0,11813,6.0,6,26.83821182744348,26.93107071762536,75.46605999455947,75.58485665015881,99.31031893863204,99.47643211923344,125.1162517097537,0.0,0.0,0.0,1,1,0.0,0.0,0.0,857c9a3e714868ee,3,0f9292e08557c09d,6,False,0.4082482904638631,0.7337117307087384,0.2662882692912616,0.0,0.0,0.0,3.296780397361731
constructor_family+source_mercury+target_mercury,projection_or_boundary_breaking_table_family || absorption_model_transfer|bare_variable_transfer|duplication_sensitive_transfer|left_boundary_transfer || bare_variable_transfer|duplication_sensitive_transfer,7,1,7,7,multi_key_or_feature_law,projection_or_boundary_breaking_table_family,FALSE_OBSTRUCTION,needs_finite_countermodel_constructor,73880,10839,1.0,0.1898028512141636,0.4959839357429718,1.0,4038,7.0,7,26.327500926321964,26.4241412184479,77.15742502503952,77.41209614301589,100.08203462323152,100.28360335029534,124.891022028379,0.0,0.0,0.0,1,1,0.0,0.0,0.0,953f73563d8c1f39,67,953f73563d8c1f39,2,True,0.7071067811865475,0.8681980515339465,0.13180194846605353,0.0,0.0,0.0,6.082420634702476
constructor_family+source_mercury+target_mercury,projection_or_boundary_breaking_table_family || absorption_model_transfer|bare_variable_transfer|duplication_sensitive_transfer|right_boundary_transfer || bare_variable_transfer|duplication_sensitive_transfer,7,1,7,7,multi_key_or_feature_law,projection_or_boundary_breaking_table_family,FALSE_OBSTRUCTION,needs_finite_countermodel_constructor,72601,10827,1.0,0.1877246987447721,0.4921367948077882,1.0,4197,7.0,7,26.266879093310184,26.419255685415283,76.87500170340637,77.02595418103932,99.77353528104553,100.05847112928552,124.6484265863275,0.0,0.0,0.0,1,1,0.0,0.0,0.0,f13746c507443a06,67,953f73563d8c1f39,2,False,0.7071067811865475,0.8681980515339465,0.13180194846605353,0.0,0.0,0.0,6.082420634702476
mercury_basin_loop,duplication_sensitive_transfer|absorption_model_transfer|bare_variable_transfer|duplication_sensitive_transfer|right_boundary_transfer|mercury_signature_transition_residual,6,2,7,6,multi_key_or_feature_law,residual_search_family,FALSE_OBSTRUCTION,needs_finite_countermodel_constructor,83909,14534,1.0,0.3646859998818197,0.4939315924972416,1.0,4390,6.0,6,24.40431126013793,24.51600019379913,78.1602948245984,78.64445285190045,99.7616589303774,100.3062783683667,124.37332918850738,0.0,0.0,0.0,1,1,0.0,0.0,0.0,e3811893b0a24015,15,9ef9db4814ac098c,17,False,0.24253562503633297,0.6591410312663499,0.34085896873365007,0.0,0.0,0.0,1.8826989444266198
coarse_pair_hash,1b5190ebd22a479b,7,1,7,7,multi_key_or_feature_law,residual_search_family,FALSE_OBSTRUCTION,needs_finite_countermodel_constructor,16268,2479,1.0,0.28823792226426,0.4916666666666667,1.0,944,8.0,8,23.387879644887068,23.630680454828568,79.87710377132898,80.94132737111097,99.87221639860856,101.1828140134392,124.27703845734756,0.0,0.0,0.0,1,1,0.0,0.0,0.0,ffc732ff6d54f7d8,16,66459d4873da67ca,16,False,0.25,0.6625000000000001,0.3374999999999999,0.0,0.0,0.0,1.9442571875786836
constructor_family+source_mercury+target_mercury,residual_search_family || duplication_sensitive_transfer || absorption_model_transfer|bare_variable_transfer|duplication_sensitive_transfer|right_boundary_transfer,6,2,7,6,multi_key_or_feature_law,residual_search_family,FALSE_OBSTRUCTION,needs_finite_countermodel_constructor,83909,14534,1.0,0.3656118155750933,0.4928282456785583,1.0,4390,6.0,6,24.40431126013793,24.51600019379913,78.21319584404134,78.53452086336512,99.81455994982036,100.19634637983135,124.26339719997203,0.0,0.0,0.0,1,1,0.0,0.0,0.0,de95852204d3050b,41,e39f0f3e12a4c7b0,7,False,0.3779644730092272,0.7200840128541524,0.27991598714584764,0.0,0.0,0.0,3.031080432746792
transition_signature,left_boundary_weak_pressure|left_boundary_constructor|duplication_sensitive_transfer|left_boundary_transfer|TO|shape_preservation_pressure|shape_quotient_constructor|duplication_sensitive_transfer|shape_preserving_renaming_transfer,5,1,6,5,multi_key_or_feature_law,residual_search_family,FALSE_OBSTRUCTION,needs_finite_countermodel_constructor,8913,1986,1.0,0.2109358999274455,0.4930167597765362,1.0,484,9.0,9,24.151601192520378,24.607794945068065,81.54828384393653,82.4403917991334,101.95065438125036,103.1116464073561,124.16582210700288,0.0,0.0,0.0,1,1,0.0,0.0,0.0,bc971bb1c5006b33,74,bc971bb1c5006b33,1,True,1.0,1.0,0.0,0.0,0.0,0.0,9.079441541679836
mercury_basin_loop,duplication_sensitive_transfer|absorption_model_transfer|bare_variable_transfer|duplication_sensitive_transfer|left_boundary_transfer|mercury_signature_transition_residual,6,2,7,6,multi_key_or_feature_law,residual_search_family,FALSE_OBSTRUCTION,needs_finite_countermodel_constructor,83297,14146,1.0,0.3642117463929528,0.4926719278466742,1.0,4497,6.0,6,24.390764817366478,24.449182296760675,78.07455017818305,78.38646700329264,99.67784429854456,100.01987599293436,124.0796065564738,0.0,0.0,0.0,1,1,0.0,0.0,0.0,b61dfd8a08dceded,73,b61dfd8a08dceded,1,True,1.0,1.0,0.0,0.0,0.0,0.0,9.079441541679836
constructor_family+source_mercury+target_mercury,residual_search_family || duplication_sensitive_transfer || absorption_model_transfer|bare_variable_transfer|duplication_sensitive_transfer|left_boundary_transfer,6,2,7,6,multi_key_or_feature_law,residual_search_family,FALSE_OBSTRUCTION,needs_finite_countermodel_constructor,83297,14146,1.0,0.3664549595728807,0.4938861291555215,1.0,4497,6.0,6,24.390764817366478,24.449182296760675,78.20282801628684,78.3786768467729,99.80612213664836,99.97606718662254,124.03579775016198,0.0,0.0,0.0,1,1,0.0,0.0,0.0,98a766f3b3af77c3,41,e39f0f3e12a4c7b0,7,False,0.3779644730092272,0.7200840128541524,0.27991598714584764,0.0,0.0,0.0,3.031080432746792
named_basin+target_route,mercury_signature_transition_residual || shape_quotient_constructor,2,1,6,2,mercury_signature_transition_residual,residual_search_family,TRUE_LEANING_RESIDUAL,named_residual_requires_split,35128,18997,0.9301771581454596,0.2373803856674972,0.4113175675675675,0.9057224348114538,2326,7.0,7,28.044637240406274,28.328679198185927,78.7290502571608,80.40008885894405,102.9592787832028,104.81447501281012,123.4914860397409,0.0,0.0,0.0,1,1,0.0,0.0,0.0,c2ec7517d6e38af1,72,c2ec7517d6e38af1,1,True,1.0,1.0,0.0,0.0,0.0,0.0,9.079441541679836
named_basin+coarse_pair_hash,mercury_signature_transition_residual || 1ecaffc6b5e6ed2c,6,2,7,6,mercury_signature_transition_residual,residual_search_family,FALSE_OBSTRUCTION,needs_finite_countermodel_constructor,76876,13050,1.0,0.3645119611033261,0.4910824108241083,1.0,4257,6.0,6,24.216463363819617,24.26691789959007,77.43480173100913,77.62068620498522,98.87972474764204,99.11694120258498,123.09645396889212,0.0,0.0,0.0,1,1,0.0,0.0,0.0,936852e483924a7f,71,936852e483924a7f,1,True,1.0,1.0,0.0,0.0,0.0,0.0,9.079441541679836
coarse_pair_hash,b86d24af7f5051cc,4,1,7,4,multi_key_or_feature_law,residual_search_family,TRUE_LEANING_RESIDUAL,named_residual_requires_split,17312,4676,0.935586869714322,0.2549901450966705,0.4038461538461538,0.9381120027508594,1545,8.0,8,26.09543890201031,26.445714346109103,78.62983627816372,79.75848810012185,100.99600265204104,102.38181189274744,123.0025504065496,0.0,0.0,0.0,1,1,0.0,0.0,0.0,c272c2b1e7bc005d,0,852abdece0363c9f,12,False,0.2886751345948129,0.6799038105676658,0.3200961894323342,0.0,0.0,0.0,2.266498507123598
constructor_family+source_mercury+target_mercury,residual_search_family || duplication_sensitive_transfer || duplication_sensitive_transfer|shape_preserving_renaming_transfer,5,1,6,5,multi_key_or_feature_law,residual_search_family,TRUE_LEANING_RESIDUAL,named_residual_requires_split,50543,11799,0.934999209061918,0.2457273556607244,0.4236947791164658,0.9214483771263214,3670,7.0,7,26.170416348984407,26.721752855446613,75.1602199752341,77.37068783262231,97.82842187584302,100.39206765475063,122.94580965531176,0.0,0.0,0.0,1,1,0.0,0.0,0.0,511efcfe9f308e20,70,511efcfe9f308e20,2,True,0.7071067811865475,0.8681980515339465,0.13180194846605353,0.0,0.0,0.0,6.082420634702476
coarse_pair_hash,e7ee8b9f2a3f5495,6,1,7,6,multi_key_or_feature_law,residual_search_family,FALSE_OBSTRUCTION,needs_finite_countermodel_constructor,20635,3535,1.0,0.1863878652684379,0.4920634920634921,1.0,1186,8.0,8,24.832128031530942,24.93728755603613,77.28538053833134,78.49273549665693,98.5544851631156,99.69753697387632,122.36188012151744,0.0,0.0,0.0,1,1,0.0,0.0,0.0,cbd6f73792c005e4,16,66459d4873da67ca,16,False,0.25,0.6625000000000001,0.3374999999999999,0.0,0.0,0.0,1.9442571875786836
mercury_basin_loop,duplication_sensitive_transfer|duplication_sensitive_transfer|shape_preserving_renaming_transfer|mercury_signature_transition_residual,4,1,5,4,multi_key_or_feature_law,residual_search_family,TRUE_LEANING_RESIDUAL,named_residual_requires_split,40564,11799,0.9335541992983114,0.2432258669397686,0.431726907630522,0.9216414206926872,2901,7.0,7,26.179078674261916,26.721752855446613,74.91490886383443,77.51784454511863,97.58480822037656,100.53922436724696,121.9619990963247,0.0,0.0,0.0,1,1,0.0,0.0,0.0,3d66b1773a7ead05,70,511efcfe9f308e20,2,False,0.7071067811865475,0.8681980515339465,0.13180194846605353,0.0,0.0,0.0,6.082420634702476
coarse_pair_hash,ae1dcbc1732bd6e7,6,1,7,6,multi_key_or_feature_law,residual_search_family,FALSE_OBSTRUCTION,needs_finite_countermodel_constructor,20655,3540,1.0,0.18618033630022,0.491180981595092,1.0,1161,8.0,8,24.83502693885241,24.94265100082208,77.27918366601493,77.47751215455406,98.539410514356,98.75913874387508,121.42445060223808,0.0,0.0,0.0,1,1,0.0,0.0,0.0,95911845bfe51e1a,16,66459d4873da67ca,16,False,0.25,0.6625000000000001,0.3374999999999999,0.0,0.0,0.0,1.9442571875786836
transition_signature,two_sided_boundary_weak_pressure|boundary_signature_constructor|duplication_sensitive_transfer|two_sided_anchor_transfer|TO|right_boundary_preservation_pressure|right_boundary_constructor|bare_variable_transfer|duplication_sensitive_transfer|right_boundary_transfer,3,1,7,3,multi_key_or_feature_law,residual_search_family,FALSE_OBSTRUCTION,needs_finite_countermodel_constructor,4658,1583,1.0,0.2159047019584516,0.4824414715719064,1.0,276,9.0,9,23.595901718668586,23.67069726982324,80.41437162950314,81.53357357451539,100.37590389055028,101.6087919764535,119.98681989386976,0.0,0.0,0.0,1,1,0.0,0.0,0.0,c7fcdb52314e561c,11,ff6de053892901bc,19,False,0.22941573387056174,0.6532370802417529,0.34676291975824713,0.0,0.0,0.0,1.7750026959764467
coarse_pair_hash,7b8ef78b3b8b1cb2,2,1,3,2,multi_key_or_feature_law,residual_search_family,TRUE_LEANING_RESIDUAL,named_residual_requires_split,7930,4381,0.920527942143594,0.280930257025258,0.4039589442815249,0.9126735333631886,445,8.0,8,24.783714296299365,25.171447865639596,78.11858956141018,80.13047863170355,99.1729883867904,101.44544462663528,118.65506108014873,0.0,0.0,0.0,1,1,0.0,0.0,0.0,15c87ac0808ba81a,0,852abdece0363c9f,12,False,0.2886751345948129,0.6799038105676658,0.3200961894323342,0.0,0.0,0.0,2.266498507123598
transition_signature,two_sided_boundary_weak_pressure|boundary_signature_constructor|duplication_sensitive_transfer|two_sided_anchor_transfer|TO|left_boundary_preservation_pressure|left_boundary_constructor|bare_variable_transfer|duplication_sensitive_transfer|left_boundary_transfer,3,3,6,3,multi_key_or_feature_law,residual_search_family,FALSE_OBSTRUCTION,needs_finite_countermodel_constructor,4689,1609,1.0,0.2039134815470993,0.4574742268041237,1.0,239,9.0,9,23.6279439107606,23.75287817310238,79.69067044417588,80.20145316570505,99.605058975617,100.19446620887662,118.5791258759164,0.0,0.0,0.0,1,1,0.0,0.0,0.0,422f1dcffc4d3e7a,11,ff6de053892901bc,19,False,0.22941573387056174,0.6532370802417529,0.34676291975824713,0.0,0.0,0.0,1.7750026959764467
transition_signature,two_sided_boundary_preservation_pressure|boundary_signature_constructor|bare_variable_transfer|duplication_sensitive_transfer|two_sided_anchor_transfer|TO|right_boundary_preservation_pressure|right_boundary_constructor|bare_variable_transfer|duplication_sensitive_transfer|right_boundary_transfer,3,2,4,3,multi_key_or_feature_law,residual_search_family,FALSE_OBSTRUCTION,needs_finite_countermodel_constructor,4682,1615,1.0,0.2054565418864019,0.4779874213836478,1.0,224,9.0,9,23.604487961682835,23.72566496083582,79.77558343856295,80.14813933822421,99.63768279958522,100.00595525137362,118.38912126615662,0.0,0.0,0.0,1,1,0.0,0.0,0.0,7e1cb3490eb3e560,11,ff6de053892901bc,19,False,0.22941573387056174,0.6532370802417529,0.34676291975824713,0.0,0.0,0.0,1.7750026959764467
coarse_pair_hash,90572416f6f256b4,2,1,7,2,multi_key_or_feature_law,residual_search_family,TRUE_ROUTE,needs_lean_proof_template,4647,2480,0.9957310840592332,0.3133353216582084,0.4870892018779343,0.9913017169654338,230,8.0,8,22.75888862245764,23.01577925026877,81.06182370923054,81.09990749841792,100.4870388585724,100.70888453001412,117.62004342278271,0.0,0.0,0.0,1,1,0.0,0.0,0.0,353af5fc61a4f895,14,c30d4a4f72f9dd16,9,False,0.3333333333333333,0.7000000000000001,0.29999999999999993,0.0,0.0,0.0,2.6453539091394545
transition_signature,two_sided_boundary_preservation_pressure|boundary_signature_constructor|bare_variable_transfer|duplication_sensitive_transfer|two_sided_anchor_transfer|TO|left_boundary_preservation_pressure|left_boundary_constructor|bare_variable_transfer|duplication_sensitive_transfer|left_boundary_transfer,2,6,7,2,multi_key_or_feature_law,residual_search_family,FALSE_OBSTRUCTION,needs_finite_countermodel_constructor,2954,1491,1.0,0.205102759434992,0.4750000000000001,1.0,172,9.0,9,23.376634108972805,23.42860462521944,79.15796846788308,79.31315757166057,98.92286907819104,99.14004079383358,115.62435616701433,0.0,0.0,0.0,1,1,0.0,0.0,0.0,1447f2e8ab785419,11,ff6de053892901bc,19,False,0.22941573387056174,0.6532370802417529,0.34676291975824713,0.0,0.0,0.0,1.7750026959764467
coarse_pair_hash,160bb9fa36db0e34,1,7,7,1,multi_key_or_feature_law,residual_search_family,TRUE_LEANING_RESIDUAL,named_residual_requires_split,4050,4050,0.938909062553816,0.2576204332646292,0.3885350318471338,0.935933147632312,359,8.0,8,26.026451874007137,26.026451874007137,78.46800744166336,78.46800744166336,100.7423462838919,100.7423462838919,115.32260067279124,0.0,0.0,0.0,1,1,0.0,0.0,0.0,c950d8d41f5f839b,0,852abdece0363c9f,12,False,0.2886751345948129,0.6799038105676658,0.3200961894323342,0.0,0.0,0.0,2.266498507123598
constructor_family+source_route+target_route,free_variable_separating_countermodel_family || general_residual_pressure || collapse_to_trivial_or_singleton,2,3,5,2,multi_key_or_feature_law,free_variable_separating_countermodel_family,FALSE_OBSTRUCTION,needs_finite_countermodel_constructor,39191,19616,0.9991064142274436,0.2321420348596731,0.4234482758620689,0.998523622047244,1950,6.0,6,25.40938058223015,25.41151645138444,72.99904388132353,73.0537590231777,95.49225737679402,95.56127541093598,114.62613564373667,0.0,0.0,0.0,1,1,0.0,0.0,0.0,1bbbef3d43f1d225,10,255ffadcb554b68e,3,False,0.5773502691896258,0.8098076211353317,0.19019237886466833,0.0,0.0,0.0,4.837440865250368
coarse_pair_hash,4b4c7a0b8d922500,1,1,1,1,multi_key_or_feature_law,residual_search_family,TRUE_LEANING_RESIDUAL,named_residual_requires_split,2973,2973,0.9711185953098662,0.2774948005978332,0.4512578616352202,0.9591836734693876,196,8.0,8,24.100061391140372,24.100061391140372,79.375140223984,79.375140223984,99.98396764744832,99.98396764744832,114.32491769767633,0.0,0.0,0.0,1,1,0.0,0.0,0.0,280929c2090c10b1,0,852abdece0363c9f,12,False,0.2886751345948129,0.6799038105676658,0.3200961894323342,0.0,0.0,0.0,2.266498507123598
named_basin+target_mercury,new_variable_freedom_obstruction || absorption_model_transfer|bare_variable_transfer|duplication_sensitive_transfer|right_boundary_transfer,1,4,4,1,new_variable_freedom_obstruction,free_variable_separating_countermodel_family,FALSE_LEANING_RESIDUAL,named_residual_requires_split,18967,18967,0.9395300594542384,0.1368703627418247,0.3520942408376963,0.886672710788758,1103,7.0,7,28.18030010931438,28.18030010931438,73.65094443351093,73.65094443351093,97.89249224072184,97.89249224072184,113.86875490363308,0.0,0.0,0.0,1,1,0.0,0.0,0.0,0453338f67402589,9,18cfa3157ae41aca,4,False,0.5,0.775,0.22499999999999998,0.0,0.0,0.0,4.120913721630244
target_mercury,bare_variable_transfer|duplication_sensitive_transfer|same_varset_substitution_transfer|shape_preserving_renaming_transfer,1,2,2,1,multi_key_or_feature_law,residual_search_family,TRUE_ROUTE,needs_lean_proof_template,10059,10059,1.0,0.3673348017967399,0.4900238237045861,1.0,1263,6.0,6,23.022302124431643,23.022302124431643,75.61079053072872,75.61079053072872,96.44853541140584,96.44853541140584,112.13059375785927,0.0,0.0,0.0,1,1,0.0,0.0,0.0,bf6ce4f742d5825b,5,bf6ce4f742d5825b,2,True,0.7071067811865475,0.8681980515339465,0.13180194846605353,0.0,0.0,0.0,6.082420634702476
named_basin+target_mercury,mercury_signature_transition_residual || bare_variable_transfer|duplication_sensitive_transfer|same_varset_substitution_transfer|shape_preserving_renaming_transfer,1,2,2,1,mercury_signature_transition_residual,residual_search_family,TRUE_ROUTE,needs_lean_proof_template,10031,10031,1.0,0.3660457242986417,0.4914772727272727,1.0,1259,6.0,6,23.00935847305915,23.00935847305915,75.51666270913209,75.51666270913209,96.34311506389922,96.34311506389922,112.02238622957164,0.0,0.0,0.0,1,1,0.0,0.0,0.0,ea8a48f50b0b2c76,8,ea8a48f50b0b2c76,1,True,1.0,1.0,0.0,0.0,0.0,0.0,9.079441541679836
target_forced_behavior,identity_tautology_pressure,1,2,2,1,multi_key_or_feature_law,residual_search_family,TRUE_ROUTE,needs_lean_proof_template,10059,10059,1.0,0.3650559574510312,0.4882370458606313,1.0,1263,6.0,6,23.022302124431643,23.022302124431643,75.48477514499503,75.48477514499503,96.32252002567216,96.32252002567216,112.0045783721256,0.0,0.0,0.0,1,1,0.0,0.0,0.0,d2283bcd87e8e518,7,d2283bcd87e8e518,1,True,1.0,1.0,0.0,0.0,0.0,0.0,9.079441541679836
route_basin_constructor_loop,right_boundary_constructor|general_residual_pressure|right_boundary_break_obstruction|projection_or_boundary_breaking_table_family,1,2,2,1,multi_key_or_feature_law,residual_search_family,FALSE_OBSTRUCTION,needs_finite_countermodel_constructor,20150,20150,1.0,0.2244853209720466,0.4916561314791402,1.0,1169,6.0,6,25.677264947502064,25.677264947502064,72.81531164395423,72.81531164395423,95.60563986847669,95.60563986847669,111.98238496521138,0.0,0.0,0.0,1,1,0.0,0.0,0.0,472edded05586de1,6,5b137c9607628b2e,5,False,0.4472135954999579,0.7512461179749811,0.2487538820250189,0.0,0.0,0.0,3.643294160039365
route_basin_constructor_loop,left_boundary_constructor|general_residual_pressure|left_boundary_break_obstruction|projection_or_boundary_breaking_table_family,1,2,2,1,multi_key_or_feature_law,residual_search_family,FALSE_OBSTRUCTION,needs_finite_countermodel_constructor,20129,20129,1.0,0.2234397136520909,0.4856110547667343,1.0,1125,6.0,6,25.66863312316792,25.66863312316792,72.74547959915515,72.74547959915515,95.5101678458809,95.5101678458809,111.88587026731446,0.0,0.0,0.0,1,1,0.0,0.0,0.0,d86aca9a8eb13c5c,6,5b137c9607628b2e,5,False,0.4472135954999579,0.7512461179749811,0.2487538820250189,0.0,0.0,0.0,3.643294160039365
target_constraint,identity_tautology_pressure|general_residual_pressure|bare_variable_transfer|duplication_sensitive_transfer|same_varset_substitution_transfer|shape_preserving_renaming_transfer,1,2,2,1,multi_key_or_feature_law,residual_search_family,TRUE_ROUTE,needs_lean_proof_template,10059,10059,1.0,0.3625429487081715,0.4825059808612441,1.0,1263,6.0,6,23.022302124431643,23.022302124431643,75.34581095172753,75.34581095172753,96.18355583240464,96.18355583240464,111.8656141788581,0.0,0.0,0.0,1,1,0.0,0.0,0.0,1b7ace61b0ac3016,5,bf6ce4f742d5825b,2,False,0.7071067811865475,0.8681980515339465,0.13180194846605353,0.0,0.0,0.0,6.082420634702476
route_basin_constructor_loop,general_residual_pressure|collapse_to_trivial_or_singleton|new_variable_freedom_obstruction|free_variable_separating_countermodel_family,1,5,5,1,multi_key_or_feature_law,residual_search_family,FALSE_OBSTRUCTION,needs_finite_countermodel_constructor,19616,19616,0.9991086682156674,0.2320106895428698,0.4189925119128659,1.0,934,6.0,6,25.41151645138444,25.41151645138444,72.99915964917663,72.99915964917663,95.47807025235932,95.47807025235932,111.82795797138844,0.0,0.0,0.0,1,1,0.0,0.0,0.0,ab00302a1d185058,4,a05f2862fda06cd0,3,False,0.5773502691896258,0.8098076211353317,0.19019237886466833,0.0,0.0,0.0,4.837440865250368
named_basin+target_mercury,right_boundary_break_obstruction || duplication_sensitive_transfer,1,2,2,1,right_boundary_break_obstruction,projection_or_boundary_breaking_table_family,FALSE_OBSTRUCTION,needs_finite_countermodel_constructor,20114,20114,1.0,0.2219725106215357,0.4940491263611041,1.0,1165,6.0,6,25.672559659475017,25.672559659475017,72.65277460073064,72.65277460073064,95.43786152879213,95.43786152879213,111.81281851597574,0.0,0.0,0.0,1,1,0.0,0.0,0.0,16066b6d685a3bbe,3,0f9292e08557c09d,6,False,0.4082482904638631,0.7337117307087384,0.2662882692912616,0.0,0.0,0.0,3.296780397361731
named_basin+target_route,left_boundary_break_obstruction || general_residual_pressure,1,2,2,1,left_boundary_break_obstruction,projection_or_boundary_breaking_table_family,FALSE_OBSTRUCTION,needs_finite_countermodel_constructor,20129,20129,1.0,0.221545607535654,0.4835192697768763,1.0,1125,6.0,6,25.66863312316792,25.66863312316792,72.63285642997538,72.63285642997538,95.39754467670112,95.39754467670112,111.77324709813468,0.0,0.0,0.0,1,1,0.0,0.0,0.0,291afca5bb67f20f,2,234d29f04d35419e,7,False,0.3779644730092272,0.7200840128541524,0.27991598714584764,0.0,0.0,0.0,3.031080432746792
named_basin+target_mercury,mercury_signature_transition_residual || duplication_sensitive_transfer|shape_preserving_renaming_transfer|two_sided_anchor_transfer,1,3,3,1,mercury_signature_transition_residual,residual_search_family,TRUE_LEANING_RESIDUAL,named_residual_requires_split,7625,7625,0.9414613336973586,0.2561515994357609,0.3968063186813186,0.9241935483870968,620,7.0,7,25.13026508137345,25.13026508137345,74.00260477131121,74.00260477131121,95.82220092907346,95.82220092907346,110.99983621745196,0.0,0.0,0.0,1,1,0.0,0.0,0.0,2979b5aaa93968b6,1,3d428a4458ca45ab,6,False,0.4082482904638631,0.7337117307087384,0.2662882692912616,0.0,0.0,0.0,3.296780397361731
coarse_pair_hash,7157ca4a347de51b,1,3,3,1,multi_key_or_feature_law,residual_search_family,TRUE_LEANING_RESIDUAL,named_residual_requires_split,2600,2600,0.9394638194703469,0.2811597817978365,0.4105555555555555,0.9476439790575916,191,8.0,8,23.223575890110176,23.223575890110176,75.71773051205335,75.71773051205335,95.6265293467486,95.6265293467486,109.79884845216976,0.0,0.0,0.0,1,1,0.0,0.0,0.0,b4aa7d10fce78ba0,0,852abdece0363c9f,12,False,0.2886751345948129,0.6799038105676658,0.3200961894323342,0.0,0.0,0.0,2.266498507123598
